Building bootstrap
running: /Users/girivs/src/rust-tantraos/build/aarch64-apple-darwin/stage0/bin/cargo build --manifest-path /Users/girivs/src/rust-tantraos/src/bootstrap/Cargo.toml -Zroot-dir=/Users/girivs/src/rust-tantraos --verbose
       Fresh unicode-ident v1.0.13
       Fresh memchr v2.7.4
       Fresh version_check v0.9.5
       Fresh shlex v1.3.0
       Fresh pkg-config v0.3.31
       Fresh anstyle v1.0.10
       Fresh clap_lex v0.7.2
       Fresh regex-syntax v0.8.5
       Fresh heck v0.5.0
       Fresh proc-macro2 v1.0.89
       Fresh cc v1.2.28
       Fresh aho-corasick v1.1.3
       Fresh cfg-if v1.0.0
       Fresh clap_builder v4.5.20
       Fresh bstr v1.10.0
       Fresh same-file v1.0.6
       Fresh log v0.4.22
       Fresh quote v1.0.37
       Fresh libc v0.2.174
       Fresh typenum v1.17.0
       Fresh crossbeam-utils v0.8.20
       Fresh serde v1.0.215
       Fresh regex-automata v0.4.9
       Fresh walkdir v2.5.0
       Fresh itoa v1.0.11
       Fresh ryu v1.0.18
       Fresh syn v2.0.87
       Fresh generic-array v0.14.7
       Fresh crossbeam-epoch v0.9.18
       Fresh cpufeatures v0.2.15
       Fresh globset v0.4.15
       Fresh filetime v0.2.26
       Fresh serde_json v1.0.132
       Fresh toml v0.5.11
       Fresh cmake v0.1.54
       Fresh object v0.36.5
       Fresh opener v0.8.2
       Fresh block-buffer v0.10.4
       Fresh crypto-common v0.1.6
       Fresh clap_derive v4.5.18
       Fresh serde_derive v1.0.215
       Fresh crossbeam-deque v0.8.5
       Fresh lzma-sys v0.1.20
       Fresh semver v1.0.23
       Fresh tar v0.4.44
       Fresh termcolor v1.4.1
       Fresh home v0.5.11
       Fresh digest v0.10.7
       Fresh clap v4.5.20
       Fresh build_helper v0.1.0 (/Users/girivs/src/rust-tantraos/src/build_helper)
       Fresh xz2 v0.1.7
       Fresh ignore v0.4.23
       Fresh sha2 v0.10.8
       Fresh clap_complete v4.5.37
       Fresh bootstrap v0.0.0 (/Users/girivs/src/rust-tantraos/src/bootstrap)
    Finished `dev` profile [unoptimized] target(s) in 0.09s
running: /Users/girivs/src/rust-tantraos/build/bootstrap/debug/bootstrap build library --target aarch64-tantraos --stage 1
WARNING: setting `optimize` to `false` is known to cause errors and should be considered unsupported. Refer to `bootstrap.example.toml` for more details.
downloading stage0 beta artifacts
running: "/Users/girivs/src/rust-tantraos/build/aarch64-apple-darwin/stage0/bin/rustc" "--print" "sysroot" (failure_mode=Exit) (created at src/bootstrap/src/core/config/config.rs:697:13, executed at src/bootstrap/src/core/config/config.rs:700:18)
downloading stage0 beta artifacts
Cache hit: cd "/Users/girivs/src/rust-tantraos" && env -u GIT_ALTERNATE_OBJECT_DIRECTORIES -u GIT_DIR -u GIT_INDEX_FILE -u GIT_OBJECT_DIRECTORY -u GIT_WORK_TREE "git" "rev-parse" (failure_mode=Ignore)
Cache hit: cd "/Users/girivs/src/rust-tantraos" && env -u GIT_ALTERNATE_OBJECT_DIRECTORIES -u GIT_DIR -u GIT_INDEX_FILE -u GIT_OBJECT_DIRECTORY -u GIT_WORK_TREE "git" "log" "-1" "--date=short" "--pretty=format:%cd" (failure_mode=Exit)
Cache hit: cd "/Users/girivs/src/rust-tantraos" && env -u GIT_ALTERNATE_OBJECT_DIRECTORIES -u GIT_DIR -u GIT_INDEX_FILE -u GIT_OBJECT_DIRECTORY -u GIT_WORK_TREE "git" "rev-parse" "HEAD" (failure_mode=Exit)
Cache hit: cd "/Users/girivs/src/rust-tantraos" && env -u GIT_ALTERNATE_OBJECT_DIRECTORIES -u GIT_DIR -u GIT_INDEX_FILE -u GIT_OBJECT_DIRECTORY -u GIT_WORK_TREE "git" "rev-parse" "--short=9" "HEAD" (failure_mode=Exit)
running: cd "/Users/girivs/src/rust-tantraos/src/llvm-project" && env -u GIT_ALTERNATE_OBJECT_DIRECTORIES -u GIT_DIR -u GIT_INDEX_FILE -u GIT_OBJECT_DIRECTORY -u GIT_WORK_TREE "git" "rev-parse" (failure_mode=Ignore) (created at src/bootstrap/src/utils/channel.rs:47:31, executed at src/bootstrap/src/utils/channel.rs:49:50)
running: cd "/Users/girivs/src/rust-tantraos/src/llvm-project" && env -u GIT_ALTERNATE_OBJECT_DIRECTORIES -u GIT_DIR -u GIT_INDEX_FILE -u GIT_OBJECT_DIRECTORY -u GIT_WORK_TREE "git" "log" "-1" "--date=short" "--pretty=format:%cd" (failure_mode=Exit) (created at src/bootstrap/src/utils/channel.rs:63:31, executed at src/bootstrap/src/utils/channel.rs:70:14)
running: cd "/Users/girivs/src/rust-tantraos/src/llvm-project" && env -u GIT_ALTERNATE_OBJECT_DIRECTORIES -u GIT_DIR -u GIT_INDEX_FILE -u GIT_OBJECT_DIRECTORY -u GIT_WORK_TREE "git" "rev-parse" "HEAD" (failure_mode=Exit) (created at src/bootstrap/src/utils/channel.rs:72:32, executed at src/bootstrap/src/utils/channel.rs:77:14)
running: cd "/Users/girivs/src/rust-tantraos/src/llvm-project" && env -u GIT_ALTERNATE_OBJECT_DIRECTORIES -u GIT_DIR -u GIT_INDEX_FILE -u GIT_OBJECT_DIRECTORY -u GIT_WORK_TREE "git" "rev-parse" "--short=9" "HEAD" (failure_mode=Exit) (created at src/bootstrap/src/utils/channel.rs:79:38, executed at src/bootstrap/src/utils/channel.rs:85:14)
WARNING: The `change-id` is missing in the `bootstrap.toml`. This means that you will not be able to track the major changes made to the bootstrap configurations.
NOTE: to silence this warning, add `change-id = 146435` or `change-id = "ignore"` at the top of `bootstrap.toml`
running: "/Users/girivs/src/rust-tantraos/build/aarch64-apple-darwin/stage0/bin/rustc" "--print" "target-libdir" (failure_mode=Exit) (created at src/bootstrap/src/lib.rs:485:37, executed at src/bootstrap/src/lib.rs:488:14)
running: "/Users/girivs/src/rust-tantraos/build/aarch64-apple-darwin/stage0/bin/rustc" "--version" "--verbose" (failure_mode=Exit) (created at src/bootstrap/src/lib.rs:595:37, executed at src/bootstrap/src/lib.rs:598:14)
finding compilers
CC_aarch64-tantraos = "clang"
CFLAGS_aarch64-tantraos = ["-ffunction-sections", "-fdata-sections", "-fPIC", "--target=aarch64-unknown-tantraos"]
CXX_aarch64-tantraos = "clang++"
CXXFLAGS_aarch64-tantraos = ["-ffunction-sections", "-fdata-sections", "-fPIC", "--target=aarch64-unknown-tantraos"]
AR_aarch64-tantraos = "ar"
CC_aarch64-apple-darwin = "cc"
CFLAGS_aarch64-apple-darwin = ["-ffunction-sections", "-fdata-sections", "-fPIC", "--target=arm64-apple-macosx", "-mmacosx-version-min=26.0"]
CXX_aarch64-apple-darwin = "c++"
CXXFLAGS_aarch64-apple-darwin = ["-ffunction-sections", "-fdata-sections", "-fPIC", "--target=arm64-apple-macosx", "-mmacosx-version-min=26.0", "-stdlib=libc++"]
AR_aarch64-apple-darwin = "ar"
running sanity check
running: "/Users/girivs/src/rust-tantraos/build/aarch64-apple-darwin/libcxx-version/libcxx-version" (failure_mode=Exit) (created at src/bootstrap/src/core/build_steps/tool.rs:1265:30, executed at src/bootstrap/src/core/build_steps/tool.rs:1265:50)
running: "/Users/girivs/src/rust-tantraos/build/aarch64-apple-darwin/stage0/bin/rustc" "--print" "target-list" (failure_mode=Exit) (created at src/bootstrap/src/core/sanity.rs:205:57, executed at src/bootstrap/src/core/sanity.rs:208:10)
running: cd "/Users/girivs/src/rust-tantraos/library/backtrace" && env -u GIT_ALTERNATE_OBJECT_DIRECTORIES -u GIT_DIR -u GIT_INDEX_FILE -u GIT_OBJECT_DIRECTORY -u GIT_WORK_TREE "git" "rev-parse" (failure_mode=Ignore) (created at src/bootstrap/src/utils/channel.rs:47:31, executed at src/bootstrap/src/utils/channel.rs:49:50)
running: cd "/Users/girivs/src/rust-tantraos/library/backtrace" && env -u GIT_ALTERNATE_OBJECT_DIRECTORIES -u GIT_DIR -u GIT_INDEX_FILE -u GIT_OBJECT_DIRECTORY -u GIT_WORK_TREE "git" "log" "-1" "--date=short" "--pretty=format:%cd" (failure_mode=Exit) (created at src/bootstrap/src/utils/channel.rs:63:31, executed at src/bootstrap/src/utils/channel.rs:70:14)
running: cd "/Users/girivs/src/rust-tantraos/library/backtrace" && env -u GIT_ALTERNATE_OBJECT_DIRECTORIES -u GIT_DIR -u GIT_INDEX_FILE -u GIT_OBJECT_DIRECTORY -u GIT_WORK_TREE "git" "rev-parse" "HEAD" (failure_mode=Exit) (created at src/bootstrap/src/utils/channel.rs:72:32, executed at src/bootstrap/src/utils/channel.rs:77:14)
running: cd "/Users/girivs/src/rust-tantraos/library/backtrace" && env -u GIT_ALTERNATE_OBJECT_DIRECTORIES -u GIT_DIR -u GIT_INDEX_FILE -u GIT_OBJECT_DIRECTORY -u GIT_WORK_TREE "git" "rev-parse" "--short=9" "HEAD" (failure_mode=Exit) (created at src/bootstrap/src/utils/channel.rs:79:38, executed at src/bootstrap/src/utils/channel.rs:85:14)
Cache hit: cd "/Users/girivs/src/rust-tantraos/library/backtrace" && env -u GIT_ALTERNATE_OBJECT_DIRECTORIES -u GIT_DIR -u GIT_INDEX_FILE -u GIT_OBJECT_DIRECTORY -u GIT_WORK_TREE "git" "rev-parse" "HEAD" (failure_mode=Exit)
running: cd "/Users/girivs/src/rust-tantraos" && env -u GIT_ALTERNATE_OBJECT_DIRECTORIES -u GIT_DIR -u GIT_INDEX_FILE -u GIT_OBJECT_DIRECTORY -u GIT_WORK_TREE "git" "ls-tree" "HEAD" "library/backtrace" (failure_mode=Exit) (created at src/bootstrap/src/core/config/config.rs:2263:20, executed at src/bootstrap/src/core/config/config.rs:2267:10)
running: cd "/Users/girivs/src/rust-tantraos" && env -u GIT_ALTERNATE_OBJECT_DIRECTORIES -u GIT_DIR -u GIT_INDEX_FILE -u GIT_OBJECT_DIRECTORY -u GIT_WORK_TREE "git" "config" "--file" ".gitmodules" "--get-regexp" "path" (failure_mode=Exit) (created at src/bootstrap/src/lib.rs:715:22, executed at src/bootstrap/src/lib.rs:719:14)
running: cd "src/llvm-project" && env -u GIT_ALTERNATE_OBJECT_DIRECTORIES -u GIT_DIR -u GIT_INDEX_FILE -u GIT_OBJECT_DIRECTORY -u GIT_WORK_TREE "git" "rev-parse" (failure_mode=Ignore) (created at src/bootstrap/src/utils/channel.rs:47:31, executed at src/bootstrap/src/utils/channel.rs:49:50)
running: cd "library/backtrace" && env -u GIT_ALTERNATE_OBJECT_DIRECTORIES -u GIT_DIR -u GIT_INDEX_FILE -u GIT_OBJECT_DIRECTORY -u GIT_WORK_TREE "git" "rev-parse" (failure_mode=Ignore) (created at src/bootstrap/src/utils/channel.rs:47:31, executed at src/bootstrap/src/utils/channel.rs:49:50)
running: cd "library/backtrace" && env -u GIT_ALTERNATE_OBJECT_DIRECTORIES -u GIT_DIR -u GIT_INDEX_FILE -u GIT_OBJECT_DIRECTORY -u GIT_WORK_TREE "git" "log" "-1" "--date=short" "--pretty=format:%cd" (failure_mode=Exit) (created at src/bootstrap/src/utils/channel.rs:63:31, executed at src/bootstrap/src/utils/channel.rs:70:14)
running: cd "src/llvm-project" && env -u GIT_ALTERNATE_OBJECT_DIRECTORIES -u GIT_DIR -u GIT_INDEX_FILE -u GIT_OBJECT_DIRECTORY -u GIT_WORK_TREE "git" "log" "-1" "--date=short" "--pretty=format:%cd" (failure_mode=Exit) (created at src/bootstrap/src/utils/channel.rs:63:31, executed at src/bootstrap/src/utils/channel.rs:70:14)
running: cd "library/backtrace" && env -u GIT_ALTERNATE_OBJECT_DIRECTORIES -u GIT_DIR -u GIT_INDEX_FILE -u GIT_OBJECT_DIRECTORY -u GIT_WORK_TREE "git" "rev-parse" "HEAD" (failure_mode=Exit) (created at src/bootstrap/src/utils/channel.rs:72:32, executed at src/bootstrap/src/utils/channel.rs:77:14)
running: cd "src/llvm-project" && env -u GIT_ALTERNATE_OBJECT_DIRECTORIES -u GIT_DIR -u GIT_INDEX_FILE -u GIT_OBJECT_DIRECTORY -u GIT_WORK_TREE "git" "rev-parse" "HEAD" (failure_mode=Exit) (created at src/bootstrap/src/utils/channel.rs:72:32, executed at src/bootstrap/src/utils/channel.rs:77:14)
running: cd "library/backtrace" && env -u GIT_ALTERNATE_OBJECT_DIRECTORIES -u GIT_DIR -u GIT_INDEX_FILE -u GIT_OBJECT_DIRECTORY -u GIT_WORK_TREE "git" "rev-parse" "--short=9" "HEAD" (failure_mode=Exit) (created at src/bootstrap/src/utils/channel.rs:79:38, executed at src/bootstrap/src/utils/channel.rs:85:14)
running: cd "src/llvm-project" && env -u GIT_ALTERNATE_OBJECT_DIRECTORIES -u GIT_DIR -u GIT_INDEX_FILE -u GIT_OBJECT_DIRECTORY -u GIT_WORK_TREE "git" "rev-parse" "--short=9" "HEAD" (failure_mode=Exit) (created at src/bootstrap/src/utils/channel.rs:79:38, executed at src/bootstrap/src/utils/channel.rs:85:14)
Cache hit: cd "/Users/girivs/src/rust-tantraos/library/backtrace" && env -u GIT_ALTERNATE_OBJECT_DIRECTORIES -u GIT_DIR -u GIT_INDEX_FILE -u GIT_OBJECT_DIRECTORY -u GIT_WORK_TREE "git" "rev-parse" (failure_mode=Ignore)
Cache hit: cd "/Users/girivs/src/rust-tantraos/library/backtrace" && env -u GIT_ALTERNATE_OBJECT_DIRECTORIES -u GIT_DIR -u GIT_INDEX_FILE -u GIT_OBJECT_DIRECTORY -u GIT_WORK_TREE "git" "log" "-1" "--date=short" "--pretty=format:%cd" (failure_mode=Exit)
Cache hit: cd "/Users/girivs/src/rust-tantraos/library/backtrace" && env -u GIT_ALTERNATE_OBJECT_DIRECTORIES -u GIT_DIR -u GIT_INDEX_FILE -u GIT_OBJECT_DIRECTORY -u GIT_WORK_TREE "git" "rev-parse" "HEAD" (failure_mode=Exit)
Cache hit: cd "/Users/girivs/src/rust-tantraos/library/backtrace" && env -u GIT_ALTERNATE_OBJECT_DIRECTORIES -u GIT_DIR -u GIT_INDEX_FILE -u GIT_OBJECT_DIRECTORY -u GIT_WORK_TREE "git" "rev-parse" "--short=9" "HEAD" (failure_mode=Exit)
Cache hit: cd "/Users/girivs/src/rust-tantraos/src/llvm-project" && env -u GIT_ALTERNATE_OBJECT_DIRECTORIES -u GIT_DIR -u GIT_INDEX_FILE -u GIT_OBJECT_DIRECTORY -u GIT_WORK_TREE "git" "rev-parse" (failure_mode=Ignore)
Cache hit: cd "/Users/girivs/src/rust-tantraos/library/backtrace" && env -u GIT_ALTERNATE_OBJECT_DIRECTORIES -u GIT_DIR -u GIT_INDEX_FILE -u GIT_OBJECT_DIRECTORY -u GIT_WORK_TREE "git" "rev-parse" "HEAD" (failure_mode=Exit)
Cache hit: cd "/Users/girivs/src/rust-tantraos/src/llvm-project" && env -u GIT_ALTERNATE_OBJECT_DIRECTORIES -u GIT_DIR -u GIT_INDEX_FILE -u GIT_OBJECT_DIRECTORY -u GIT_WORK_TREE "git" "log" "-1" "--date=short" "--pretty=format:%cd" (failure_mode=Exit)
Cache hit: cd "/Users/girivs/src/rust-tantraos" && env -u GIT_ALTERNATE_OBJECT_DIRECTORIES -u GIT_DIR -u GIT_INDEX_FILE -u GIT_OBJECT_DIRECTORY -u GIT_WORK_TREE "git" "ls-tree" "HEAD" "library/backtrace" (failure_mode=Exit)
Cache hit: cd "/Users/girivs/src/rust-tantraos/src/llvm-project" && env -u GIT_ALTERNATE_OBJECT_DIRECTORIES -u GIT_DIR -u GIT_INDEX_FILE -u GIT_OBJECT_DIRECTORY -u GIT_WORK_TREE "git" "rev-parse" "HEAD" (failure_mode=Exit)
Cache hit: cd "/Users/girivs/src/rust-tantraos/src/llvm-project" && env -u GIT_ALTERNATE_OBJECT_DIRECTORIES -u GIT_DIR -u GIT_INDEX_FILE -u GIT_OBJECT_DIRECTORY -u GIT_WORK_TREE "git" "rev-parse" "--short=9" "HEAD" (failure_mode=Exit)
Cache hit: cd "/Users/girivs/src/rust-tantraos/src/llvm-project" && env -u GIT_ALTERNATE_OBJECT_DIRECTORIES -u GIT_DIR -u GIT_INDEX_FILE -u GIT_OBJECT_DIRECTORY -u GIT_WORK_TREE "git" "rev-parse" "HEAD" (failure_mode=Exit)
running: cd "/Users/girivs/src/rust-tantraos" && env -u GIT_ALTERNATE_OBJECT_DIRECTORIES -u GIT_DIR -u GIT_INDEX_FILE -u GIT_OBJECT_DIRECTORY -u GIT_WORK_TREE "git" "ls-tree" "HEAD" "src/llvm-project" (failure_mode=Exit) (created at src/bootstrap/src/core/config/config.rs:2263:20, executed at src/bootstrap/src/core/config/config.rs:2267:10)
learning about cargo
running: RUSTC_BOOTSTRAP="1" "/Users/girivs/src/rust-tantraos/build/aarch64-apple-darwin/stage0/bin/cargo" "metadata" "--format-version" "1" "--no-deps" "--manifest-path" "/Users/girivs/src/rust-tantraos/Cargo.toml" (failure_mode=Exit) (created at src/bootstrap/src/core/metadata.rs:80:25, executed at src/bootstrap/src/core/metadata.rs:91:54)
running: RUSTC_BOOTSTRAP="1" "/Users/girivs/src/rust-tantraos/build/aarch64-apple-darwin/stage0/bin/cargo" "metadata" "--format-version" "1" "--no-deps" "--manifest-path" "/Users/girivs/src/rust-tantraos/library/Cargo.toml" (failure_mode=Exit) (created at src/bootstrap/src/core/metadata.rs:80:25, executed at src/bootstrap/src/core/metadata.rs:91:54)
Removing sysroot /Users/girivs/src/rust-tantraos/build/aarch64-apple-darwin/stage1 to avoid caching bugs
LLVM freshness: LastModifiedUpstream { upstream: "9d82de19dfae60e55c291f5f28e28cfc2c1b9630" }
Removing sysroot /Users/girivs/src/rust-tantraos/build/aarch64-apple-darwin/stage0-sysroot to avoid caching bugs
running: "/Users/girivs/src/rust-tantraos/build/aarch64-apple-darwin/stage0/bin/rustc" "--print" "sysroot" (failure_mode=Exit) (created at src/bootstrap/src/lib.rs:1079:13, executed at src/bootstrap/src/lib.rs:1082:18)
LLVM freshness: LastModifiedUpstream { upstream: "9d82de19dfae60e55c291f5f28e28cfc2c1b9630" }
running: cd "/Users/girivs/src/rust-tantraos" && env -u MAKEFLAGS -u MFLAGS CARGO_BUILD_BUILD_DIR="/Users/girivs/src/rust-tantraos/build/aarch64-apple-darwin/stage1-rustc" CARGO_INCREMENTAL="0" CARGO_LOG="cargo::core::compiler::fingerprint=info" CARGO_PROFILE_DEV_CODEGEN_UNITS="16" CARGO_PROFILE_DEV_DEBUG="0" CARGO_PROFILE_DEV_DEBUG_ASSERTIONS="false" CARGO_PROFILE_DEV_OVERFLOW_CHECKS="false" CARGO_PROFILE_DEV_STRIP="false" CARGO_TARGET_AARCH64_APPLE_DARWIN_LINKER="" CARGO_TARGET_DIR="/Users/girivs/src/rust-tantraos/build/aarch64-apple-darwin/stage1-rustc" CC_aarch64_apple_darwin="" CFG_COMPILER_BUILD_TRIPLE="aarch64-apple-darwin" CFG_COMPILER_HOST_TRIPLE="aarch64-apple-darwin" CFG_DEFAULT_CODEGEN_BACKEND="llvm" CFG_LIBDIR_RELATIVE="lib" CFG_RELEASE="1.92.0-nightly" CFG_RELEASE_CHANNEL="nightly" CFG_VERSION="1.92.0-nightly (36e56c065 2025-09-17)" CFG_VER_DATE="2025-09-17" CFG_VER_HASH="36e56c0655bf99db6a4a41eaa15cdd8ef0f43810" CFLAGS_aarch64_apple_darwin="" CXXFLAGS_aarch64_apple_darwin="-stdlib=libc++" CXX_aarch64_apple_darwin="" LIBC_CHECK_CFG="1" LLVM_CONFIG="/Users/girivs/src/rust-tantraos/build/aarch64-apple-darwin/ci-llvm/bin/llvm-config" LLVM_RUSTLLVM="1" REAL_LIBRARY_PATH_VAR="DYLD_LIBRARY_PATH" RUSTBUILD_NATIVE_DIR="/Users/girivs/src/rust-tantraos/build/aarch64-apple-darwin/native" RUSTC="/Users/girivs/src/rust-tantraos/build/bootstrap/debug/rustc" RUSTC_BOOTSTRAP="1" RUSTC_BREAK_ON_ICE="1" RUSTC_ERROR_METADATA_DST="/Users/girivs/src/rust-tantraos/build/tmp/extended-error-metadata" RUSTC_FORCE_UNSTABLE="1" RUSTC_HOST_FLAGS="--check-cfg=cfg(bootstrap) --cfg=bootstrap -Clinker=" RUSTC_INSTALL_BINDIR="bin" RUSTC_LIBDIR="/Users/girivs/src/rust-tantraos/build/aarch64-apple-darwin/stage0/lib" RUSTC_LINK_STD_INTO_RUSTC_DRIVER="1" RUSTC_LINT_FLAGS="-Wrust_2018_idioms -Wunused_lifetimes -Dwarnings -Wrustc::internal -Drustc::symbol_intern_string_literal -Wkeyword_idents_2024 -Wunreachable_pub -Wunsafe_op_in_unsafe_fn -Wunused_crate_dependencies" RUSTC_REAL="/Users/girivs/src/rust-tantraos/build/aarch64-apple-darwin/stage0/bin/rustc" RUSTC_SNAPSHOT="/Users/girivs/src/rust-tantraos/build/aarch64-apple-darwin/stage0/bin/rustc" RUSTC_SNAPSHOT_LIBDIR="/Users/girivs/src/rust-tantraos/build/aarch64-apple-darwin/stage0/lib" RUSTC_STAGE="0" RUSTC_SYSROOT="/Users/girivs/src/rust-tantraos/build/aarch64-apple-darwin/stage0-sysroot" RUSTC_TLS_MODEL_INITIAL_EXEC="1" RUSTC_VERBOSE="1" RUSTC_WRAPPER="/Users/girivs/src/rust-tantraos/build/bootstrap/debug/rustc" RUSTDOC="/Users/girivs/src/rust-tantraos/build/bootstrap/debug/rustdoc" RUSTDOCFLAGS="--cfg=bootstrap --cfg=windows_raw_dylib -Csymbol-mangling-version=v0 -Zunstable-options --check-cfg=cfg(bootstrap) --check-cfg=cfg(llvm_enzyme) -Dwarnings -Wrustdoc::invalid_codeblock_attributes --crate-version 1.92.0-nightly\t(36e56c065\t2025-09-17) -Clinker= -Zcrate-attr=warn(rust_2018_idioms)" RUSTDOC_REAL="/path/to/nowhere/rustdoc/not/required" RUSTFLAGS="--cfg=bootstrap --cfg=windows_raw_dylib -Csymbol-mangling-version=v0 -Zunstable-options --check-cfg=cfg(bootstrap) --check-cfg=cfg(llvm_enzyme) -Zmacro-backtrace -Csplit-debuginfo=unpacked -Zosx-rpath-install-name -Clink-args=-Wl,-rpath,@loader_path/../lib -Alinker-messages -Zon-broken-pipe=kill -Clto=off" RUST_TEST_THREADS="10" WINAPI_NO_BUNDLED_LIBRARIES="1" __CARGO_DEFAULT_LIB_METADATA="bootstrap1.92.0" "/Users/girivs/src/rust-tantraos/build/aarch64-apple-darwin/stage0/bin/cargo" "build" "--target" "aarch64-apple-darwin" "-Zbinary-dep-depinfo" "-j" "10" "-Zroot-dir=/Users/girivs/src/rust-tantraos" "-v" "--features" "llvm max_level_info" "--manifest-path" "/Users/girivs/src/rust-tantraos/compiler/rustc/Cargo.toml" "--message-format" "json-render-diagnostics" (failure_mode=Exit)
Cache hit: cd "/Users/girivs/src/rust-tantraos/src/llvm-project" && env -u GIT_ALTERNATE_OBJECT_DIRECTORIES -u GIT_DIR -u GIT_INDEX_FILE -u GIT_OBJECT_DIRECTORY -u GIT_WORK_TREE "git" "rev-parse" (failure_mode=Ignore)
Cache hit: cd "/Users/girivs/src/rust-tantraos/src/llvm-project" && env -u GIT_ALTERNATE_OBJECT_DIRECTORIES -u GIT_DIR -u GIT_INDEX_FILE -u GIT_OBJECT_DIRECTORY -u GIT_WORK_TREE "git" "log" "-1" "--date=short" "--pretty=format:%cd" (failure_mode=Exit)
Cache hit: cd "/Users/girivs/src/rust-tantraos/src/llvm-project" && env -u GIT_ALTERNATE_OBJECT_DIRECTORIES -u GIT_DIR -u GIT_INDEX_FILE -u GIT_OBJECT_DIRECTORY -u GIT_WORK_TREE "git" "rev-parse" "HEAD" (failure_mode=Exit)
Cache hit: cd "/Users/girivs/src/rust-tantraos/src/llvm-project" && env -u GIT_ALTERNATE_OBJECT_DIRECTORIES -u GIT_DIR -u GIT_INDEX_FILE -u GIT_OBJECT_DIRECTORY -u GIT_WORK_TREE "git" "rev-parse" "--short=9" "HEAD" (failure_mode=Exit)
Cache hit: cd "/Users/girivs/src/rust-tantraos/src/llvm-project" && env -u GIT_ALTERNATE_OBJECT_DIRECTORIES -u GIT_DIR -u GIT_INDEX_FILE -u GIT_OBJECT_DIRECTORY -u GIT_WORK_TREE "git" "rev-parse" "HEAD" (failure_mode=Exit)
Cache hit: cd "/Users/girivs/src/rust-tantraos" && env -u GIT_ALTERNATE_OBJECT_DIRECTORIES -u GIT_DIR -u GIT_INDEX_FILE -u GIT_OBJECT_DIRECTORY -u GIT_WORK_TREE "git" "ls-tree" "HEAD" "src/llvm-project" (failure_mode=Exit)
running: cd "/Users/girivs/src/rust-tantraos" && env -u MAKEFLAGS -u MFLAGS CARGO_BUILD_BUILD_DIR="/Users/girivs/src/rust-tantraos/build/aarch64-apple-darwin/stage1-std" CARGO_INCREMENTAL="0" CARGO_LOG="cargo::core::compiler::fingerprint=info" CARGO_PROFILE_DEV_CODEGEN_UNITS="16" CARGO_PROFILE_DEV_DEBUG="0" CARGO_PROFILE_DEV_DEBUG_ASSERTIONS="false" CARGO_PROFILE_DEV_OVERFLOW_CHECKS="false" CARGO_PROFILE_DEV_STRIP="false" CARGO_TARGET_AARCH64_TANTRAOS_LINKER="" CARGO_TARGET_DIR="/Users/girivs/src/rust-tantraos/build/aarch64-apple-darwin/stage1-std" CC_aarch64_tantraos="" CFG_COMPILER_BUILD_TRIPLE="aarch64-apple-darwin" CFG_COMPILER_HOST_TRIPLE="aarch64-tantraos" CFG_RELEASE_CHANNEL="nightly" CFLAGS_aarch64_tantraos="" CXXFLAGS_aarch64_tantraos="" CXX_aarch64_tantraos="" LIBC_CHECK_CFG="1" REAL_LIBRARY_PATH_VAR="DYLD_LIBRARY_PATH" RUSTBUILD_NATIVE_DIR="/Users/girivs/src/rust-tantraos/build/aarch64-tantraos/native" RUSTC="/Users/girivs/src/rust-tantraos/build/bootstrap/debug/rustc" RUSTC_BOOTSTRAP="1" RUSTC_BREAK_ON_ICE="1" RUSTC_ERROR_METADATA_DST="/Users/girivs/src/rust-tantraos/build/tmp/extended-error-metadata" RUSTC_FORCE_UNSTABLE="1" RUSTC_HOST_FLAGS="-Clinker=" RUSTC_INSTALL_BINDIR="bin" RUSTC_LIBDIR="/Users/girivs/src/rust-tantraos/build/aarch64-apple-darwin/stage1/lib" RUSTC_LINK_STD_INTO_RUSTC_DRIVER="1" RUSTC_LINT_FLAGS="-Wrust_2018_idioms -Wunused_lifetimes -Dwarnings" RUSTC_REAL="/Users/girivs/src/rust-tantraos/build/aarch64-apple-darwin/stage1/bin/rustc" RUSTC_SNAPSHOT="/Users/girivs/src/rust-tantraos/build/aarch64-apple-darwin/stage0/bin/rustc" RUSTC_SNAPSHOT_LIBDIR="/Users/girivs/src/rust-tantraos/build/aarch64-apple-darwin/stage0/lib" RUSTC_STAGE="1" RUSTC_SYSROOT="/Users/girivs/src/rust-tantraos/build/aarch64-apple-darwin/stage1" RUSTC_VERBOSE="1" RUSTC_WRAPPER="/Users/girivs/src/rust-tantraos/build/bootstrap/debug/rustc" RUSTDOC="/Users/girivs/src/rust-tantraos/build/bootstrap/debug/rustdoc" RUSTDOCFLAGS="-Csymbol-mangling-version=legacy --check-cfg=cfg(feature,values(any())) -Zunstable-options -Dwarnings -Wrustdoc::invalid_codeblock_attributes --crate-version 1.92.0-nightly\t(36e56c065\t2025-09-17) -Clinker= -Zcrate-attr=doc(html_root_url=\"https://doc.rust-lang.org/nightly/\") -Zcrate-attr=warn(rust_2018_idioms)" RUSTDOC_REAL="/path/to/nowhere/rustdoc/not/required" RUSTFLAGS="-Csymbol-mangling-version=legacy --check-cfg=cfg(feature,values(any())) -Zunstable-options -Zmacro-backtrace -Csplit-debuginfo=off -Cprefer-dynamic -Zinline-mir -Zinline-mir-preserve-debug -Zmir_strip_debuginfo=locals-in-tiny-functions -Clink-args=-Wl,-z,origin -Clink-args=-Wl,-rpath,$ORIGIN/../lib -Alinker-messages -Cembed-bitcode=yes -Clto=off -Zunstable-options -Cforce-frame-pointers=non-leaf -Zcrate-attr=doc(html_root_url=\"https://doc.rust-lang.org/nightly/\")" RUST_COMPILER_RT_ROOT="/Users/girivs/src/rust-tantraos/src/llvm-project/compiler-rt" RUST_TEST_THREADS="10" WINAPI_NO_BUNDLED_LIBRARIES="1" __CARGO_DEFAULT_LIB_METADATA="nightlystd1.92.0" "/Users/girivs/src/rust-tantraos/build/aarch64-apple-darwin/stage0/bin/cargo" "build" "--target" "aarch64-tantraos" "-Zbinary-dep-depinfo" "-j" "10" "-Zroot-dir=/Users/girivs/src/rust-tantraos" "-v" "--features" "backtrace panic-unwind compiler-builtins-c" "--manifest-path" "/Users/girivs/src/rust-tantraos/library/sysroot/Cargo.toml" "-p" "alloc" "-p" "compiler_builtins" "-p" "core" "-p" "panic_abort" "-p" "panic_unwind" "-p" "proc_macro" "-p" "rustc-std-workspace-core" "-p" "std" "-p" "std_detect" "-p" "sysroot" "-p" "test" "-p" "unwind" "--message-format" "json-render-diagnostics" (failure_mode=Exit)
Removing sysroot /Users/girivs/src/rust-tantraos/build/aarch64-apple-darwin/stage1 to avoid caching bugs
Removing sysroot /Users/girivs/src/rust-tantraos/build/aarch64-apple-darwin/stage1/lib/rustlib/aarch64-apple-darwin/lib to avoid caching bugs
LLVM freshness: LastModifiedUpstream { upstream: "9d82de19dfae60e55c291f5f28e28cfc2c1b9630" }
running: "/Users/girivs/src/rust-tantraos/build/aarch64-apple-darwin/ci-llvm/bin/llvm-config" "--version" (failure_mode=Exit) (created at src/bootstrap/src/core/build_steps/llvm.rs:599:5, executed at src/bootstrap/src/core/build_steps/llvm.rs:602:10)
running: "/Users/girivs/src/rust-tantraos/build/aarch64-apple-darwin/ci-llvm/bin/llvm-config" "--bindir" (failure_mode=Exit) (created at src/bootstrap/src/core/build_steps/compile.rs:2024:41, executed at src/bootstrap/src/core/build_steps/compile.rs:2027:22)
/Users/girivs/src/rust-tantraos/build/aarch64-apple-darwin/ci-llvm/bin/llvm-strip does not exist; skipping copy
Removing sysroot /Users/girivs/src/rust-tantraos/build/aarch64-apple-darwin/stage0-sysroot to avoid caching bugs
LLVM freshness: LastModifiedUpstream { upstream: "9d82de19dfae60e55c291f5f28e28cfc2c1b9630" }
Removing sysroot /Users/girivs/src/rust-tantraos/build/aarch64-apple-darwin/stage0-sysroot/lib/rustlib/aarch64-apple-darwin/lib to avoid caching bugs
using sysroot /Users/girivs/src/rust-tantraos/build/aarch64-apple-darwin/stage0-sysroot
LLVM freshness: LastModifiedUpstream { upstream: "9d82de19dfae60e55c291f5f28e28cfc2c1b9630" }
Cache hit: "/Users/girivs/src/rust-tantraos/build/aarch64-apple-darwin/ci-llvm/bin/llvm-config" "--version" (failure_mode=Exit)
Building stage1 compiler artifacts (stage0 -> stage1, aarch64-apple-darwin)
running: cd "/Users/girivs/src/rust-tantraos" && env -u MAKEFLAGS -u MFLAGS AR_aarch64_apple_darwin="ar" CARGO_BUILD_BUILD_DIR="/Users/girivs/src/rust-tantraos/build/aarch64-apple-darwin/stage1-rustc" CARGO_INCREMENTAL="0" CARGO_LOG="cargo::core::compiler::fingerprint=info" CARGO_PROFILE_DEV_CODEGEN_UNITS="16" CARGO_PROFILE_DEV_DEBUG="0" CARGO_PROFILE_DEV_DEBUG_ASSERTIONS="false" CARGO_PROFILE_DEV_OVERFLOW_CHECKS="false" CARGO_PROFILE_DEV_STRIP="false" CARGO_TARGET_DIR="/Users/girivs/src/rust-tantraos/build/aarch64-apple-darwin/stage1-rustc" CC_aarch64_apple_darwin="cc" CFG_COMPILER_BUILD_TRIPLE="aarch64-apple-darwin" CFG_COMPILER_HOST_TRIPLE="aarch64-apple-darwin" CFG_DEFAULT_CODEGEN_BACKEND="llvm" CFG_LIBDIR_RELATIVE="lib" CFG_RELEASE="1.92.0-nightly" CFG_RELEASE_CHANNEL="nightly" CFG_VERSION="1.92.0-nightly (36e56c065 2025-09-17)" CFG_VER_DATE="2025-09-17" CFG_VER_HASH="36e56c0655bf99db6a4a41eaa15cdd8ef0f43810" CFLAGS_aarch64_apple_darwin="" CXXFLAGS_aarch64_apple_darwin="-stdlib=libc++" CXX_aarch64_apple_darwin="c++" LIBC_CHECK_CFG="1" LLVM_CONFIG="/Users/girivs/src/rust-tantraos/build/aarch64-apple-darwin/ci-llvm/bin/llvm-config" LLVM_RUSTLLVM="1" RANLIB_aarch64_apple_darwin="ar s" REAL_LIBRARY_PATH_VAR="DYLD_LIBRARY_PATH" RUSTBUILD_NATIVE_DIR="/Users/girivs/src/rust-tantraos/build/aarch64-apple-darwin/native" RUSTC="/Users/girivs/src/rust-tantraos/build/bootstrap/debug/rustc" RUSTC_BOOTSTRAP="1" RUSTC_BREAK_ON_ICE="1" RUSTC_ERROR_METADATA_DST="/Users/girivs/src/rust-tantraos/build/tmp/extended-error-metadata" RUSTC_FORCE_UNSTABLE="1" RUSTC_HOST_FLAGS="--check-cfg=cfg(bootstrap) --cfg=bootstrap" RUSTC_INSTALL_BINDIR="bin" RUSTC_LIBDIR="/Users/girivs/src/rust-tantraos/build/aarch64-apple-darwin/stage0/lib" RUSTC_LINK_STD_INTO_RUSTC_DRIVER="1" RUSTC_LINT_FLAGS="-Wrust_2018_idioms -Wunused_lifetimes -Dwarnings -Wrustc::internal -Drustc::symbol_intern_string_literal -Wkeyword_idents_2024 -Wunreachable_pub -Wunsafe_op_in_unsafe_fn -Wunused_crate_dependencies" RUSTC_REAL="/Users/girivs/src/rust-tantraos/build/aarch64-apple-darwin/stage0/bin/rustc" RUSTC_SNAPSHOT="/Users/girivs/src/rust-tantraos/build/aarch64-apple-darwin/stage0/bin/rustc" RUSTC_SNAPSHOT_LIBDIR="/Users/girivs/src/rust-tantraos/build/aarch64-apple-darwin/stage0/lib" RUSTC_STAGE="0" RUSTC_SYSROOT="/Users/girivs/src/rust-tantraos/build/aarch64-apple-darwin/stage0-sysroot" RUSTC_TLS_MODEL_INITIAL_EXEC="1" RUSTC_VERBOSE="1" RUSTC_WRAPPER="/Users/girivs/src/rust-tantraos/build/bootstrap/debug/rustc" RUSTDOC="/Users/girivs/src/rust-tantraos/build/bootstrap/debug/rustdoc" RUSTDOCFLAGS="--cfg=bootstrap --cfg=windows_raw_dylib -Csymbol-mangling-version=v0 -Zunstable-options --check-cfg=cfg(bootstrap) --check-cfg=cfg(llvm_enzyme) -Dwarnings -Wrustdoc::invalid_codeblock_attributes --crate-version 1.92.0-nightly\t(36e56c065\t2025-09-17) -Zcrate-attr=warn(rust_2018_idioms)" RUSTDOC_REAL="/path/to/nowhere/rustdoc/not/required" RUSTFLAGS="--cfg=bootstrap --cfg=windows_raw_dylib -Csymbol-mangling-version=v0 -Zunstable-options --check-cfg=cfg(bootstrap) --check-cfg=cfg(llvm_enzyme) -Zmacro-backtrace -Csplit-debuginfo=unpacked -Zosx-rpath-install-name -Clink-args=-Wl,-rpath,@loader_path/../lib -Alinker-messages -Zon-broken-pipe=kill -Clto=off" RUST_TEST_THREADS="10" WINAPI_NO_BUNDLED_LIBRARIES="1" __CARGO_DEFAULT_LIB_METADATA="bootstrap1.92.0" "/Users/girivs/src/rust-tantraos/build/aarch64-apple-darwin/stage0/bin/cargo" "build" "--target" "aarch64-apple-darwin" "-Zbinary-dep-depinfo" "-j" "10" "-Zroot-dir=/Users/girivs/src/rust-tantraos" "-v" "--features" "llvm max_level_info" "--manifest-path" "/Users/girivs/src/rust-tantraos/compiler/rustc/Cargo.toml" "--message-format" "json-render-diagnostics" (failure_mode=Exit)
   0.272309042s  INFO prepare_target{force=false package_id=rustc-main v0.0.0 (/Users/girivs/src/rust-tantraos/compiler/rustc) target="rustc-main"}: cargo::core::compiler::fingerprint: stale: changed env "CFG_VER_DATE"
   0.272331292s  INFO prepare_target{force=false package_id=rustc-main v0.0.0 (/Users/girivs/src/rust-tantraos/compiler/rustc) target="rustc-main"}: cargo::core::compiler::fingerprint:        Some("2025-09-16") != Some("2025-09-17")
   0.284745000s  INFO prepare_target{force=false package_id=rustc-main v0.0.0 (/Users/girivs/src/rust-tantraos/compiler/rustc) target="rustc-main"}: cargo::core::compiler::fingerprint: fingerprint dirty for rustc-main v0.0.0 (/Users/girivs/src/rust-tantraos/compiler/rustc)/Build/TargetInner { name: "rustc-main", doc: true, ..: with_path("/Users/girivs/src/rust-tantraos/compiler/rustc/src/main.rs", Edition2024) }
   0.284751500s  INFO prepare_target{force=false package_id=rustc-main v0.0.0 (/Users/girivs/src/rust-tantraos/compiler/rustc) target="rustc-main"}: cargo::core::compiler::fingerprint:     dirty: FsStatusOutdated(StaleDepFingerprint { name: "rustc_public_bridge" })
   0.285787625s  INFO prepare_target{force=false package_id=rustc_codegen_ssa v0.0.0 (/Users/girivs/src/rust-tantraos/compiler/rustc_codegen_ssa) target="rustc_codegen_ssa"}: cargo::core::compiler::fingerprint: fingerprint dirty for rustc_codegen_ssa v0.0.0 (/Users/girivs/src/rust-tantraos/compiler/rustc_codegen_ssa)/Build/TargetInner { name_inferred: true, ..: lib_target("rustc_codegen_ssa", ["lib"], "/Users/girivs/src/rust-tantraos/compiler/rustc_codegen_ssa/src/lib.rs", Edition2024) }
   0.285802917s  INFO prepare_target{force=false package_id=rustc_codegen_ssa v0.0.0 (/Users/girivs/src/rust-tantraos/compiler/rustc_codegen_ssa) target="rustc_codegen_ssa"}: cargo::core::compiler::fingerprint:     dirty: FsStatusOutdated(StaleItem(FailedToReadMetadata("/Users/girivs/src/rust-tantraos/build/aarch64-apple-darwin/stage1-rustc/aarch64-apple-darwin/debug/deps/librustc_codegen_ssa-02c0928f02ba91c5.rlib")))
   0.306993417s  INFO prepare_target{force=false package_id=rustc_attr_parsing v0.0.0 (/Users/girivs/src/rust-tantraos/compiler/rustc_attr_parsing) target="rustc_attr_parsing"}: cargo::core::compiler::fingerprint: fingerprint dirty for rustc_attr_parsing v0.0.0 (/Users/girivs/src/rust-tantraos/compiler/rustc_attr_parsing)/Build/TargetInner { name_inferred: true, ..: lib_target("rustc_attr_parsing", ["lib"], "/Users/girivs/src/rust-tantraos/compiler/rustc_attr_parsing/src/lib.rs", Edition2024) }
   0.306999959s  INFO prepare_target{force=false package_id=rustc_attr_parsing v0.0.0 (/Users/girivs/src/rust-tantraos/compiler/rustc_attr_parsing) target="rustc_attr_parsing"}: cargo::core::compiler::fingerprint:     dirty: FsStatusOutdated(StaleDepFingerprint { name: "rustc_session" })
   0.312990334s  INFO prepare_target{force=false package_id=rustc_parse v0.0.0 (/Users/girivs/src/rust-tantraos/compiler/rustc_parse) target="rustc_parse"}: cargo::core::compiler::fingerprint: fingerprint dirty for rustc_parse v0.0.0 (/Users/girivs/src/rust-tantraos/compiler/rustc_parse)/Build/TargetInner { name_inferred: true, ..: lib_target("rustc_parse", ["lib"], "/Users/girivs/src/rust-tantraos/compiler/rustc_parse/src/lib.rs", Edition2024) }
   0.312993542s  INFO prepare_target{force=false package_id=rustc_parse v0.0.0 (/Users/girivs/src/rust-tantraos/compiler/rustc_parse) target="rustc_parse"}: cargo::core::compiler::fingerprint:     dirty: FsStatusOutdated(StaleDepFingerprint { name: "rustc_session" })
   0.313417542s  INFO prepare_target{force=false package_id=rustc_session v0.0.0 (/Users/girivs/src/rust-tantraos/compiler/rustc_session) target="rustc_session"}: cargo::core::compiler::fingerprint: fingerprint dirty for rustc_session v0.0.0 (/Users/girivs/src/rust-tantraos/compiler/rustc_session)/Build/TargetInner { name_inferred: true, ..: lib_target("rustc_session", ["lib"], "/Users/girivs/src/rust-tantraos/compiler/rustc_session/src/lib.rs", Edition2024) }
   0.313420375s  INFO prepare_target{force=false package_id=rustc_session v0.0.0 (/Users/girivs/src/rust-tantraos/compiler/rustc_session) target="rustc_session"}: cargo::core::compiler::fingerprint:     dirty: FsStatusOutdated(StaleItem(ChangedEnv { var: "CFG_VER_DATE", previous: Some("2025-09-16"), current: Some("2025-09-17") }))
   0.314669167s  INFO prepare_target{force=false package_id=rustc_incremental v0.0.0 (/Users/girivs/src/rust-tantraos/compiler/rustc_incremental) target="rustc_incremental"}: cargo::core::compiler::fingerprint: fingerprint dirty for rustc_incremental v0.0.0 (/Users/girivs/src/rust-tantraos/compiler/rustc_incremental)/Build/TargetInner { name_inferred: true, ..: lib_target("rustc_incremental", ["lib"], "/Users/girivs/src/rust-tantraos/compiler/rustc_incremental/src/lib.rs", Edition2024) }
   0.314672209s  INFO prepare_target{force=false package_id=rustc_incremental v0.0.0 (/Users/girivs/src/rust-tantraos/compiler/rustc_incremental) target="rustc_incremental"}: cargo::core::compiler::fingerprint:     dirty: FsStatusOutdated(StaleDepFingerprint { name: "rustc_session" })
   0.315352875s  INFO prepare_target{force=false package_id=rustc_middle v0.0.0 (/Users/girivs/src/rust-tantraos/compiler/rustc_middle) target="rustc_middle"}: cargo::core::compiler::fingerprint: fingerprint dirty for rustc_middle v0.0.0 (/Users/girivs/src/rust-tantraos/compiler/rustc_middle)/Build/TargetInner { name_inferred: true, ..: lib_target("rustc_middle", ["lib"], "/Users/girivs/src/rust-tantraos/compiler/rustc_middle/src/lib.rs", Edition2024) }
   0.315358417s  INFO prepare_target{force=false package_id=rustc_middle v0.0.0 (/Users/girivs/src/rust-tantraos/compiler/rustc_middle) target="rustc_middle"}: cargo::core::compiler::fingerprint:     dirty: FsStatusOutdated(StaleDepFingerprint { name: "rustc_session" })
   0.316527417s  INFO prepare_target{force=false package_id=rustc_query_system v0.0.0 (/Users/girivs/src/rust-tantraos/compiler/rustc_query_system) target="rustc_query_system"}: cargo::core::compiler::fingerprint: fingerprint dirty for rustc_query_system v0.0.0 (/Users/girivs/src/rust-tantraos/compiler/rustc_query_system)/Build/TargetInner { name_inferred: true, ..: lib_target("rustc_query_system", ["lib"], "/Users/girivs/src/rust-tantraos/compiler/rustc_query_system/src/lib.rs", Edition2024) }
   0.316529959s  INFO prepare_target{force=false package_id=rustc_query_system v0.0.0 (/Users/girivs/src/rust-tantraos/compiler/rustc_query_system) target="rustc_query_system"}: cargo::core::compiler::fingerprint:     dirty: FsStatusOutdated(StaleDepFingerprint { name: "rustc_session" })
   0.317110834s  INFO prepare_target{force=false package_id=rustc_metadata v0.0.0 (/Users/girivs/src/rust-tantraos/compiler/rustc_metadata) target="rustc_metadata"}: cargo::core::compiler::fingerprint: fingerprint dirty for rustc_metadata v0.0.0 (/Users/girivs/src/rust-tantraos/compiler/rustc_metadata)/Build/TargetInner { name_inferred: true, ..: lib_target("rustc_metadata", ["lib"], "/Users/girivs/src/rust-tantraos/compiler/rustc_metadata/src/lib.rs", Edition2024) }
   0.317113167s  INFO prepare_target{force=false package_id=rustc_metadata v0.0.0 (/Users/girivs/src/rust-tantraos/compiler/rustc_metadata) target="rustc_metadata"}: cargo::core::compiler::fingerprint:     dirty: FsStatusOutdated(StaleDepFingerprint { name: "rustc_session" })
   0.317753000s  INFO prepare_target{force=false package_id=rustc_expand v0.0.0 (/Users/girivs/src/rust-tantraos/compiler/rustc_expand) target="rustc_expand"}: cargo::core::compiler::fingerprint: fingerprint dirty for rustc_expand v0.0.0 (/Users/girivs/src/rust-tantraos/compiler/rustc_expand)/Build/TargetInner { name_inferred: true, doctest: false, ..: lib_target("rustc_expand", ["lib"], "/Users/girivs/src/rust-tantraos/compiler/rustc_expand/src/lib.rs", Edition2024) }
   0.317758584s  INFO prepare_target{force=false package_id=rustc_expand v0.0.0 (/Users/girivs/src/rust-tantraos/compiler/rustc_expand) target="rustc_expand"}: cargo::core::compiler::fingerprint:     dirty: FsStatusOutdated(StaleDepFingerprint { name: "rustc_session" })
   0.318142667s  INFO prepare_target{force=false package_id=rustc_ast_passes v0.0.0 (/Users/girivs/src/rust-tantraos/compiler/rustc_ast_passes) target="rustc_ast_passes"}: cargo::core::compiler::fingerprint: fingerprint dirty for rustc_ast_passes v0.0.0 (/Users/girivs/src/rust-tantraos/compiler/rustc_ast_passes)/Build/TargetInner { name_inferred: true, ..: lib_target("rustc_ast_passes", ["lib"], "/Users/girivs/src/rust-tantraos/compiler/rustc_ast_passes/src/lib.rs", Edition2024) }
   0.318145834s  INFO prepare_target{force=false package_id=rustc_ast_passes v0.0.0 (/Users/girivs/src/rust-tantraos/compiler/rustc_ast_passes) target="rustc_ast_passes"}: cargo::core::compiler::fingerprint:     dirty: FsStatusOutdated(StaleDepFingerprint { name: "rustc_session" })
   0.318611125s  INFO prepare_target{force=false package_id=rustc_symbol_mangling v0.0.0 (/Users/girivs/src/rust-tantraos/compiler/rustc_symbol_mangling) target="rustc_symbol_mangling"}: cargo::core::compiler::fingerprint: fingerprint dirty for rustc_symbol_mangling v0.0.0 (/Users/girivs/src/rust-tantraos/compiler/rustc_symbol_mangling)/Build/TargetInner { name_inferred: true, ..: lib_target("rustc_symbol_mangling", ["lib"], "/Users/girivs/src/rust-tantraos/compiler/rustc_symbol_mangling/src/lib.rs", Edition2024) }
   0.318614042s  INFO prepare_target{force=false package_id=rustc_symbol_mangling v0.0.0 (/Users/girivs/src/rust-tantraos/compiler/rustc_symbol_mangling) target="rustc_symbol_mangling"}: cargo::core::compiler::fingerprint:     dirty: FsStatusOutdated(StaleDepFingerprint { name: "rustc_session" })
   0.319738709s  INFO prepare_target{force=false package_id=rustc_trait_selection v0.0.0 (/Users/girivs/src/rust-tantraos/compiler/rustc_trait_selection) target="rustc_trait_selection"}: cargo::core::compiler::fingerprint: fingerprint dirty for rustc_trait_selection v0.0.0 (/Users/girivs/src/rust-tantraos/compiler/rustc_trait_selection)/Build/TargetInner { name_inferred: true, ..: lib_target("rustc_trait_selection", ["lib"], "/Users/girivs/src/rust-tantraos/compiler/rustc_trait_selection/src/lib.rs", Edition2024) }
   0.319741500s  INFO prepare_target{force=false package_id=rustc_trait_selection v0.0.0 (/Users/girivs/src/rust-tantraos/compiler/rustc_trait_selection) target="rustc_trait_selection"}: cargo::core::compiler::fingerprint:     dirty: FsStatusOutdated(StaleDepFingerprint { name: "rustc_transmute" })
   0.320014417s  INFO prepare_target{force=false package_id=rustc_infer v0.0.0 (/Users/girivs/src/rust-tantraos/compiler/rustc_infer) target="rustc_infer"}: cargo::core::compiler::fingerprint: fingerprint dirty for rustc_infer v0.0.0 (/Users/girivs/src/rust-tantraos/compiler/rustc_infer)/Build/TargetInner { name_inferred: true, doctest: false, ..: lib_target("rustc_infer", ["lib"], "/Users/girivs/src/rust-tantraos/compiler/rustc_infer/src/lib.rs", Edition2024) }
   0.320017375s  INFO prepare_target{force=false package_id=rustc_infer v0.0.0 (/Users/girivs/src/rust-tantraos/compiler/rustc_infer) target="rustc_infer"}: cargo::core::compiler::fingerprint:     dirty: FsStatusOutdated(StaleDepFingerprint { name: "rustc_middle" })
   0.320628625s  INFO prepare_target{force=false package_id=rustc_transmute v0.0.0 (/Users/girivs/src/rust-tantraos/compiler/rustc_transmute) target="rustc_transmute"}: cargo::core::compiler::fingerprint: fingerprint dirty for rustc_transmute v0.0.0 (/Users/girivs/src/rust-tantraos/compiler/rustc_transmute)/Build/TargetInner { name_inferred: true, ..: lib_target("rustc_transmute", ["lib"], "/Users/girivs/src/rust-tantraos/compiler/rustc_transmute/src/lib.rs", Edition2024) }
   0.320631375s  INFO prepare_target{force=false package_id=rustc_transmute v0.0.0 (/Users/girivs/src/rust-tantraos/compiler/rustc_transmute) target="rustc_transmute"}: cargo::core::compiler::fingerprint:     dirty: FsStatusOutdated(StaleDepFingerprint { name: "rustc_middle" })
   0.322742542s  INFO prepare_target{force=false package_id=rustc_driver v0.0.0 (/Users/girivs/src/rust-tantraos/compiler/rustc_driver) target="rustc_driver"}: cargo::core::compiler::fingerprint: fingerprint dirty for rustc_driver v0.0.0 (/Users/girivs/src/rust-tantraos/compiler/rustc_driver)/Build/TargetInner { name_inferred: true, ..: lib_target("rustc_driver", ["dylib"], "/Users/girivs/src/rust-tantraos/compiler/rustc_driver/src/lib.rs", Edition2024) }
   0.322744959s  INFO prepare_target{force=false package_id=rustc_driver v0.0.0 (/Users/girivs/src/rust-tantraos/compiler/rustc_driver) target="rustc_driver"}: cargo::core::compiler::fingerprint:     dirty: FsStatusOutdated(StaleDepFingerprint { name: "rustc_driver_impl" })
   0.323515292s  INFO prepare_target{force=false package_id=rustc_driver_impl v0.0.0 (/Users/girivs/src/rust-tantraos/compiler/rustc_driver_impl) target="rustc_driver_impl"}: cargo::core::compiler::fingerprint: fingerprint dirty for rustc_driver_impl v0.0.0 (/Users/girivs/src/rust-tantraos/compiler/rustc_driver_impl)/Build/TargetInner { name_inferred: true, ..: lib_target("rustc_driver_impl", ["lib"], "/Users/girivs/src/rust-tantraos/compiler/rustc_driver_impl/src/lib.rs", Edition2024) }
   0.323517959s  INFO prepare_target{force=false package_id=rustc_driver_impl v0.0.0 (/Users/girivs/src/rust-tantraos/compiler/rustc_driver_impl) target="rustc_driver_impl"}: cargo::core::compiler::fingerprint:     dirty: FsStatusOutdated(StaleDepFingerprint { name: "rustc_passes" })
   0.324804834s  INFO prepare_target{force=false package_id=rustc_ast_lowering v0.0.0 (/Users/girivs/src/rust-tantraos/compiler/rustc_ast_lowering) target="rustc_ast_lowering"}: cargo::core::compiler::fingerprint: fingerprint dirty for rustc_ast_lowering v0.0.0 (/Users/girivs/src/rust-tantraos/compiler/rustc_ast_lowering)/Build/TargetInner { name_inferred: true, doctest: false, ..: lib_target("rustc_ast_lowering", ["lib"], "/Users/girivs/src/rust-tantraos/compiler/rustc_ast_lowering/src/lib.rs", Edition2024) }
   0.324811209s  INFO prepare_target{force=false package_id=rustc_ast_lowering v0.0.0 (/Users/girivs/src/rust-tantraos/compiler/rustc_ast_lowering) target="rustc_ast_lowering"}: cargo::core::compiler::fingerprint:     dirty: FsStatusOutdated(StaleDepFingerprint { name: "rustc_session" })
   0.325309750s  INFO prepare_target{force=false package_id=rustc_borrowck v0.0.0 (/Users/girivs/src/rust-tantraos/compiler/rustc_borrowck) target="rustc_borrowck"}: cargo::core::compiler::fingerprint: fingerprint dirty for rustc_borrowck v0.0.0 (/Users/girivs/src/rust-tantraos/compiler/rustc_borrowck)/Build/TargetInner { name_inferred: true, ..: lib_target("rustc_borrowck", ["lib"], "/Users/girivs/src/rust-tantraos/compiler/rustc_borrowck/src/lib.rs", Edition2024) }
   0.325312459s  INFO prepare_target{force=false package_id=rustc_borrowck v0.0.0 (/Users/girivs/src/rust-tantraos/compiler/rustc_borrowck) target="rustc_borrowck"}: cargo::core::compiler::fingerprint:     dirty: FsStatusOutdated(StaleDepFingerprint { name: "rustc_session" })
   0.326008959s  INFO prepare_target{force=false package_id=rustc_mir_dataflow v0.0.0 (/Users/girivs/src/rust-tantraos/compiler/rustc_mir_dataflow) target="rustc_mir_dataflow"}: cargo::core::compiler::fingerprint: fingerprint dirty for rustc_mir_dataflow v0.0.0 (/Users/girivs/src/rust-tantraos/compiler/rustc_mir_dataflow)/Build/TargetInner { name_inferred: true, ..: lib_target("rustc_mir_dataflow", ["lib"], "/Users/girivs/src/rust-tantraos/compiler/rustc_mir_dataflow/src/lib.rs", Edition2024) }
   0.326011542s  INFO prepare_target{force=false package_id=rustc_mir_dataflow v0.0.0 (/Users/girivs/src/rust-tantraos/compiler/rustc_mir_dataflow) target="rustc_mir_dataflow"}: cargo::core::compiler::fingerprint:     dirty: FsStatusOutdated(StaleDepFingerprint { name: "rustc_middle" })
   0.326488250s  INFO prepare_target{force=false package_id=rustc_traits v0.0.0 (/Users/girivs/src/rust-tantraos/compiler/rustc_traits) target="rustc_traits"}: cargo::core::compiler::fingerprint: fingerprint dirty for rustc_traits v0.0.0 (/Users/girivs/src/rust-tantraos/compiler/rustc_traits)/Build/TargetInner { name_inferred: true, ..: lib_target("rustc_traits", ["lib"], "/Users/girivs/src/rust-tantraos/compiler/rustc_traits/src/lib.rs", Edition2024) }
   0.326490667s  INFO prepare_target{force=false package_id=rustc_traits v0.0.0 (/Users/girivs/src/rust-tantraos/compiler/rustc_traits) target="rustc_traits"}: cargo::core::compiler::fingerprint:     dirty: FsStatusOutdated(StaleDepFingerprint { name: "rustc_trait_selection" })
   0.326895417s  INFO prepare_target{force=false package_id=rustc_builtin_macros v0.0.0 (/Users/girivs/src/rust-tantraos/compiler/rustc_builtin_macros) target="rustc_builtin_macros"}: cargo::core::compiler::fingerprint: fingerprint dirty for rustc_builtin_macros v0.0.0 (/Users/girivs/src/rust-tantraos/compiler/rustc_builtin_macros)/Build/TargetInner { name_inferred: true, doctest: false, ..: lib_target("rustc_builtin_macros", ["lib"], "/Users/girivs/src/rust-tantraos/compiler/rustc_builtin_macros/src/lib.rs", Edition2024) }
   0.326898625s  INFO prepare_target{force=false package_id=rustc_builtin_macros v0.0.0 (/Users/girivs/src/rust-tantraos/compiler/rustc_builtin_macros) target="rustc_builtin_macros"}: cargo::core::compiler::fingerprint:     dirty: FsStatusOutdated(StaleDepFingerprint { name: "rustc_session" })
   0.327380500s  INFO prepare_target{force=false package_id=rustc_const_eval v0.0.0 (/Users/girivs/src/rust-tantraos/compiler/rustc_const_eval) target="rustc_const_eval"}: cargo::core::compiler::fingerprint: fingerprint dirty for rustc_const_eval v0.0.0 (/Users/girivs/src/rust-tantraos/compiler/rustc_const_eval)/Build/TargetInner { name_inferred: true, ..: lib_target("rustc_const_eval", ["lib"], "/Users/girivs/src/rust-tantraos/compiler/rustc_const_eval/src/lib.rs", Edition2024) }
   0.327382792s  INFO prepare_target{force=false package_id=rustc_const_eval v0.0.0 (/Users/girivs/src/rust-tantraos/compiler/rustc_const_eval) target="rustc_const_eval"}: cargo::core::compiler::fingerprint:     dirty: FsStatusOutdated(StaleDepFingerprint { name: "rustc_session" })
   0.327872500s  INFO prepare_target{force=false package_id=rustc_hir_analysis v0.0.0 (/Users/girivs/src/rust-tantraos/compiler/rustc_hir_analysis) target="rustc_hir_analysis"}: cargo::core::compiler::fingerprint: fingerprint dirty for rustc_hir_analysis v0.0.0 (/Users/girivs/src/rust-tantraos/compiler/rustc_hir_analysis)/Build/TargetInner { name_inferred: true, tested: false, doctest: false, ..: lib_target("rustc_hir_analysis", ["lib"], "/Users/girivs/src/rust-tantraos/compiler/rustc_hir_analysis/src/lib.rs", Edition2024) }
   0.327874709s  INFO prepare_target{force=false package_id=rustc_hir_analysis v0.0.0 (/Users/girivs/src/rust-tantraos/compiler/rustc_hir_analysis) target="rustc_hir_analysis"}: cargo::core::compiler::fingerprint:     dirty: FsStatusOutdated(StaleDepFingerprint { name: "rustc_session" })
   0.328245167s  INFO prepare_target{force=false package_id=rustc_hir_typeck v0.0.0 (/Users/girivs/src/rust-tantraos/compiler/rustc_hir_typeck) target="rustc_hir_typeck"}: cargo::core::compiler::fingerprint: fingerprint dirty for rustc_hir_typeck v0.0.0 (/Users/girivs/src/rust-tantraos/compiler/rustc_hir_typeck)/Build/TargetInner { name_inferred: true, ..: lib_target("rustc_hir_typeck", ["lib"], "/Users/girivs/src/rust-tantraos/compiler/rustc_hir_typeck/src/lib.rs", Edition2024) }
   0.328247375s  INFO prepare_target{force=false package_id=rustc_hir_typeck v0.0.0 (/Users/girivs/src/rust-tantraos/compiler/rustc_hir_typeck) target="rustc_hir_typeck"}: cargo::core::compiler::fingerprint:     dirty: FsStatusOutdated(StaleDepFingerprint { name: "rustc_lint" })
   0.328573042s  INFO prepare_target{force=false package_id=rustc_lint v0.0.0 (/Users/girivs/src/rust-tantraos/compiler/rustc_lint) target="rustc_lint"}: cargo::core::compiler::fingerprint: fingerprint dirty for rustc_lint v0.0.0 (/Users/girivs/src/rust-tantraos/compiler/rustc_lint)/Build/TargetInner { name_inferred: true, ..: lib_target("rustc_lint", ["lib"], "/Users/girivs/src/rust-tantraos/compiler/rustc_lint/src/lib.rs", Edition2024) }
   0.328575542s  INFO prepare_target{force=false package_id=rustc_lint v0.0.0 (/Users/girivs/src/rust-tantraos/compiler/rustc_lint) target="rustc_lint"}: cargo::core::compiler::fingerprint:     dirty: FsStatusOutdated(StaleDepFingerprint { name: "rustc_session" })
   0.329059917s  INFO prepare_target{force=false package_id=rustc_interface v0.0.0 (/Users/girivs/src/rust-tantraos/compiler/rustc_interface) target="rustc_interface"}: cargo::core::compiler::fingerprint: fingerprint dirty for rustc_interface v0.0.0 (/Users/girivs/src/rust-tantraos/compiler/rustc_interface)/Build/TargetInner { name_inferred: true, ..: lib_target("rustc_interface", ["lib"], "/Users/girivs/src/rust-tantraos/compiler/rustc_interface/src/lib.rs", Edition2024) }
   0.329062292s  INFO prepare_target{force=false package_id=rustc_interface v0.0.0 (/Users/girivs/src/rust-tantraos/compiler/rustc_interface) target="rustc_interface"}: cargo::core::compiler::fingerprint:     dirty: FsStatusOutdated(StaleDepFingerprint { name: "rustc_passes" })
   0.329476042s  INFO prepare_target{force=false package_id=rustc_codegen_llvm v0.0.0 (/Users/girivs/src/rust-tantraos/compiler/rustc_codegen_llvm) target="rustc_codegen_llvm"}: cargo::core::compiler::fingerprint: fingerprint dirty for rustc_codegen_llvm v0.0.0 (/Users/girivs/src/rust-tantraos/compiler/rustc_codegen_llvm)/Build/TargetInner { name_inferred: true, tested: false, ..: lib_target("rustc_codegen_llvm", ["lib"], "/Users/girivs/src/rust-tantraos/compiler/rustc_codegen_llvm/src/lib.rs", Edition2024) }
   0.329478959s  INFO prepare_target{force=false package_id=rustc_codegen_llvm v0.0.0 (/Users/girivs/src/rust-tantraos/compiler/rustc_codegen_llvm) target="rustc_codegen_llvm"}: cargo::core::compiler::fingerprint:     dirty: FsStatusOutdated(StaleDepFingerprint { name: "rustc_sanitizers" })
   0.330657625s  INFO prepare_target{force=false package_id=rustc_sanitizers v0.0.0 (/Users/girivs/src/rust-tantraos/compiler/rustc_sanitizers) target="rustc_sanitizers"}: cargo::core::compiler::fingerprint: fingerprint dirty for rustc_sanitizers v0.0.0 (/Users/girivs/src/rust-tantraos/compiler/rustc_sanitizers)/Build/TargetInner { name_inferred: true, ..: lib_target("rustc_sanitizers", ["lib"], "/Users/girivs/src/rust-tantraos/compiler/rustc_sanitizers/src/lib.rs", Edition2024) }
   0.330660000s  INFO prepare_target{force=false package_id=rustc_sanitizers v0.0.0 (/Users/girivs/src/rust-tantraos/compiler/rustc_sanitizers) target="rustc_sanitizers"}: cargo::core::compiler::fingerprint:     dirty: FsStatusOutdated(StaleDepFingerprint { name: "rustc_trait_selection" })
   0.330967792s  INFO prepare_target{force=false package_id=rustc_mir_build v0.0.0 (/Users/girivs/src/rust-tantraos/compiler/rustc_mir_build) target="rustc_mir_build"}: cargo::core::compiler::fingerprint: fingerprint dirty for rustc_mir_build v0.0.0 (/Users/girivs/src/rust-tantraos/compiler/rustc_mir_build)/Build/TargetInner { name_inferred: true, ..: lib_target("rustc_mir_build", ["lib"], "/Users/girivs/src/rust-tantraos/compiler/rustc_mir_build/src/lib.rs", Edition2024) }
   0.330970334s  INFO prepare_target{force=false package_id=rustc_mir_build v0.0.0 (/Users/girivs/src/rust-tantraos/compiler/rustc_mir_build) target="rustc_mir_build"}: cargo::core::compiler::fingerprint:     dirty: FsStatusOutdated(StaleDepFingerprint { name: "rustc_lint" })
   0.331374209s  INFO prepare_target{force=false package_id=rustc_pattern_analysis v0.0.0 (/Users/girivs/src/rust-tantraos/compiler/rustc_pattern_analysis) target="rustc_pattern_analysis"}: cargo::core::compiler::fingerprint: fingerprint dirty for rustc_pattern_analysis v0.0.0 (/Users/girivs/src/rust-tantraos/compiler/rustc_pattern_analysis)/Build/TargetInner { name_inferred: true, ..: lib_target("rustc_pattern_analysis", ["lib"], "/Users/girivs/src/rust-tantraos/compiler/rustc_pattern_analysis/src/lib.rs", Edition2024) }
   0.331376500s  INFO prepare_target{force=false package_id=rustc_pattern_analysis v0.0.0 (/Users/girivs/src/rust-tantraos/compiler/rustc_pattern_analysis) target="rustc_pattern_analysis"}: cargo::core::compiler::fingerprint:     dirty: FsStatusOutdated(StaleDepFingerprint { name: "rustc_session" })
   0.332208000s  INFO prepare_target{force=false package_id=rustc_mir_transform v0.0.0 (/Users/girivs/src/rust-tantraos/compiler/rustc_mir_transform) target="rustc_mir_transform"}: cargo::core::compiler::fingerprint: fingerprint dirty for rustc_mir_transform v0.0.0 (/Users/girivs/src/rust-tantraos/compiler/rustc_mir_transform)/Build/TargetInner { name_inferred: true, ..: lib_target("rustc_mir_transform", ["lib"], "/Users/girivs/src/rust-tantraos/compiler/rustc_mir_transform/src/lib.rs", Edition2024) }
   0.332210500s  INFO prepare_target{force=false package_id=rustc_mir_transform v0.0.0 (/Users/girivs/src/rust-tantraos/compiler/rustc_mir_transform) target="rustc_mir_transform"}: cargo::core::compiler::fingerprint:     dirty: FsStatusOutdated(StaleDepFingerprint { name: "rustc_session" })
   0.332756792s  INFO prepare_target{force=false package_id=rustc_monomorphize v0.0.0 (/Users/girivs/src/rust-tantraos/compiler/rustc_monomorphize) target="rustc_monomorphize"}: cargo::core::compiler::fingerprint: fingerprint dirty for rustc_monomorphize v0.0.0 (/Users/girivs/src/rust-tantraos/compiler/rustc_monomorphize)/Build/TargetInner { name_inferred: true, ..: lib_target("rustc_monomorphize", ["lib"], "/Users/girivs/src/rust-tantraos/compiler/rustc_monomorphize/src/lib.rs", Edition2024) }
   0.332758917s  INFO prepare_target{force=false package_id=rustc_monomorphize v0.0.0 (/Users/girivs/src/rust-tantraos/compiler/rustc_monomorphize) target="rustc_monomorphize"}: cargo::core::compiler::fingerprint:     dirty: FsStatusOutdated(StaleDepFingerprint { name: "rustc_session" })
   0.333159667s  INFO prepare_target{force=false package_id=rustc_passes v0.0.0 (/Users/girivs/src/rust-tantraos/compiler/rustc_passes) target="rustc_passes"}: cargo::core::compiler::fingerprint: fingerprint dirty for rustc_passes v0.0.0 (/Users/girivs/src/rust-tantraos/compiler/rustc_passes)/Build/TargetInner { name_inferred: true, ..: lib_target("rustc_passes", ["lib"], "/Users/girivs/src/rust-tantraos/compiler/rustc_passes/src/lib.rs", Edition2024) }
   0.333162167s  INFO prepare_target{force=false package_id=rustc_passes v0.0.0 (/Users/girivs/src/rust-tantraos/compiler/rustc_passes) target="rustc_passes"}: cargo::core::compiler::fingerprint:     dirty: FsStatusOutdated(StaleDepFingerprint { name: "rustc_session" })
   0.333613959s  INFO prepare_target{force=false package_id=rustc_privacy v0.0.0 (/Users/girivs/src/rust-tantraos/compiler/rustc_privacy) target="rustc_privacy"}: cargo::core::compiler::fingerprint: fingerprint dirty for rustc_privacy v0.0.0 (/Users/girivs/src/rust-tantraos/compiler/rustc_privacy)/Build/TargetInner { name_inferred: true, ..: lib_target("rustc_privacy", ["lib"], "/Users/girivs/src/rust-tantraos/compiler/rustc_privacy/src/lib.rs", Edition2024) }
   0.333616167s  INFO prepare_target{force=false package_id=rustc_privacy v0.0.0 (/Users/girivs/src/rust-tantraos/compiler/rustc_privacy) target="rustc_privacy"}: cargo::core::compiler::fingerprint:     dirty: FsStatusOutdated(StaleDepFingerprint { name: "rustc_session" })
   0.334110584s  INFO prepare_target{force=false package_id=rustc_ty_utils v0.0.0 (/Users/girivs/src/rust-tantraos/compiler/rustc_ty_utils) target="rustc_ty_utils"}: cargo::core::compiler::fingerprint: fingerprint dirty for rustc_ty_utils v0.0.0 (/Users/girivs/src/rust-tantraos/compiler/rustc_ty_utils)/Build/TargetInner { name_inferred: true, ..: lib_target("rustc_ty_utils", ["lib"], "/Users/girivs/src/rust-tantraos/compiler/rustc_ty_utils/src/lib.rs", Edition2024) }
   0.334113084s  INFO prepare_target{force=false package_id=rustc_ty_utils v0.0.0 (/Users/girivs/src/rust-tantraos/compiler/rustc_ty_utils) target="rustc_ty_utils"}: cargo::core::compiler::fingerprint:     dirty: FsStatusOutdated(StaleDepFingerprint { name: "rustc_session" })
   0.334553500s  INFO prepare_target{force=false package_id=rustc_query_impl v0.0.0 (/Users/girivs/src/rust-tantraos/compiler/rustc_query_impl) target="rustc_query_impl"}: cargo::core::compiler::fingerprint: fingerprint dirty for rustc_query_impl v0.0.0 (/Users/girivs/src/rust-tantraos/compiler/rustc_query_impl)/Build/TargetInner { name_inferred: true, ..: lib_target("rustc_query_impl", ["lib"], "/Users/girivs/src/rust-tantraos/compiler/rustc_query_impl/src/lib.rs", Edition2024) }
   0.334555542s  INFO prepare_target{force=false package_id=rustc_query_impl v0.0.0 (/Users/girivs/src/rust-tantraos/compiler/rustc_query_impl) target="rustc_query_impl"}: cargo::core::compiler::fingerprint:     dirty: FsStatusOutdated(StaleDepFingerprint { name: "rustc_middle" })
   0.335048500s  INFO prepare_target{force=false package_id=rustc_resolve v0.0.0 (/Users/girivs/src/rust-tantraos/compiler/rustc_resolve) target="rustc_resolve"}: cargo::core::compiler::fingerprint: fingerprint dirty for rustc_resolve v0.0.0 (/Users/girivs/src/rust-tantraos/compiler/rustc_resolve)/Build/TargetInner { name_inferred: true, ..: lib_target("rustc_resolve", ["lib"], "/Users/girivs/src/rust-tantraos/compiler/rustc_resolve/src/lib.rs", Edition2024) }
   0.335050875s  INFO prepare_target{force=false package_id=rustc_resolve v0.0.0 (/Users/girivs/src/rust-tantraos/compiler/rustc_resolve) target="rustc_resolve"}: cargo::core::compiler::fingerprint:     dirty: FsStatusOutdated(StaleDepFingerprint { name: "rustc_session" })
   0.337074709s  INFO prepare_target{force=false package_id=rustc_public v0.1.0-preview (/Users/girivs/src/rust-tantraos/compiler/rustc_public) target="rustc_public"}: cargo::core::compiler::fingerprint: fingerprint dirty for rustc_public v0.1.0-preview (/Users/girivs/src/rust-tantraos/compiler/rustc_public)/Build/TargetInner { name_inferred: true, ..: lib_target("rustc_public", ["lib"], "/Users/girivs/src/rust-tantraos/compiler/rustc_public/src/lib.rs", Edition2024) }
   0.337076959s  INFO prepare_target{force=false package_id=rustc_public v0.1.0-preview (/Users/girivs/src/rust-tantraos/compiler/rustc_public) target="rustc_public"}: cargo::core::compiler::fingerprint:     dirty: FsStatusOutdated(StaleDepFingerprint { name: "rustc_public_bridge" })
   0.337497667s  INFO prepare_target{force=false package_id=rustc_public_bridge v0.0.0 (/Users/girivs/src/rust-tantraos/compiler/rustc_public_bridge) target="rustc_public_bridge"}: cargo::core::compiler::fingerprint: fingerprint dirty for rustc_public_bridge v0.0.0 (/Users/girivs/src/rust-tantraos/compiler/rustc_public_bridge)/Build/TargetInner { name_inferred: true, ..: lib_target("rustc_public_bridge", ["lib"], "/Users/girivs/src/rust-tantraos/compiler/rustc_public_bridge/src/lib.rs", Edition2024) }
   0.337499875s  INFO prepare_target{force=false package_id=rustc_public_bridge v0.0.0 (/Users/girivs/src/rust-tantraos/compiler/rustc_public_bridge) target="rustc_public_bridge"}: cargo::core::compiler::fingerprint:     dirty: FsStatusOutdated(StaleDepFingerprint { name: "rustc_session" })
       Fresh unicode-ident v1.0.18
       Fresh cfg-if v1.0.1
       Fresh stable_deref_trait v1.2.0
       Fresh bitflags v2.9.3
       Fresh proc-macro2 v1.0.101
       Fresh foldhash v0.1.5
       Fresh allocator-api2 v0.2.21
       Fresh once_cell v1.21.3
       Fresh equivalent v1.0.2
       Fresh autocfg v1.5.0
       Fresh quote v1.0.40
       Fresh libc v0.2.174
       Fresh hashbrown v0.15.5
       Fresh proc-macro-hack v0.5.20+deprecated
       Fresh version_check v0.9.5
       Fresh tracing-core v0.1.34
       Fresh syn v2.0.106
       Fresh indexmap v2.10.0
       Fresh typenum v1.18.0
       Fresh log v0.4.27
       Fresh scopeguard v1.2.0
       Fresh synstructure v0.13.2
       Fresh displaydoc v0.2.5
       Fresh zerovec-derive v0.11.1
       Fresh getrandom v0.3.3
       Fresh parking_lot_core v0.9.11
       Fresh lock_api v0.4.13
       Fresh tracing-attributes v0.1.30
       Fresh pin-project-lite v0.2.16
       Fresh zerofrom-derive v0.1.6
       Fresh yoke-derive v0.8.0
       Fresh generic-array v0.14.7
       Fresh parking_lot v0.12.4
       Fresh tracing v0.1.41
       Fresh crossbeam-utils v0.8.21
       Fresh errno v0.3.13
       Fresh zerofrom v0.1.6
       Fresh crypto-common v0.1.6
       Fresh block-buffer v0.10.4
       Fresh rustc-stable-hash v0.1.2
       Fresh crossbeam-epoch v0.9.18
       Fresh yoke v0.8.0
       Fresh unic-langid-macros-impl v0.9.6
       Fresh rustix v1.0.8
       Fresh digest v0.10.7
       Fresh rustc_hashes v0.0.0 (/Users/girivs/src/rust-tantraos/compiler/rustc_hashes)
       Fresh aho-corasick v1.1.3
       Fresh fastrand v2.3.0
       Fresh zerovec v0.11.4
       Fresh regex-syntax v0.8.5
       Fresh itoa v1.0.15
       Fresh rustc-hash v1.1.0
       Fresh thin-vec v0.2.14
       Fresh psm v0.1.26
       Fresh tempfile v3.20.0
       Fresh rustc_macros v0.0.0 (/Users/girivs/src/rust-tantraos/compiler/rustc_macros)
       Fresh crossbeam-deque v0.8.6
       Fresh tinystr v0.8.1
       Fresh rustc_serialize v0.0.0 (/Users/girivs/src/rust-tantraos/compiler/rustc_serialize)
       Fresh regex-automata v0.4.9
       Fresh thiserror-impl v2.0.15
       Fresh rustc_index_macros v0.0.0 (/Users/girivs/src/rust-tantraos/compiler/rustc_index_macros)
       Fresh cpufeatures v0.2.17
       Fresh either v1.15.0
       Fresh arrayvec v0.7.6
       Fresh unic-langid-impl v0.9.6
       Fresh rustc_index v0.0.0 (/Users/girivs/src/rust-tantraos/compiler/rustc_index)
       Fresh measureme v12.0.3
       Fresh rustc_thread_pool v0.0.0 (/Users/girivs/src/rust-tantraos/compiler/rustc_thread_pool)
       Fresh stacker v0.1.21
       Fresh ena v0.14.3
       Fresh jobserver v0.1.33
       Fresh memmap2 v0.2.3
       Fresh elsa v1.11.2
       Fresh rustc_arena v0.0.0 (/Users/girivs/src/rust-tantraos/compiler/rustc_arena)
       Fresh rustc_graphviz v0.0.0 (/Users/girivs/src/rust-tantraos/compiler/rustc_graphviz)
       Fresh arrayref v0.3.9
       Fresh constant_time_eq v0.3.1
       Fresh zerocopy v0.8.26
       Fresh sha2 v0.10.9
       Fresh sha1 v0.10.6
       Fresh blake3 v1.8.2
       Fresh rustc_data_structures v0.0.0 (/Users/girivs/src/rust-tantraos/compiler/rustc_data_structures)
       Fresh md-5 v0.10.6
       Fresh derive-where v1.6.0
       Fresh litemap v0.8.0
       Fresh scoped-tls v1.0.1
       Fresh writeable v0.6.1
       Fresh ppv-lite86 v0.2.21
       Fresh zerotrie v0.2.2
       Fresh rustc_span v0.0.0 (/Users/girivs/src/rust-tantraos/compiler/rustc_span)
       Fresh icu_locale_core v2.0.0
       Fresh rustc-literal-escaper v0.0.5
       Fresh potential_utf v0.1.2
       Fresh unicode-properties v0.1.3
       Fresh unicode-xid v0.2.6
       Fresh icu_provider v2.0.0
       Fresh rustc_ast_ir v0.0.0 (/Users/girivs/src/rust-tantraos/compiler/rustc_ast_ir)
       Fresh icu_collections v2.0.0
       Fresh rustc_lexer v0.0.0 (/Users/girivs/src/rust-tantraos/compiler/rustc_lexer)
       Fresh icu_locale_data v2.0.0
       Fresh rustc_ast v0.0.0 (/Users/girivs/src/rust-tantraos/compiler/rustc_ast)
       Fresh icu_list v2.0.0
       Fresh itertools v0.12.1
       Fresh serde_derive v1.0.219
       Fresh rand_core v0.9.3
       Fresh icu_locale v2.0.0
       Fresh rustc_ast_pretty v0.0.0 (/Users/girivs/src/rust-tantraos/compiler/rustc_ast_pretty)
       Fresh serde v1.0.219
       Fresh rand_chacha v0.9.0
       Fresh unic-langid-macros v0.9.6
       Fresh ryu v1.0.20
       Fresh rustc_baked_icu_data v0.0.0 (/Users/girivs/src/rust-tantraos/compiler/rustc_baked_icu_data)
       Fresh crc32fast v1.5.0
       Fresh rand v0.9.2
       Fresh serde_json v1.0.142
       Fresh unic-langid v0.9.6
       Fresh rand_xoshiro v0.7.0
       Fresh serde_derive_internals v0.29.1
       Fresh rustc_error_messages v0.0.0 (/Users/girivs/src/rust-tantraos/compiler/rustc_error_messages)
       Fresh wasmparser v0.236.1
       Fresh ref-cast-impl v1.0.24
       Fresh schemars_derive v1.0.4
       Fresh rustc_hir_id v0.0.0 (/Users/girivs/src/rust-tantraos/compiler/rustc_hir_id)
       Fresh dyn-clone v1.0.19
       Fresh fnv v1.0.7
       Fresh object v0.37.3
       Fresh rustc_abi v0.0.0 (/Users/girivs/src/rust-tantraos/compiler/rustc_abi)
       Fresh ref-cast v1.0.24
       Fresh ident_case v1.0.1
       Fresh rustc-hash v2.1.1
       Fresh strsim v0.11.1
       Fresh thiserror v2.0.15
       Fresh serde_path_to_error v0.1.17
       Fresh rustc_fs_util v0.0.0 (/Users/girivs/src/rust-tantraos/compiler/rustc_fs_util)
       Fresh memchr v2.7.5
       Fresh type-map v0.5.1
       Fresh schemars v1.0.4
       Fresh darling_core v0.20.11
       Fresh fluent-syntax v0.12.0
       Fresh intl_pluralrules v7.0.2
       Fresh fluent-langneg v0.13.0
       Fresh odht v0.3.1
       Fresh smallvec v1.15.1
       Fresh unicode-width v0.2.1
       Fresh rustc_target v0.0.0 (/Users/girivs/src/rust-tantraos/compiler/rustc_target)
       Fresh intl-memoizer v0.5.3
       Fresh darling_macro v0.20.11
       Fresh self_cell v1.2.0
       Fresh anstyle v1.0.11
       Fresh rustc_lint_defs v0.0.0 (/Users/girivs/src/rust-tantraos/compiler/rustc_lint_defs)
       Fresh termize v0.2.0
       Fresh termcolor v1.4.1
       Fresh rustc_error_codes v0.0.0 (/Users/girivs/src/rust-tantraos/compiler/rustc_error_codes)
       Fresh fluent-bundle v0.16.0
       Fresh darling v0.20.11
       Fresh rustc_hir v0.0.0 (/Users/girivs/src/rust-tantraos/compiler/rustc_hir)
       Fresh annotate-snippets v0.11.5
       Fresh getopts v0.2.24
       Fresh rustc_type_ir_macros v0.0.0 (/Users/girivs/src/rust-tantraos/compiler/rustc_type_ir_macros)
       Fresh datafrog v2.0.1
       Fresh gsgdt v0.1.2
       Fresh tinyvec_macros v0.1.1
       Fresh derive_setters v0.1.8
       Fresh rustc_fluent_macro v0.0.0 (/Users/girivs/src/rust-tantraos/compiler/rustc_fluent_macro)
       Fresh rustc_feature v0.0.0 (/Users/girivs/src/rust-tantraos/compiler/rustc_feature)
       Fresh rustc_type_ir v0.0.0 (/Users/girivs/src/rust-tantraos/compiler/rustc_type_ir)
       Fresh polonius-engine v0.13.0
       Fresh rustc_hir_pretty v0.0.0 (/Users/girivs/src/rust-tantraos/compiler/rustc_hir_pretty)
       Fresh tinyvec v1.9.0
       Fresh rustc_parse_format v0.0.0 (/Users/girivs/src/rust-tantraos/compiler/rustc_parse_format)
       Fresh getrandom v0.2.16
       Fresh rustc_errors v0.0.0 (/Users/girivs/src/rust-tantraos/compiler/rustc_errors)
       Fresh rustc_apfloat v0.2.3+llvm-462a31f5a5ab
       Fresh unicode-normalization v0.1.24
       Fresh rustc_next_trait_solver v0.0.0 (/Users/girivs/src/rust-tantraos/compiler/rustc_next_trait_solver)
       Fresh rand_core v0.6.4
       Fresh regex v1.11.1
       Fresh rustc_proc_macro v0.0.0 (/Users/girivs/src/rust-tantraos/compiler/rustc_proc_macro)
       Fresh static_assertions v1.1.0
       Fresh adler2 v2.0.1
       Fresh unicode-script v0.5.7
       Dirty rustc_session v0.0.0 (/Users/girivs/src/rust-tantraos/compiler/rustc_session): the environment variable CFG_VER_DATE changed
   Compiling rustc_session v0.0.0 (/Users/girivs/src/rust-tantraos/compiler/rustc_session)
       Fresh rand_chacha v0.3.1
       Fresh miniz_oxide v0.8.9
       Fresh unicode-security v0.1.2
       Fresh libloading v0.8.8
       Fresh fallible-iterator v0.3.0
       Fresh regex-syntax v0.6.29
       Fresh overload v0.1.1
     Running `/Users/girivs/src/rust-tantraos/build/bootstrap/debug/rustc /Users/girivs/src/rust-tantraos/build/bootstrap/debug/rustc --crate-name rustc_session --edition=2024 compiler/rustc_session/src/lib.rs --error-format=json --json=diagnostic-rendered-ansi,artifacts,future-incompat --crate-type lib --emit=dep-info,metadata,link -C embed-bitcode=no -C codegen-units=16 -C debug-assertions=off --check-cfg 'cfg(docsrs,test)' --check-cfg 'cfg(feature, values())' -C metadata=8337e29033df688d -C extra-filename=-a2f907dc0b7ee91b --out-dir /Users/girivs/src/rust-tantraos/build/aarch64-apple-darwin/stage1-rustc/aarch64-apple-darwin/debug/deps --target aarch64-apple-darwin -L dependency=/Users/girivs/src/rust-tantraos/build/aarch64-apple-darwin/stage1-rustc/aarch64-apple-darwin/debug/deps -L dependency=/Users/girivs/src/rust-tantraos/build/aarch64-apple-darwin/stage1-rustc/debug/deps --extern bitflags=/Users/girivs/src/rust-tantraos/build/aarch64-apple-darwin/stage1-rustc/aarch64-apple-darwin/debug/deps/libbitflags-135f596f25eed33e.rmeta --extern getopts=/Users/girivs/src/rust-tantraos/build/aarch64-apple-darwin/stage1-rustc/aarch64-apple-darwin/debug/deps/libgetopts-11f1c900ad403b00.rmeta --extern libc=/Users/girivs/src/rust-tantraos/build/aarch64-apple-darwin/stage1-rustc/aarch64-apple-darwin/debug/deps/liblibc-44678f8c97d89ee4.rmeta --extern rand=/Users/girivs/src/rust-tantraos/build/aarch64-apple-darwin/stage1-rustc/aarch64-apple-darwin/debug/deps/librand-eaff6722d4d0be2a.rmeta --extern rustc_abi=/Users/girivs/src/rust-tantraos/build/aarch64-apple-darwin/stage1-rustc/aarch64-apple-darwin/debug/deps/librustc_abi-09e488c880f2e0a3.rmeta --extern rustc_ast=/Users/girivs/src/rust-tantraos/build/aarch64-apple-darwin/stage1-rustc/aarch64-apple-darwin/debug/deps/librustc_ast-986d44ba93a5512b.rmeta --extern rustc_data_structures=/Users/girivs/src/rust-tantraos/build/aarch64-apple-darwin/stage1-rustc/aarch64-apple-darwin/debug/deps/librustc_data_structures-53324afa57622985.rmeta --extern rustc_errors=/Users/girivs/src/rust-tantraos/build/aarch64-apple-darwin/stage1-rustc/aarch64-apple-darwin/debug/deps/librustc_errors-89d154c028688311.rmeta --extern rustc_feature=/Users/girivs/src/rust-tantraos/build/aarch64-apple-darwin/stage1-rustc/aarch64-apple-darwin/debug/deps/librustc_feature-408fdd73cabbcdd5.rmeta --extern rustc_fluent_macro=/Users/girivs/src/rust-tantraos/build/aarch64-apple-darwin/stage1-rustc/debug/deps/librustc_fluent_macro-6a93aa79dabde813.dylib --extern rustc_fs_util=/Users/girivs/src/rust-tantraos/build/aarch64-apple-darwin/stage1-rustc/aarch64-apple-darwin/debug/deps/librustc_fs_util-15cace19e9869a25.rmeta --extern rustc_hashes=/Users/girivs/src/rust-tantraos/build/aarch64-apple-darwin/stage1-rustc/aarch64-apple-darwin/debug/deps/librustc_hashes-f21b6e9214cef269.rmeta --extern rustc_hir=/Users/girivs/src/rust-tantraos/build/aarch64-apple-darwin/stage1-rustc/aarch64-apple-darwin/debug/deps/librustc_hir-48fcfc8b9aa9f89a.rmeta --extern rustc_lint_defs=/Users/girivs/src/rust-tantraos/build/aarch64-apple-darwin/stage1-rustc/aarch64-apple-darwin/debug/deps/librustc_lint_defs-964ebbc4d3457239.rmeta --extern rustc_macros=/Users/girivs/src/rust-tantraos/build/aarch64-apple-darwin/stage1-rustc/debug/deps/librustc_macros-82fd4294dca5b57c.dylib --extern rustc_serialize=/Users/girivs/src/rust-tantraos/build/aarch64-apple-darwin/stage1-rustc/aarch64-apple-darwin/debug/deps/librustc_serialize-5a0faa3d5df4fc89.rmeta --extern rustc_span=/Users/girivs/src/rust-tantraos/build/aarch64-apple-darwin/stage1-rustc/aarch64-apple-darwin/debug/deps/librustc_span-d6bec53b237ec4c4.rmeta --extern rustc_target=/Users/girivs/src/rust-tantraos/build/aarch64-apple-darwin/stage1-rustc/aarch64-apple-darwin/debug/deps/librustc_target-35cf86096f412775.rmeta --extern termize=/Users/girivs/src/rust-tantraos/build/aarch64-apple-darwin/stage1-rustc/aarch64-apple-darwin/debug/deps/libtermize-c2cdec436b66ada6.rmeta --extern tracing=/Users/girivs/src/rust-tantraos/build/aarch64-apple-darwin/stage1-rustc/aarch64-apple-darwin/debug/deps/libtracing-5605f2f867fad977.rmeta --cfg=bootstrap --cfg=windows_raw_dylib -Csymbol-mangling-version=v0 -Zunstable-options '--check-cfg=cfg(bootstrap)' '--check-cfg=cfg(llvm_enzyme)' -Zmacro-backtrace -Csplit-debuginfo=unpacked -Zosx-rpath-install-name '-Clink-args=-Wl,-rpath,@loader_path/../lib' -Alinker-messages -Zon-broken-pipe=kill -Clto=off -Z binary-dep-depinfo -L native=/Users/girivs/src/rust-tantraos/build/aarch64-apple-darwin/stage1-rustc/aarch64-apple-darwin/debug/build/psm-4644cc58932be6af/out -L native=/Users/girivs/src/rust-tantraos/build/aarch64-apple-darwin/stage1-rustc/aarch64-apple-darwin/debug/build/blake3-486d38906040b2a9/out`
       Fresh rand v0.8.5
       Fresh flate2 v1.1.2
       Fresh regex-automata v0.1.10
       Fresh gimli v0.31.1
       Fresh punycode v0.4.1
       Fresh lazy_static v1.5.0
       Fresh cfg_aliases v0.2.1
       Fresh twox-hash v1.6.3
       Fresh shlex v1.3.0
       Fresh leb128 v0.2.5
       Fresh rustc-demangle v0.1.26
       Fresh matchers v0.1.0
       Fresh sharded-slab v0.1.7
       Fresh ruzstd v0.7.3
       Fresh cc v1.2.16
       Fresh wasm-encoder v0.219.2
       Fresh nu-ansi-term v0.46.0
       Fresh ar_archive_writer v0.5.1
       Fresh bstr v1.12.0
       Fresh rustc_windows_rc v0.0.0 (/Users/girivs/src/rust-tantraos/compiler/rustc_windows_rc)
       Fresh thread_local v1.1.9
       Fresh unicase v2.8.1
       Fresh object v0.36.7
       Fresh pathdiff v0.2.3
       Fresh pulldown-cmark-escape v0.11.0
       Fresh tracing-subscriber v0.3.18
       Fresh rustc_llvm v0.0.0 (/Users/girivs/src/rust-tantraos/compiler/rustc_llvm)
       Fresh tracing-log v0.2.0
       Fresh nu-ansi-term v0.50.1
       Fresh thorin-dwp v0.9.0
       Fresh pulldown-cmark v0.11.3
       Fresh tracing-tree v0.3.1
       Fresh nix v0.30.1
       Fresh jiff v0.2.15
       Fresh ctrlc v3.4.7
       Fresh rustc_log v0.0.0 (/Users/girivs/src/rust-tantraos/compiler/rustc_log)
       Dirty rustc_query_system v0.0.0 (/Users/girivs/src/rust-tantraos/compiler/rustc_query_system): the dependency rustc_session was rebuilt
   Compiling rustc_query_system v0.0.0 (/Users/girivs/src/rust-tantraos/compiler/rustc_query_system)
       Dirty rustc_parse v0.0.0 (/Users/girivs/src/rust-tantraos/compiler/rustc_parse): the dependency rustc_session was rebuilt
   Compiling rustc_parse v0.0.0 (/Users/girivs/src/rust-tantraos/compiler/rustc_parse)
     Running `/Users/girivs/src/rust-tantraos/build/bootstrap/debug/rustc /Users/girivs/src/rust-tantraos/build/bootstrap/debug/rustc --crate-name rustc_query_system --edition=2024 compiler/rustc_query_system/src/lib.rs --error-format=json --json=diagnostic-rendered-ansi,artifacts,future-incompat --crate-type lib --emit=dep-info,metadata,link -C embed-bitcode=no -C codegen-units=16 -C debug-assertions=off --check-cfg 'cfg(docsrs,test)' --check-cfg 'cfg(feature, values())' -C metadata=40e3c83d58b6048e -C extra-filename=-48bb7dd372d0b900 --out-dir /Users/girivs/src/rust-tantraos/build/aarch64-apple-darwin/stage1-rustc/aarch64-apple-darwin/debug/deps --target aarch64-apple-darwin -L dependency=/Users/girivs/src/rust-tantraos/build/aarch64-apple-darwin/stage1-rustc/aarch64-apple-darwin/debug/deps -L dependency=/Users/girivs/src/rust-tantraos/build/aarch64-apple-darwin/stage1-rustc/debug/deps --extern hashbrown=/Users/girivs/src/rust-tantraos/build/aarch64-apple-darwin/stage1-rustc/aarch64-apple-darwin/debug/deps/libhashbrown-f2b2664654b023ad.rmeta --extern parking_lot=/Users/girivs/src/rust-tantraos/build/aarch64-apple-darwin/stage1-rustc/aarch64-apple-darwin/debug/deps/libparking_lot-4f99274dc5a3bc2a.rmeta --extern rustc_abi=/Users/girivs/src/rust-tantraos/build/aarch64-apple-darwin/stage1-rustc/aarch64-apple-darwin/debug/deps/librustc_abi-09e488c880f2e0a3.rmeta --extern rustc_ast=/Users/girivs/src/rust-tantraos/build/aarch64-apple-darwin/stage1-rustc/aarch64-apple-darwin/debug/deps/librustc_ast-986d44ba93a5512b.rmeta --extern rustc_data_structures=/Users/girivs/src/rust-tantraos/build/aarch64-apple-darwin/stage1-rustc/aarch64-apple-darwin/debug/deps/librustc_data_structures-53324afa57622985.rmeta --extern rustc_errors=/Users/girivs/src/rust-tantraos/build/aarch64-apple-darwin/stage1-rustc/aarch64-apple-darwin/debug/deps/librustc_errors-89d154c028688311.rmeta --extern rustc_feature=/Users/girivs/src/rust-tantraos/build/aarch64-apple-darwin/stage1-rustc/aarch64-apple-darwin/debug/deps/librustc_feature-408fdd73cabbcdd5.rmeta --extern rustc_fluent_macro=/Users/girivs/src/rust-tantraos/build/aarch64-apple-darwin/stage1-rustc/debug/deps/librustc_fluent_macro-6a93aa79dabde813.dylib --extern rustc_hashes=/Users/girivs/src/rust-tantraos/build/aarch64-apple-darwin/stage1-rustc/aarch64-apple-darwin/debug/deps/librustc_hashes-f21b6e9214cef269.rmeta --extern rustc_hir=/Users/girivs/src/rust-tantraos/build/aarch64-apple-darwin/stage1-rustc/aarch64-apple-darwin/debug/deps/librustc_hir-48fcfc8b9aa9f89a.rmeta --extern rustc_index=/Users/girivs/src/rust-tantraos/build/aarch64-apple-darwin/stage1-rustc/aarch64-apple-darwin/debug/deps/librustc_index-2bf14f55015abfd3.rmeta --extern rustc_macros=/Users/girivs/src/rust-tantraos/build/aarch64-apple-darwin/stage1-rustc/debug/deps/librustc_macros-82fd4294dca5b57c.dylib --extern rustc_serialize=/Users/girivs/src/rust-tantraos/build/aarch64-apple-darwin/stage1-rustc/aarch64-apple-darwin/debug/deps/librustc_serialize-5a0faa3d5df4fc89.rmeta --extern rustc_session=/Users/girivs/src/rust-tantraos/build/aarch64-apple-darwin/stage1-rustc/aarch64-apple-darwin/debug/deps/librustc_session-a2f907dc0b7ee91b.rmeta --extern rustc_span=/Users/girivs/src/rust-tantraos/build/aarch64-apple-darwin/stage1-rustc/aarch64-apple-darwin/debug/deps/librustc_span-d6bec53b237ec4c4.rmeta --extern rustc_thread_pool=/Users/girivs/src/rust-tantraos/build/aarch64-apple-darwin/stage1-rustc/aarch64-apple-darwin/debug/deps/librustc_thread_pool-d378f618fb477099.rmeta --extern smallvec=/Users/girivs/src/rust-tantraos/build/aarch64-apple-darwin/stage1-rustc/aarch64-apple-darwin/debug/deps/libsmallvec-47fd9e70f2e35cd9.rmeta --extern tracing=/Users/girivs/src/rust-tantraos/build/aarch64-apple-darwin/stage1-rustc/aarch64-apple-darwin/debug/deps/libtracing-5605f2f867fad977.rmeta --cfg=bootstrap --cfg=windows_raw_dylib -Csymbol-mangling-version=v0 -Zunstable-options '--check-cfg=cfg(bootstrap)' '--check-cfg=cfg(llvm_enzyme)' -Zmacro-backtrace -Csplit-debuginfo=unpacked -Zosx-rpath-install-name '-Clink-args=-Wl,-rpath,@loader_path/../lib' -Alinker-messages -Zon-broken-pipe=kill -Clto=off -Z binary-dep-depinfo -L native=/Users/girivs/src/rust-tantraos/build/aarch64-apple-darwin/stage1-rustc/aarch64-apple-darwin/debug/build/psm-4644cc58932be6af/out -L native=/Users/girivs/src/rust-tantraos/build/aarch64-apple-darwin/stage1-rustc/aarch64-apple-darwin/debug/build/blake3-486d38906040b2a9/out`
     Running `/Users/girivs/src/rust-tantraos/build/bootstrap/debug/rustc /Users/girivs/src/rust-tantraos/build/bootstrap/debug/rustc --crate-name rustc_parse --edition=2024 compiler/rustc_parse/src/lib.rs --error-format=json --json=diagnostic-rendered-ansi,artifacts,future-incompat --crate-type lib --emit=dep-info,metadata,link -C embed-bitcode=no -C codegen-units=16 -C debug-assertions=off --check-cfg 'cfg(docsrs,test)' --check-cfg 'cfg(feature, values())' -C metadata=4aed41d31dcc4c4b -C extra-filename=-d0ade8b6f510f5cb --out-dir /Users/girivs/src/rust-tantraos/build/aarch64-apple-darwin/stage1-rustc/aarch64-apple-darwin/debug/deps --target aarch64-apple-darwin -L dependency=/Users/girivs/src/rust-tantraos/build/aarch64-apple-darwin/stage1-rustc/aarch64-apple-darwin/debug/deps -L dependency=/Users/girivs/src/rust-tantraos/build/aarch64-apple-darwin/stage1-rustc/debug/deps --extern bitflags=/Users/girivs/src/rust-tantraos/build/aarch64-apple-darwin/stage1-rustc/aarch64-apple-darwin/debug/deps/libbitflags-135f596f25eed33e.rmeta --extern rustc_literal_escaper=/Users/girivs/src/rust-tantraos/build/aarch64-apple-darwin/stage1-rustc/aarch64-apple-darwin/debug/deps/librustc_literal_escaper-8991a4bbfee2e635.rmeta --extern rustc_ast=/Users/girivs/src/rust-tantraos/build/aarch64-apple-darwin/stage1-rustc/aarch64-apple-darwin/debug/deps/librustc_ast-986d44ba93a5512b.rmeta --extern rustc_ast_pretty=/Users/girivs/src/rust-tantraos/build/aarch64-apple-darwin/stage1-rustc/aarch64-apple-darwin/debug/deps/librustc_ast_pretty-e5f9988db04cd780.rmeta --extern rustc_data_structures=/Users/girivs/src/rust-tantraos/build/aarch64-apple-darwin/stage1-rustc/aarch64-apple-darwin/debug/deps/librustc_data_structures-53324afa57622985.rmeta --extern rustc_errors=/Users/girivs/src/rust-tantraos/build/aarch64-apple-darwin/stage1-rustc/aarch64-apple-darwin/debug/deps/librustc_errors-89d154c028688311.rmeta --extern rustc_feature=/Users/girivs/src/rust-tantraos/build/aarch64-apple-darwin/stage1-rustc/aarch64-apple-darwin/debug/deps/librustc_feature-408fdd73cabbcdd5.rmeta --extern rustc_fluent_macro=/Users/girivs/src/rust-tantraos/build/aarch64-apple-darwin/stage1-rustc/debug/deps/librustc_fluent_macro-6a93aa79dabde813.dylib --extern rustc_index=/Users/girivs/src/rust-tantraos/build/aarch64-apple-darwin/stage1-rustc/aarch64-apple-darwin/debug/deps/librustc_index-2bf14f55015abfd3.rmeta --extern rustc_lexer=/Users/girivs/src/rust-tantraos/build/aarch64-apple-darwin/stage1-rustc/aarch64-apple-darwin/debug/deps/librustc_lexer-b988e895f018640a.rmeta --extern rustc_macros=/Users/girivs/src/rust-tantraos/build/aarch64-apple-darwin/stage1-rustc/debug/deps/librustc_macros-82fd4294dca5b57c.dylib --extern rustc_session=/Users/girivs/src/rust-tantraos/build/aarch64-apple-darwin/stage1-rustc/aarch64-apple-darwin/debug/deps/librustc_session-a2f907dc0b7ee91b.rmeta --extern rustc_span=/Users/girivs/src/rust-tantraos/build/aarch64-apple-darwin/stage1-rustc/aarch64-apple-darwin/debug/deps/librustc_span-d6bec53b237ec4c4.rmeta --extern thin_vec=/Users/girivs/src/rust-tantraos/build/aarch64-apple-darwin/stage1-rustc/aarch64-apple-darwin/debug/deps/libthin_vec-3f8b2fc9c896cfb1.rmeta --extern tracing=/Users/girivs/src/rust-tantraos/build/aarch64-apple-darwin/stage1-rustc/aarch64-apple-darwin/debug/deps/libtracing-5605f2f867fad977.rmeta --extern unicode_normalization=/Users/girivs/src/rust-tantraos/build/aarch64-apple-darwin/stage1-rustc/aarch64-apple-darwin/debug/deps/libunicode_normalization-00a2cda81b7b9179.rmeta --extern unicode_width=/Users/girivs/src/rust-tantraos/build/aarch64-apple-darwin/stage1-rustc/aarch64-apple-darwin/debug/deps/libunicode_width-0ca3ed53dcdb7a75.rmeta --cfg=bootstrap --cfg=windows_raw_dylib -Csymbol-mangling-version=v0 -Zunstable-options '--check-cfg=cfg(bootstrap)' '--check-cfg=cfg(llvm_enzyme)' -Zmacro-backtrace -Csplit-debuginfo=unpacked -Zosx-rpath-install-name '-Clink-args=-Wl,-rpath,@loader_path/../lib' -Alinker-messages -Zon-broken-pipe=kill -Clto=off -Z binary-dep-depinfo -L native=/Users/girivs/src/rust-tantraos/build/aarch64-apple-darwin/stage1-rustc/aarch64-apple-darwin/debug/build/psm-4644cc58932be6af/out -L native=/Users/girivs/src/rust-tantraos/build/aarch64-apple-darwin/stage1-rustc/aarch64-apple-darwin/debug/build/blake3-486d38906040b2a9/out`
       Dirty rustc_middle v0.0.0 (/Users/girivs/src/rust-tantraos/compiler/rustc_middle): the dependency rustc_session was rebuilt
   Compiling rustc_middle v0.0.0 (/Users/girivs/src/rust-tantraos/compiler/rustc_middle)
     Running `/Users/girivs/src/rust-tantraos/build/bootstrap/debug/rustc /Users/girivs/src/rust-tantraos/build/bootstrap/debug/rustc --crate-name rustc_middle --edition=2024 compiler/rustc_middle/src/lib.rs --error-format=json --json=diagnostic-rendered-ansi,artifacts,future-incompat --crate-type lib --emit=dep-info,metadata,link -C embed-bitcode=no -C codegen-units=16 -C debug-assertions=off --check-cfg 'cfg(docsrs,test)' --check-cfg 'cfg(feature, values("rustc_randomized_layouts"))' -C metadata=a61c5a0fed0a6ac1 -C extra-filename=-4856c36a9d44bf79 --out-dir /Users/girivs/src/rust-tantraos/build/aarch64-apple-darwin/stage1-rustc/aarch64-apple-darwin/debug/deps --target aarch64-apple-darwin -L dependency=/Users/girivs/src/rust-tantraos/build/aarch64-apple-darwin/stage1-rustc/aarch64-apple-darwin/debug/deps -L dependency=/Users/girivs/src/rust-tantraos/build/aarch64-apple-darwin/stage1-rustc/debug/deps --extern bitflags=/Users/girivs/src/rust-tantraos/build/aarch64-apple-darwin/stage1-rustc/aarch64-apple-darwin/debug/deps/libbitflags-135f596f25eed33e.rmeta --extern either=/Users/girivs/src/rust-tantraos/build/aarch64-apple-darwin/stage1-rustc/aarch64-apple-darwin/debug/deps/libeither-9a752f8f23defb52.rmeta --extern gsgdt=/Users/girivs/src/rust-tantraos/build/aarch64-apple-darwin/stage1-rustc/aarch64-apple-darwin/debug/deps/libgsgdt-0a15c4ef388025cd.rmeta --extern polonius_engine=/Users/girivs/src/rust-tantraos/build/aarch64-apple-darwin/stage1-rustc/aarch64-apple-darwin/debug/deps/libpolonius_engine-6dc856885141011f.rmeta --extern rustc_abi=/Users/girivs/src/rust-tantraos/build/aarch64-apple-darwin/stage1-rustc/aarch64-apple-darwin/debug/deps/librustc_abi-09e488c880f2e0a3.rmeta --extern rustc_apfloat=/Users/girivs/src/rust-tantraos/build/aarch64-apple-darwin/stage1-rustc/aarch64-apple-darwin/debug/deps/librustc_apfloat-7309ed1b79fd32a3.rmeta --extern rustc_arena=/Users/girivs/src/rust-tantraos/build/aarch64-apple-darwin/stage1-rustc/aarch64-apple-darwin/debug/deps/librustc_arena-82fa9f5058c00acb.rmeta --extern rustc_ast=/Users/girivs/src/rust-tantraos/build/aarch64-apple-darwin/stage1-rustc/aarch64-apple-darwin/debug/deps/librustc_ast-986d44ba93a5512b.rmeta --extern rustc_ast_ir=/Users/girivs/src/rust-tantraos/build/aarch64-apple-darwin/stage1-rustc/aarch64-apple-darwin/debug/deps/librustc_ast_ir-fb042e813e76b589.rmeta --extern rustc_data_structures=/Users/girivs/src/rust-tantraos/build/aarch64-apple-darwin/stage1-rustc/aarch64-apple-darwin/debug/deps/librustc_data_structures-53324afa57622985.rmeta --extern rustc_error_messages=/Users/girivs/src/rust-tantraos/build/aarch64-apple-darwin/stage1-rustc/aarch64-apple-darwin/debug/deps/librustc_error_messages-0036603d8f3b4898.rmeta --extern rustc_errors=/Users/girivs/src/rust-tantraos/build/aarch64-apple-darwin/stage1-rustc/aarch64-apple-darwin/debug/deps/librustc_errors-89d154c028688311.rmeta --extern rustc_feature=/Users/girivs/src/rust-tantraos/build/aarch64-apple-darwin/stage1-rustc/aarch64-apple-darwin/debug/deps/librustc_feature-408fdd73cabbcdd5.rmeta --extern rustc_fluent_macro=/Users/girivs/src/rust-tantraos/build/aarch64-apple-darwin/stage1-rustc/debug/deps/librustc_fluent_macro-6a93aa79dabde813.dylib --extern rustc_graphviz=/Users/girivs/src/rust-tantraos/build/aarch64-apple-darwin/stage1-rustc/aarch64-apple-darwin/debug/deps/librustc_graphviz-1fddc535a76729a1.rmeta --extern rustc_hashes=/Users/girivs/src/rust-tantraos/build/aarch64-apple-darwin/stage1-rustc/aarch64-apple-darwin/debug/deps/librustc_hashes-f21b6e9214cef269.rmeta --extern rustc_hir=/Users/girivs/src/rust-tantraos/build/aarch64-apple-darwin/stage1-rustc/aarch64-apple-darwin/debug/deps/librustc_hir-48fcfc8b9aa9f89a.rmeta --extern rustc_hir_pretty=/Users/girivs/src/rust-tantraos/build/aarch64-apple-darwin/stage1-rustc/aarch64-apple-darwin/debug/deps/librustc_hir_pretty-ce09053d6a05e15c.rmeta --extern rustc_index=/Users/girivs/src/rust-tantraos/build/aarch64-apple-darwin/stage1-rustc/aarch64-apple-darwin/debug/deps/librustc_index-2bf14f55015abfd3.rmeta --extern rustc_lint_defs=/Users/girivs/src/rust-tantraos/build/aarch64-apple-darwin/stage1-rustc/aarch64-apple-darwin/debug/deps/librustc_lint_defs-964ebbc4d3457239.rmeta --extern rustc_macros=/Users/girivs/src/rust-tantraos/build/aarch64-apple-darwin/stage1-rustc/debug/deps/librustc_macros-82fd4294dca5b57c.dylib --extern rustc_query_system=/Users/girivs/src/rust-tantraos/build/aarch64-apple-darwin/stage1-rustc/aarch64-apple-darwin/debug/deps/librustc_query_system-48bb7dd372d0b900.rmeta --extern rustc_serialize=/Users/girivs/src/rust-tantraos/build/aarch64-apple-darwin/stage1-rustc/aarch64-apple-darwin/debug/deps/librustc_serialize-5a0faa3d5df4fc89.rmeta --extern rustc_session=/Users/girivs/src/rust-tantraos/build/aarch64-apple-darwin/stage1-rustc/aarch64-apple-darwin/debug/deps/librustc_session-a2f907dc0b7ee91b.rmeta --extern rustc_span=/Users/girivs/src/rust-tantraos/build/aarch64-apple-darwin/stage1-rustc/aarch64-apple-darwin/debug/deps/librustc_span-d6bec53b237ec4c4.rmeta --extern rustc_target=/Users/girivs/src/rust-tantraos/build/aarch64-apple-darwin/stage1-rustc/aarch64-apple-darwin/debug/deps/librustc_target-35cf86096f412775.rmeta --extern rustc_thread_pool=/Users/girivs/src/rust-tantraos/build/aarch64-apple-darwin/stage1-rustc/aarch64-apple-darwin/debug/deps/librustc_thread_pool-d378f618fb477099.rmeta --extern rustc_type_ir=/Users/girivs/src/rust-tantraos/build/aarch64-apple-darwin/stage1-rustc/aarch64-apple-darwin/debug/deps/librustc_type_ir-100eaeb3aab77e1b.rmeta --extern smallvec=/Users/girivs/src/rust-tantraos/build/aarch64-apple-darwin/stage1-rustc/aarch64-apple-darwin/debug/deps/libsmallvec-47fd9e70f2e35cd9.rmeta --extern thin_vec=/Users/girivs/src/rust-tantraos/build/aarch64-apple-darwin/stage1-rustc/aarch64-apple-darwin/debug/deps/libthin_vec-3f8b2fc9c896cfb1.rmeta --extern tracing=/Users/girivs/src/rust-tantraos/build/aarch64-apple-darwin/stage1-rustc/aarch64-apple-darwin/debug/deps/libtracing-5605f2f867fad977.rmeta --cfg=bootstrap --cfg=windows_raw_dylib -Csymbol-mangling-version=v0 -Zunstable-options '--check-cfg=cfg(bootstrap)' '--check-cfg=cfg(llvm_enzyme)' -Zmacro-backtrace -Csplit-debuginfo=unpacked -Zosx-rpath-install-name '-Clink-args=-Wl,-rpath,@loader_path/../lib' -Alinker-messages -Zon-broken-pipe=kill -Clto=off -Z binary-dep-depinfo -L native=/Users/girivs/src/rust-tantraos/build/aarch64-apple-darwin/stage1-rustc/aarch64-apple-darwin/debug/build/psm-4644cc58932be6af/out -L native=/Users/girivs/src/rust-tantraos/build/aarch64-apple-darwin/stage1-rustc/aarch64-apple-darwin/debug/build/blake3-486d38906040b2a9/out`
       Dirty rustc_attr_parsing v0.0.0 (/Users/girivs/src/rust-tantraos/compiler/rustc_attr_parsing): the dependency rustc_session was rebuilt
   Compiling rustc_attr_parsing v0.0.0 (/Users/girivs/src/rust-tantraos/compiler/rustc_attr_parsing)
     Running `/Users/girivs/src/rust-tantraos/build/bootstrap/debug/rustc /Users/girivs/src/rust-tantraos/build/bootstrap/debug/rustc --crate-name rustc_attr_parsing --edition=2024 compiler/rustc_attr_parsing/src/lib.rs --error-format=json --json=diagnostic-rendered-ansi,artifacts,future-incompat --crate-type lib --emit=dep-info,metadata,link -C embed-bitcode=no -C codegen-units=16 -C debug-assertions=off --check-cfg 'cfg(docsrs,test)' --check-cfg 'cfg(feature, values())' -C metadata=11e9454eae6d183d -C extra-filename=-362765332dccbe89 --out-dir /Users/girivs/src/rust-tantraos/build/aarch64-apple-darwin/stage1-rustc/aarch64-apple-darwin/debug/deps --target aarch64-apple-darwin -L dependency=/Users/girivs/src/rust-tantraos/build/aarch64-apple-darwin/stage1-rustc/aarch64-apple-darwin/debug/deps -L dependency=/Users/girivs/src/rust-tantraos/build/aarch64-apple-darwin/stage1-rustc/debug/deps --extern rustc_abi=/Users/girivs/src/rust-tantraos/build/aarch64-apple-darwin/stage1-rustc/aarch64-apple-darwin/debug/deps/librustc_abi-09e488c880f2e0a3.rmeta --extern rustc_ast=/Users/girivs/src/rust-tantraos/build/aarch64-apple-darwin/stage1-rustc/aarch64-apple-darwin/debug/deps/librustc_ast-986d44ba93a5512b.rmeta --extern rustc_ast_pretty=/Users/girivs/src/rust-tantraos/build/aarch64-apple-darwin/stage1-rustc/aarch64-apple-darwin/debug/deps/librustc_ast_pretty-e5f9988db04cd780.rmeta --extern rustc_errors=/Users/girivs/src/rust-tantraos/build/aarch64-apple-darwin/stage1-rustc/aarch64-apple-darwin/debug/deps/librustc_errors-89d154c028688311.rmeta --extern rustc_feature=/Users/girivs/src/rust-tantraos/build/aarch64-apple-darwin/stage1-rustc/aarch64-apple-darwin/debug/deps/librustc_feature-408fdd73cabbcdd5.rmeta --extern rustc_fluent_macro=/Users/girivs/src/rust-tantraos/build/aarch64-apple-darwin/stage1-rustc/debug/deps/librustc_fluent_macro-6a93aa79dabde813.dylib --extern rustc_hir=/Users/girivs/src/rust-tantraos/build/aarch64-apple-darwin/stage1-rustc/aarch64-apple-darwin/debug/deps/librustc_hir-48fcfc8b9aa9f89a.rmeta --extern rustc_lexer=/Users/girivs/src/rust-tantraos/build/aarch64-apple-darwin/stage1-rustc/aarch64-apple-darwin/debug/deps/librustc_lexer-b988e895f018640a.rmeta --extern rustc_macros=/Users/girivs/src/rust-tantraos/build/aarch64-apple-darwin/stage1-rustc/debug/deps/librustc_macros-82fd4294dca5b57c.dylib --extern rustc_parse=/Users/girivs/src/rust-tantraos/build/aarch64-apple-darwin/stage1-rustc/aarch64-apple-darwin/debug/deps/librustc_parse-d0ade8b6f510f5cb.rmeta --extern rustc_session=/Users/girivs/src/rust-tantraos/build/aarch64-apple-darwin/stage1-rustc/aarch64-apple-darwin/debug/deps/librustc_session-a2f907dc0b7ee91b.rmeta --extern rustc_span=/Users/girivs/src/rust-tantraos/build/aarch64-apple-darwin/stage1-rustc/aarch64-apple-darwin/debug/deps/librustc_span-d6bec53b237ec4c4.rmeta --extern rustc_target=/Users/girivs/src/rust-tantraos/build/aarch64-apple-darwin/stage1-rustc/aarch64-apple-darwin/debug/deps/librustc_target-35cf86096f412775.rmeta --extern thin_vec=/Users/girivs/src/rust-tantraos/build/aarch64-apple-darwin/stage1-rustc/aarch64-apple-darwin/debug/deps/libthin_vec-3f8b2fc9c896cfb1.rmeta --cfg=bootstrap --cfg=windows_raw_dylib -Csymbol-mangling-version=v0 -Zunstable-options '--check-cfg=cfg(bootstrap)' '--check-cfg=cfg(llvm_enzyme)' -Zmacro-backtrace -Csplit-debuginfo=unpacked -Zosx-rpath-install-name '-Clink-args=-Wl,-rpath,@loader_path/../lib' -Alinker-messages -Zon-broken-pipe=kill -Clto=off -Z binary-dep-depinfo -L native=/Users/girivs/src/rust-tantraos/build/aarch64-apple-darwin/stage1-rustc/aarch64-apple-darwin/debug/build/psm-4644cc58932be6af/out -L native=/Users/girivs/src/rust-tantraos/build/aarch64-apple-darwin/stage1-rustc/aarch64-apple-darwin/debug/build/blake3-486d38906040b2a9/out`
       Dirty rustc_ast_passes v0.0.0 (/Users/girivs/src/rust-tantraos/compiler/rustc_ast_passes): the dependency rustc_session was rebuilt
   Compiling rustc_ast_passes v0.0.0 (/Users/girivs/src/rust-tantraos/compiler/rustc_ast_passes)
     Running `/Users/girivs/src/rust-tantraos/build/bootstrap/debug/rustc /Users/girivs/src/rust-tantraos/build/bootstrap/debug/rustc --crate-name rustc_ast_passes --edition=2024 compiler/rustc_ast_passes/src/lib.rs --error-format=json --json=diagnostic-rendered-ansi,artifacts,future-incompat --crate-type lib --emit=dep-info,metadata,link -C embed-bitcode=no -C codegen-units=16 -C debug-assertions=off --check-cfg 'cfg(docsrs,test)' --check-cfg 'cfg(feature, values())' -C metadata=da61a7ad97c4a8bc -C extra-filename=-38fc80fedba07bb2 --out-dir /Users/girivs/src/rust-tantraos/build/aarch64-apple-darwin/stage1-rustc/aarch64-apple-darwin/debug/deps --target aarch64-apple-darwin -L dependency=/Users/girivs/src/rust-tantraos/build/aarch64-apple-darwin/stage1-rustc/aarch64-apple-darwin/debug/deps -L dependency=/Users/girivs/src/rust-tantraos/build/aarch64-apple-darwin/stage1-rustc/debug/deps --extern itertools=/Users/girivs/src/rust-tantraos/build/aarch64-apple-darwin/stage1-rustc/aarch64-apple-darwin/debug/deps/libitertools-bb5340b0f82f4fc5.rmeta --extern rustc_abi=/Users/girivs/src/rust-tantraos/build/aarch64-apple-darwin/stage1-rustc/aarch64-apple-darwin/debug/deps/librustc_abi-09e488c880f2e0a3.rmeta --extern rustc_ast=/Users/girivs/src/rust-tantraos/build/aarch64-apple-darwin/stage1-rustc/aarch64-apple-darwin/debug/deps/librustc_ast-986d44ba93a5512b.rmeta --extern rustc_ast_pretty=/Users/girivs/src/rust-tantraos/build/aarch64-apple-darwin/stage1-rustc/aarch64-apple-darwin/debug/deps/librustc_ast_pretty-e5f9988db04cd780.rmeta --extern rustc_attr_parsing=/Users/girivs/src/rust-tantraos/build/aarch64-apple-darwin/stage1-rustc/aarch64-apple-darwin/debug/deps/librustc_attr_parsing-362765332dccbe89.rmeta --extern rustc_data_structures=/Users/girivs/src/rust-tantraos/build/aarch64-apple-darwin/stage1-rustc/aarch64-apple-darwin/debug/deps/librustc_data_structures-53324afa57622985.rmeta --extern rustc_errors=/Users/girivs/src/rust-tantraos/build/aarch64-apple-darwin/stage1-rustc/aarch64-apple-darwin/debug/deps/librustc_errors-89d154c028688311.rmeta --extern rustc_feature=/Users/girivs/src/rust-tantraos/build/aarch64-apple-darwin/stage1-rustc/aarch64-apple-darwin/debug/deps/librustc_feature-408fdd73cabbcdd5.rmeta --extern rustc_fluent_macro=/Users/girivs/src/rust-tantraos/build/aarch64-apple-darwin/stage1-rustc/debug/deps/librustc_fluent_macro-6a93aa79dabde813.dylib --extern rustc_macros=/Users/girivs/src/rust-tantraos/build/aarch64-apple-darwin/stage1-rustc/debug/deps/librustc_macros-82fd4294dca5b57c.dylib --extern rustc_session=/Users/girivs/src/rust-tantraos/build/aarch64-apple-darwin/stage1-rustc/aarch64-apple-darwin/debug/deps/librustc_session-a2f907dc0b7ee91b.rmeta --extern rustc_span=/Users/girivs/src/rust-tantraos/build/aarch64-apple-darwin/stage1-rustc/aarch64-apple-darwin/debug/deps/librustc_span-d6bec53b237ec4c4.rmeta --extern rustc_target=/Users/girivs/src/rust-tantraos/build/aarch64-apple-darwin/stage1-rustc/aarch64-apple-darwin/debug/deps/librustc_target-35cf86096f412775.rmeta --extern thin_vec=/Users/girivs/src/rust-tantraos/build/aarch64-apple-darwin/stage1-rustc/aarch64-apple-darwin/debug/deps/libthin_vec-3f8b2fc9c896cfb1.rmeta --cfg=bootstrap --cfg=windows_raw_dylib -Csymbol-mangling-version=v0 -Zunstable-options '--check-cfg=cfg(bootstrap)' '--check-cfg=cfg(llvm_enzyme)' -Zmacro-backtrace -Csplit-debuginfo=unpacked -Zosx-rpath-install-name '-Clink-args=-Wl,-rpath,@loader_path/../lib' -Alinker-messages -Zon-broken-pipe=kill -Clto=off -Z binary-dep-depinfo -L native=/Users/girivs/src/rust-tantraos/build/aarch64-apple-darwin/stage1-rustc/aarch64-apple-darwin/debug/build/psm-4644cc58932be6af/out -L native=/Users/girivs/src/rust-tantraos/build/aarch64-apple-darwin/stage1-rustc/aarch64-apple-darwin/debug/build/blake3-486d38906040b2a9/out`
       Dirty rustc_expand v0.0.0 (/Users/girivs/src/rust-tantraos/compiler/rustc_expand): the dependency rustc_session was rebuilt
   Compiling rustc_expand v0.0.0 (/Users/girivs/src/rust-tantraos/compiler/rustc_expand)
     Running `/Users/girivs/src/rust-tantraos/build/bootstrap/debug/rustc /Users/girivs/src/rust-tantraos/build/bootstrap/debug/rustc --crate-name rustc_expand --edition=2024 compiler/rustc_expand/src/lib.rs --error-format=json --json=diagnostic-rendered-ansi,artifacts,future-incompat --crate-type lib --emit=dep-info,metadata,link -C embed-bitcode=no -C codegen-units=16 -C debug-assertions=off --check-cfg 'cfg(docsrs,test)' --check-cfg 'cfg(feature, values())' -C metadata=84182765ffa440c8 -C extra-filename=-f1c9eba824dcfc81 --out-dir /Users/girivs/src/rust-tantraos/build/aarch64-apple-darwin/stage1-rustc/aarch64-apple-darwin/debug/deps --target aarch64-apple-darwin -L dependency=/Users/girivs/src/rust-tantraos/build/aarch64-apple-darwin/stage1-rustc/aarch64-apple-darwin/debug/deps -L dependency=/Users/girivs/src/rust-tantraos/build/aarch64-apple-darwin/stage1-rustc/debug/deps --extern rustc_ast=/Users/girivs/src/rust-tantraos/build/aarch64-apple-darwin/stage1-rustc/aarch64-apple-darwin/debug/deps/librustc_ast-986d44ba93a5512b.rmeta --extern rustc_ast_passes=/Users/girivs/src/rust-tantraos/build/aarch64-apple-darwin/stage1-rustc/aarch64-apple-darwin/debug/deps/librustc_ast_passes-38fc80fedba07bb2.rmeta --extern rustc_ast_pretty=/Users/girivs/src/rust-tantraos/build/aarch64-apple-darwin/stage1-rustc/aarch64-apple-darwin/debug/deps/librustc_ast_pretty-e5f9988db04cd780.rmeta --extern rustc_attr_parsing=/Users/girivs/src/rust-tantraos/build/aarch64-apple-darwin/stage1-rustc/aarch64-apple-darwin/debug/deps/librustc_attr_parsing-362765332dccbe89.rmeta --extern rustc_data_structures=/Users/girivs/src/rust-tantraos/build/aarch64-apple-darwin/stage1-rustc/aarch64-apple-darwin/debug/deps/librustc_data_structures-53324afa57622985.rmeta --extern rustc_errors=/Users/girivs/src/rust-tantraos/build/aarch64-apple-darwin/stage1-rustc/aarch64-apple-darwin/debug/deps/librustc_errors-89d154c028688311.rmeta --extern rustc_feature=/Users/girivs/src/rust-tantraos/build/aarch64-apple-darwin/stage1-rustc/aarch64-apple-darwin/debug/deps/librustc_feature-408fdd73cabbcdd5.rmeta --extern rustc_fluent_macro=/Users/girivs/src/rust-tantraos/build/aarch64-apple-darwin/stage1-rustc/debug/deps/librustc_fluent_macro-6a93aa79dabde813.dylib --extern rustc_hir=/Users/girivs/src/rust-tantraos/build/aarch64-apple-darwin/stage1-rustc/aarch64-apple-darwin/debug/deps/librustc_hir-48fcfc8b9aa9f89a.rmeta --extern rustc_lexer=/Users/girivs/src/rust-tantraos/build/aarch64-apple-darwin/stage1-rustc/aarch64-apple-darwin/debug/deps/librustc_lexer-b988e895f018640a.rmeta --extern rustc_lint_defs=/Users/girivs/src/rust-tantraos/build/aarch64-apple-darwin/stage1-rustc/aarch64-apple-darwin/debug/deps/librustc_lint_defs-964ebbc4d3457239.rmeta --extern rustc_macros=/Users/girivs/src/rust-tantraos/build/aarch64-apple-darwin/stage1-rustc/debug/deps/librustc_macros-82fd4294dca5b57c.dylib --extern rustc_parse=/Users/girivs/src/rust-tantraos/build/aarch64-apple-darwin/stage1-rustc/aarch64-apple-darwin/debug/deps/librustc_parse-d0ade8b6f510f5cb.rmeta --extern rustc_proc_macro=/Users/girivs/src/rust-tantraos/build/aarch64-apple-darwin/stage1-rustc/aarch64-apple-darwin/debug/deps/librustc_proc_macro-e492ef19f776a004.rmeta --extern rustc_serialize=/Users/girivs/src/rust-tantraos/build/aarch64-apple-darwin/stage1-rustc/aarch64-apple-darwin/debug/deps/librustc_serialize-5a0faa3d5df4fc89.rmeta --extern rustc_session=/Users/girivs/src/rust-tantraos/build/aarch64-apple-darwin/stage1-rustc/aarch64-apple-darwin/debug/deps/librustc_session-a2f907dc0b7ee91b.rmeta --extern rustc_span=/Users/girivs/src/rust-tantraos/build/aarch64-apple-darwin/stage1-rustc/aarch64-apple-darwin/debug/deps/librustc_span-d6bec53b237ec4c4.rmeta --extern smallvec=/Users/girivs/src/rust-tantraos/build/aarch64-apple-darwin/stage1-rustc/aarch64-apple-darwin/debug/deps/libsmallvec-47fd9e70f2e35cd9.rmeta --extern thin_vec=/Users/girivs/src/rust-tantraos/build/aarch64-apple-darwin/stage1-rustc/aarch64-apple-darwin/debug/deps/libthin_vec-3f8b2fc9c896cfb1.rmeta --extern tracing=/Users/girivs/src/rust-tantraos/build/aarch64-apple-darwin/stage1-rustc/aarch64-apple-darwin/debug/deps/libtracing-5605f2f867fad977.rmeta --cfg=bootstrap --cfg=windows_raw_dylib -Csymbol-mangling-version=v0 -Zunstable-options '--check-cfg=cfg(bootstrap)' '--check-cfg=cfg(llvm_enzyme)' -Zmacro-backtrace -Csplit-debuginfo=unpacked -Zosx-rpath-install-name '-Clink-args=-Wl,-rpath,@loader_path/../lib' -Alinker-messages -Zon-broken-pipe=kill -Clto=off -Z binary-dep-depinfo -L native=/Users/girivs/src/rust-tantraos/build/aarch64-apple-darwin/stage1-rustc/aarch64-apple-darwin/debug/build/psm-4644cc58932be6af/out -L native=/Users/girivs/src/rust-tantraos/build/aarch64-apple-darwin/stage1-rustc/aarch64-apple-darwin/debug/build/blake3-486d38906040b2a9/out`
       Dirty rustc_builtin_macros v0.0.0 (/Users/girivs/src/rust-tantraos/compiler/rustc_builtin_macros): the dependency rustc_session was rebuilt
   Compiling rustc_builtin_macros v0.0.0 (/Users/girivs/src/rust-tantraos/compiler/rustc_builtin_macros)
     Running `/Users/girivs/src/rust-tantraos/build/bootstrap/debug/rustc /Users/girivs/src/rust-tantraos/build/bootstrap/debug/rustc --crate-name rustc_builtin_macros --edition=2024 compiler/rustc_builtin_macros/src/lib.rs --error-format=json --json=diagnostic-rendered-ansi,artifacts,future-incompat --crate-type lib --emit=dep-info,metadata,link -C embed-bitcode=no -C codegen-units=16 -C debug-assertions=off --check-cfg 'cfg(docsrs,test)' --check-cfg 'cfg(feature, values())' -C metadata=9abde218fccf7dd1 -C extra-filename=-fabec34a1763cbd7 --out-dir /Users/girivs/src/rust-tantraos/build/aarch64-apple-darwin/stage1-rustc/aarch64-apple-darwin/debug/deps --target aarch64-apple-darwin -L dependency=/Users/girivs/src/rust-tantraos/build/aarch64-apple-darwin/stage1-rustc/aarch64-apple-darwin/debug/deps -L dependency=/Users/girivs/src/rust-tantraos/build/aarch64-apple-darwin/stage1-rustc/debug/deps --extern rustc_ast=/Users/girivs/src/rust-tantraos/build/aarch64-apple-darwin/stage1-rustc/aarch64-apple-darwin/debug/deps/librustc_ast-986d44ba93a5512b.rmeta --extern rustc_ast_pretty=/Users/girivs/src/rust-tantraos/build/aarch64-apple-darwin/stage1-rustc/aarch64-apple-darwin/debug/deps/librustc_ast_pretty-e5f9988db04cd780.rmeta --extern rustc_attr_parsing=/Users/girivs/src/rust-tantraos/build/aarch64-apple-darwin/stage1-rustc/aarch64-apple-darwin/debug/deps/librustc_attr_parsing-362765332dccbe89.rmeta --extern rustc_data_structures=/Users/girivs/src/rust-tantraos/build/aarch64-apple-darwin/stage1-rustc/aarch64-apple-darwin/debug/deps/librustc_data_structures-53324afa57622985.rmeta --extern rustc_errors=/Users/girivs/src/rust-tantraos/build/aarch64-apple-darwin/stage1-rustc/aarch64-apple-darwin/debug/deps/librustc_errors-89d154c028688311.rmeta --extern rustc_expand=/Users/girivs/src/rust-tantraos/build/aarch64-apple-darwin/stage1-rustc/aarch64-apple-darwin/debug/deps/librustc_expand-f1c9eba824dcfc81.rmeta --extern rustc_feature=/Users/girivs/src/rust-tantraos/build/aarch64-apple-darwin/stage1-rustc/aarch64-apple-darwin/debug/deps/librustc_feature-408fdd73cabbcdd5.rmeta --extern rustc_fluent_macro=/Users/girivs/src/rust-tantraos/build/aarch64-apple-darwin/stage1-rustc/debug/deps/librustc_fluent_macro-6a93aa79dabde813.dylib --extern rustc_hir=/Users/girivs/src/rust-tantraos/build/aarch64-apple-darwin/stage1-rustc/aarch64-apple-darwin/debug/deps/librustc_hir-48fcfc8b9aa9f89a.rmeta --extern rustc_index=/Users/girivs/src/rust-tantraos/build/aarch64-apple-darwin/stage1-rustc/aarch64-apple-darwin/debug/deps/librustc_index-2bf14f55015abfd3.rmeta --extern rustc_lexer=/Users/girivs/src/rust-tantraos/build/aarch64-apple-darwin/stage1-rustc/aarch64-apple-darwin/debug/deps/librustc_lexer-b988e895f018640a.rmeta --extern rustc_lint_defs=/Users/girivs/src/rust-tantraos/build/aarch64-apple-darwin/stage1-rustc/aarch64-apple-darwin/debug/deps/librustc_lint_defs-964ebbc4d3457239.rmeta --extern rustc_macros=/Users/girivs/src/rust-tantraos/build/aarch64-apple-darwin/stage1-rustc/debug/deps/librustc_macros-82fd4294dca5b57c.dylib --extern rustc_parse=/Users/girivs/src/rust-tantraos/build/aarch64-apple-darwin/stage1-rustc/aarch64-apple-darwin/debug/deps/librustc_parse-d0ade8b6f510f5cb.rmeta --extern rustc_parse_format=/Users/girivs/src/rust-tantraos/build/aarch64-apple-darwin/stage1-rustc/aarch64-apple-darwin/debug/deps/librustc_parse_format-8df52de1aa822d64.rmeta --extern rustc_proc_macro=/Users/girivs/src/rust-tantraos/build/aarch64-apple-darwin/stage1-rustc/aarch64-apple-darwin/debug/deps/librustc_proc_macro-e492ef19f776a004.rmeta --extern rustc_session=/Users/girivs/src/rust-tantraos/build/aarch64-apple-darwin/stage1-rustc/aarch64-apple-darwin/debug/deps/librustc_session-a2f907dc0b7ee91b.rmeta --extern rustc_span=/Users/girivs/src/rust-tantraos/build/aarch64-apple-darwin/stage1-rustc/aarch64-apple-darwin/debug/deps/librustc_span-d6bec53b237ec4c4.rmeta --extern rustc_target=/Users/girivs/src/rust-tantraos/build/aarch64-apple-darwin/stage1-rustc/aarch64-apple-darwin/debug/deps/librustc_target-35cf86096f412775.rmeta --extern smallvec=/Users/girivs/src/rust-tantraos/build/aarch64-apple-darwin/stage1-rustc/aarch64-apple-darwin/debug/deps/libsmallvec-47fd9e70f2e35cd9.rmeta --extern thin_vec=/Users/girivs/src/rust-tantraos/build/aarch64-apple-darwin/stage1-rustc/aarch64-apple-darwin/debug/deps/libthin_vec-3f8b2fc9c896cfb1.rmeta --extern tracing=/Users/girivs/src/rust-tantraos/build/aarch64-apple-darwin/stage1-rustc/aarch64-apple-darwin/debug/deps/libtracing-5605f2f867fad977.rmeta --cfg=bootstrap --cfg=windows_raw_dylib -Csymbol-mangling-version=v0 -Zunstable-options '--check-cfg=cfg(bootstrap)' '--check-cfg=cfg(llvm_enzyme)' -Zmacro-backtrace -Csplit-debuginfo=unpacked -Zosx-rpath-install-name '-Clink-args=-Wl,-rpath,@loader_path/../lib' -Alinker-messages -Zon-broken-pipe=kill -Clto=off -Z binary-dep-depinfo -L native=/Users/girivs/src/rust-tantraos/build/aarch64-apple-darwin/stage1-rustc/aarch64-apple-darwin/debug/build/psm-4644cc58932be6af/out -L native=/Users/girivs/src/rust-tantraos/build/aarch64-apple-darwin/stage1-rustc/aarch64-apple-darwin/debug/build/blake3-486d38906040b2a9/out`
       Dirty rustc_infer v0.0.0 (/Users/girivs/src/rust-tantraos/compiler/rustc_infer): the dependency rustc_middle was rebuilt
   Compiling rustc_infer v0.0.0 (/Users/girivs/src/rust-tantraos/compiler/rustc_infer)
       Dirty rustc_transmute v0.0.0 (/Users/girivs/src/rust-tantraos/compiler/rustc_transmute): the dependency rustc_middle was rebuilt
   Compiling rustc_transmute v0.0.0 (/Users/girivs/src/rust-tantraos/compiler/rustc_transmute)
       Dirty rustc_incremental v0.0.0 (/Users/girivs/src/rust-tantraos/compiler/rustc_incremental): the dependency rustc_session was rebuilt
   Compiling rustc_incremental v0.0.0 (/Users/girivs/src/rust-tantraos/compiler/rustc_incremental)
       Dirty rustc_mir_dataflow v0.0.0 (/Users/girivs/src/rust-tantraos/compiler/rustc_mir_dataflow): the dependency rustc_middle was rebuilt
   Compiling rustc_mir_dataflow v0.0.0 (/Users/girivs/src/rust-tantraos/compiler/rustc_mir_dataflow)
       Dirty rustc_pattern_analysis v0.0.0 (/Users/girivs/src/rust-tantraos/compiler/rustc_pattern_analysis): the dependency rustc_session was rebuilt
   Compiling rustc_pattern_analysis v0.0.0 (/Users/girivs/src/rust-tantraos/compiler/rustc_pattern_analysis)
       Dirty rustc_symbol_mangling v0.0.0 (/Users/girivs/src/rust-tantraos/compiler/rustc_symbol_mangling): the dependency rustc_session was rebuilt
   Compiling rustc_symbol_mangling v0.0.0 (/Users/girivs/src/rust-tantraos/compiler/rustc_symbol_mangling)
       Dirty rustc_ast_lowering v0.0.0 (/Users/girivs/src/rust-tantraos/compiler/rustc_ast_lowering): the dependency rustc_session was rebuilt
   Compiling rustc_ast_lowering v0.0.0 (/Users/girivs/src/rust-tantraos/compiler/rustc_ast_lowering)
       Dirty rustc_query_impl v0.0.0 (/Users/girivs/src/rust-tantraos/compiler/rustc_query_impl): the dependency rustc_middle was rebuilt
   Compiling rustc_query_impl v0.0.0 (/Users/girivs/src/rust-tantraos/compiler/rustc_query_impl)
       Dirty rustc_public_bridge v0.0.0 (/Users/girivs/src/rust-tantraos/compiler/rustc_public_bridge): the dependency rustc_session was rebuilt
   Compiling rustc_public_bridge v0.0.0 (/Users/girivs/src/rust-tantraos/compiler/rustc_public_bridge)
     Running `/Users/girivs/src/rust-tantraos/build/bootstrap/debug/rustc /Users/girivs/src/rust-tantraos/build/bootstrap/debug/rustc --crate-name rustc_infer --edition=2024 compiler/rustc_infer/src/lib.rs --error-format=json --json=diagnostic-rendered-ansi,artifacts,future-incompat --crate-type lib --emit=dep-info,metadata,link -C embed-bitcode=no -C codegen-units=16 -C debug-assertions=off --check-cfg 'cfg(docsrs,test)' --check-cfg 'cfg(feature, values())' -C metadata=e732a2e002b740b1 -C extra-filename=-c26c8f4fe6f1661c --out-dir /Users/girivs/src/rust-tantraos/build/aarch64-apple-darwin/stage1-rustc/aarch64-apple-darwin/debug/deps --target aarch64-apple-darwin -L dependency=/Users/girivs/src/rust-tantraos/build/aarch64-apple-darwin/stage1-rustc/aarch64-apple-darwin/debug/deps -L dependency=/Users/girivs/src/rust-tantraos/build/aarch64-apple-darwin/stage1-rustc/debug/deps --extern rustc_data_structures=/Users/girivs/src/rust-tantraos/build/aarch64-apple-darwin/stage1-rustc/aarch64-apple-darwin/debug/deps/librustc_data_structures-53324afa57622985.rmeta --extern rustc_errors=/Users/girivs/src/rust-tantraos/build/aarch64-apple-darwin/stage1-rustc/aarch64-apple-darwin/debug/deps/librustc_errors-89d154c028688311.rmeta --extern rustc_fluent_macro=/Users/girivs/src/rust-tantraos/build/aarch64-apple-darwin/stage1-rustc/debug/deps/librustc_fluent_macro-6a93aa79dabde813.dylib --extern rustc_hir=/Users/girivs/src/rust-tantraos/build/aarch64-apple-darwin/stage1-rustc/aarch64-apple-darwin/debug/deps/librustc_hir-48fcfc8b9aa9f89a.rmeta --extern rustc_index=/Users/girivs/src/rust-tantraos/build/aarch64-apple-darwin/stage1-rustc/aarch64-apple-darwin/debug/deps/librustc_index-2bf14f55015abfd3.rmeta --extern rustc_macros=/Users/girivs/src/rust-tantraos/build/aarch64-apple-darwin/stage1-rustc/debug/deps/librustc_macros-82fd4294dca5b57c.dylib --extern rustc_middle=/Users/girivs/src/rust-tantraos/build/aarch64-apple-darwin/stage1-rustc/aarch64-apple-darwin/debug/deps/librustc_middle-4856c36a9d44bf79.rmeta --extern rustc_span=/Users/girivs/src/rust-tantraos/build/aarch64-apple-darwin/stage1-rustc/aarch64-apple-darwin/debug/deps/librustc_span-d6bec53b237ec4c4.rmeta --extern rustc_type_ir=/Users/girivs/src/rust-tantraos/build/aarch64-apple-darwin/stage1-rustc/aarch64-apple-darwin/debug/deps/librustc_type_ir-100eaeb3aab77e1b.rmeta --extern smallvec=/Users/girivs/src/rust-tantraos/build/aarch64-apple-darwin/stage1-rustc/aarch64-apple-darwin/debug/deps/libsmallvec-47fd9e70f2e35cd9.rmeta --extern thin_vec=/Users/girivs/src/rust-tantraos/build/aarch64-apple-darwin/stage1-rustc/aarch64-apple-darwin/debug/deps/libthin_vec-3f8b2fc9c896cfb1.rmeta --extern tracing=/Users/girivs/src/rust-tantraos/build/aarch64-apple-darwin/stage1-rustc/aarch64-apple-darwin/debug/deps/libtracing-5605f2f867fad977.rmeta --cfg=bootstrap --cfg=windows_raw_dylib -Csymbol-mangling-version=v0 -Zunstable-options '--check-cfg=cfg(bootstrap)' '--check-cfg=cfg(llvm_enzyme)' -Zmacro-backtrace -Csplit-debuginfo=unpacked -Zosx-rpath-install-name '-Clink-args=-Wl,-rpath,@loader_path/../lib' -Alinker-messages -Zon-broken-pipe=kill -Clto=off -Z binary-dep-depinfo -L native=/Users/girivs/src/rust-tantraos/build/aarch64-apple-darwin/stage1-rustc/aarch64-apple-darwin/debug/build/psm-4644cc58932be6af/out -L native=/Users/girivs/src/rust-tantraos/build/aarch64-apple-darwin/stage1-rustc/aarch64-apple-darwin/debug/build/blake3-486d38906040b2a9/out`
     Running `/Users/girivs/src/rust-tantraos/build/bootstrap/debug/rustc /Users/girivs/src/rust-tantraos/build/bootstrap/debug/rustc --crate-name rustc_incremental --edition=2024 compiler/rustc_incremental/src/lib.rs --error-format=json --json=diagnostic-rendered-ansi,artifacts,future-incompat --crate-type lib --emit=dep-info,metadata,link -C embed-bitcode=no -C codegen-units=16 -C debug-assertions=off --check-cfg 'cfg(docsrs,test)' --check-cfg 'cfg(feature, values())' -C metadata=3b7bd438fd9afcb7 -C extra-filename=-0403c0da8cf745b1 --out-dir /Users/girivs/src/rust-tantraos/build/aarch64-apple-darwin/stage1-rustc/aarch64-apple-darwin/debug/deps --target aarch64-apple-darwin -L dependency=/Users/girivs/src/rust-tantraos/build/aarch64-apple-darwin/stage1-rustc/aarch64-apple-darwin/debug/deps -L dependency=/Users/girivs/src/rust-tantraos/build/aarch64-apple-darwin/stage1-rustc/debug/deps --extern rand=/Users/girivs/src/rust-tantraos/build/aarch64-apple-darwin/stage1-rustc/aarch64-apple-darwin/debug/deps/librand-eaff6722d4d0be2a.rmeta --extern rustc_ast=/Users/girivs/src/rust-tantraos/build/aarch64-apple-darwin/stage1-rustc/aarch64-apple-darwin/debug/deps/librustc_ast-986d44ba93a5512b.rmeta --extern rustc_data_structures=/Users/girivs/src/rust-tantraos/build/aarch64-apple-darwin/stage1-rustc/aarch64-apple-darwin/debug/deps/librustc_data_structures-53324afa57622985.rmeta --extern rustc_errors=/Users/girivs/src/rust-tantraos/build/aarch64-apple-darwin/stage1-rustc/aarch64-apple-darwin/debug/deps/librustc_errors-89d154c028688311.rmeta --extern rustc_fluent_macro=/Users/girivs/src/rust-tantraos/build/aarch64-apple-darwin/stage1-rustc/debug/deps/librustc_fluent_macro-6a93aa79dabde813.dylib --extern rustc_fs_util=/Users/girivs/src/rust-tantraos/build/aarch64-apple-darwin/stage1-rustc/aarch64-apple-darwin/debug/deps/librustc_fs_util-15cace19e9869a25.rmeta --extern rustc_graphviz=/Users/girivs/src/rust-tantraos/build/aarch64-apple-darwin/stage1-rustc/aarch64-apple-darwin/debug/deps/librustc_graphviz-1fddc535a76729a1.rmeta --extern rustc_hashes=/Users/girivs/src/rust-tantraos/build/aarch64-apple-darwin/stage1-rustc/aarch64-apple-darwin/debug/deps/librustc_hashes-f21b6e9214cef269.rmeta --extern rustc_hir=/Users/girivs/src/rust-tantraos/build/aarch64-apple-darwin/stage1-rustc/aarch64-apple-darwin/debug/deps/librustc_hir-48fcfc8b9aa9f89a.rmeta --extern rustc_macros=/Users/girivs/src/rust-tantraos/build/aarch64-apple-darwin/stage1-rustc/debug/deps/librustc_macros-82fd4294dca5b57c.dylib --extern rustc_middle=/Users/girivs/src/rust-tantraos/build/aarch64-apple-darwin/stage1-rustc/aarch64-apple-darwin/debug/deps/librustc_middle-4856c36a9d44bf79.rmeta --extern rustc_serialize=/Users/girivs/src/rust-tantraos/build/aarch64-apple-darwin/stage1-rustc/aarch64-apple-darwin/debug/deps/librustc_serialize-5a0faa3d5df4fc89.rmeta --extern rustc_session=/Users/girivs/src/rust-tantraos/build/aarch64-apple-darwin/stage1-rustc/aarch64-apple-darwin/debug/deps/librustc_session-a2f907dc0b7ee91b.rmeta --extern rustc_span=/Users/girivs/src/rust-tantraos/build/aarch64-apple-darwin/stage1-rustc/aarch64-apple-darwin/debug/deps/librustc_span-d6bec53b237ec4c4.rmeta --extern thin_vec=/Users/girivs/src/rust-tantraos/build/aarch64-apple-darwin/stage1-rustc/aarch64-apple-darwin/debug/deps/libthin_vec-3f8b2fc9c896cfb1.rmeta --extern tracing=/Users/girivs/src/rust-tantraos/build/aarch64-apple-darwin/stage1-rustc/aarch64-apple-darwin/debug/deps/libtracing-5605f2f867fad977.rmeta --cfg=bootstrap --cfg=windows_raw_dylib -Csymbol-mangling-version=v0 -Zunstable-options '--check-cfg=cfg(bootstrap)' '--check-cfg=cfg(llvm_enzyme)' -Zmacro-backtrace -Csplit-debuginfo=unpacked -Zosx-rpath-install-name '-Clink-args=-Wl,-rpath,@loader_path/../lib' -Alinker-messages -Zon-broken-pipe=kill -Clto=off -Z binary-dep-depinfo -L native=/Users/girivs/src/rust-tantraos/build/aarch64-apple-darwin/stage1-rustc/aarch64-apple-darwin/debug/build/psm-4644cc58932be6af/out -L native=/Users/girivs/src/rust-tantraos/build/aarch64-apple-darwin/stage1-rustc/aarch64-apple-darwin/debug/build/blake3-486d38906040b2a9/out`
     Running `/Users/girivs/src/rust-tantraos/build/bootstrap/debug/rustc /Users/girivs/src/rust-tantraos/build/bootstrap/debug/rustc --crate-name rustc_mir_dataflow --edition=2024 compiler/rustc_mir_dataflow/src/lib.rs --error-format=json --json=diagnostic-rendered-ansi,artifacts,future-incompat --crate-type lib --emit=dep-info,metadata,link -C embed-bitcode=no -C codegen-units=16 -C debug-assertions=off --check-cfg 'cfg(docsrs,test)' --check-cfg 'cfg(feature, values())' -C metadata=19887480fcd4a211 -C extra-filename=-eda3f45ee4844999 --out-dir /Users/girivs/src/rust-tantraos/build/aarch64-apple-darwin/stage1-rustc/aarch64-apple-darwin/debug/deps --target aarch64-apple-darwin -L dependency=/Users/girivs/src/rust-tantraos/build/aarch64-apple-darwin/stage1-rustc/aarch64-apple-darwin/debug/deps -L dependency=/Users/girivs/src/rust-tantraos/build/aarch64-apple-darwin/stage1-rustc/debug/deps --extern polonius_engine=/Users/girivs/src/rust-tantraos/build/aarch64-apple-darwin/stage1-rustc/aarch64-apple-darwin/debug/deps/libpolonius_engine-6dc856885141011f.rmeta --extern regex=/Users/girivs/src/rust-tantraos/build/aarch64-apple-darwin/stage1-rustc/aarch64-apple-darwin/debug/deps/libregex-eb8b8751f9b72e12.rmeta --extern rustc_abi=/Users/girivs/src/rust-tantraos/build/aarch64-apple-darwin/stage1-rustc/aarch64-apple-darwin/debug/deps/librustc_abi-09e488c880f2e0a3.rmeta --extern rustc_ast=/Users/girivs/src/rust-tantraos/build/aarch64-apple-darwin/stage1-rustc/aarch64-apple-darwin/debug/deps/librustc_ast-986d44ba93a5512b.rmeta --extern rustc_data_structures=/Users/girivs/src/rust-tantraos/build/aarch64-apple-darwin/stage1-rustc/aarch64-apple-darwin/debug/deps/librustc_data_structures-53324afa57622985.rmeta --extern rustc_errors=/Users/girivs/src/rust-tantraos/build/aarch64-apple-darwin/stage1-rustc/aarch64-apple-darwin/debug/deps/librustc_errors-89d154c028688311.rmeta --extern rustc_fluent_macro=/Users/girivs/src/rust-tantraos/build/aarch64-apple-darwin/stage1-rustc/debug/deps/librustc_fluent_macro-6a93aa79dabde813.dylib --extern rustc_graphviz=/Users/girivs/src/rust-tantraos/build/aarch64-apple-darwin/stage1-rustc/aarch64-apple-darwin/debug/deps/librustc_graphviz-1fddc535a76729a1.rmeta --extern rustc_index=/Users/girivs/src/rust-tantraos/build/aarch64-apple-darwin/stage1-rustc/aarch64-apple-darwin/debug/deps/librustc_index-2bf14f55015abfd3.rmeta --extern rustc_macros=/Users/girivs/src/rust-tantraos/build/aarch64-apple-darwin/stage1-rustc/debug/deps/librustc_macros-82fd4294dca5b57c.dylib --extern rustc_middle=/Users/girivs/src/rust-tantraos/build/aarch64-apple-darwin/stage1-rustc/aarch64-apple-darwin/debug/deps/librustc_middle-4856c36a9d44bf79.rmeta --extern rustc_span=/Users/girivs/src/rust-tantraos/build/aarch64-apple-darwin/stage1-rustc/aarch64-apple-darwin/debug/deps/librustc_span-d6bec53b237ec4c4.rmeta --extern smallvec=/Users/girivs/src/rust-tantraos/build/aarch64-apple-darwin/stage1-rustc/aarch64-apple-darwin/debug/deps/libsmallvec-47fd9e70f2e35cd9.rmeta --extern tracing=/Users/girivs/src/rust-tantraos/build/aarch64-apple-darwin/stage1-rustc/aarch64-apple-darwin/debug/deps/libtracing-5605f2f867fad977.rmeta --cfg=bootstrap --cfg=windows_raw_dylib -Csymbol-mangling-version=v0 -Zunstable-options '--check-cfg=cfg(bootstrap)' '--check-cfg=cfg(llvm_enzyme)' -Zmacro-backtrace -Csplit-debuginfo=unpacked -Zosx-rpath-install-name '-Clink-args=-Wl,-rpath,@loader_path/../lib' -Alinker-messages -Zon-broken-pipe=kill -Clto=off -Z binary-dep-depinfo -L native=/Users/girivs/src/rust-tantraos/build/aarch64-apple-darwin/stage1-rustc/aarch64-apple-darwin/debug/build/psm-4644cc58932be6af/out -L native=/Users/girivs/src/rust-tantraos/build/aarch64-apple-darwin/stage1-rustc/aarch64-apple-darwin/debug/build/blake3-486d38906040b2a9/out`
     Running `/Users/girivs/src/rust-tantraos/build/bootstrap/debug/rustc /Users/girivs/src/rust-tantraos/build/bootstrap/debug/rustc --crate-name rustc_symbol_mangling --edition=2024 compiler/rustc_symbol_mangling/src/lib.rs --error-format=json --json=diagnostic-rendered-ansi,artifacts,future-incompat --crate-type lib --emit=dep-info,metadata,link -C embed-bitcode=no -C codegen-units=16 -C debug-assertions=off --check-cfg 'cfg(docsrs,test)' --check-cfg 'cfg(feature, values())' -C metadata=c1f423b5b9228145 -C extra-filename=-afc9f98714ddb03c --out-dir /Users/girivs/src/rust-tantraos/build/aarch64-apple-darwin/stage1-rustc/aarch64-apple-darwin/debug/deps --target aarch64-apple-darwin -L dependency=/Users/girivs/src/rust-tantraos/build/aarch64-apple-darwin/stage1-rustc/aarch64-apple-darwin/debug/deps -L dependency=/Users/girivs/src/rust-tantraos/build/aarch64-apple-darwin/stage1-rustc/debug/deps --extern punycode=/Users/girivs/src/rust-tantraos/build/aarch64-apple-darwin/stage1-rustc/aarch64-apple-darwin/debug/deps/libpunycode-7afed16f2286f91b.rmeta --extern rustc_demangle=/Users/girivs/src/rust-tantraos/build/aarch64-apple-darwin/stage1-rustc/aarch64-apple-darwin/debug/deps/librustc_demangle-304bdd798810d54e.rmeta --extern rustc_abi=/Users/girivs/src/rust-tantraos/build/aarch64-apple-darwin/stage1-rustc/aarch64-apple-darwin/debug/deps/librustc_abi-09e488c880f2e0a3.rmeta --extern rustc_data_structures=/Users/girivs/src/rust-tantraos/build/aarch64-apple-darwin/stage1-rustc/aarch64-apple-darwin/debug/deps/librustc_data_structures-53324afa57622985.rmeta --extern rustc_errors=/Users/girivs/src/rust-tantraos/build/aarch64-apple-darwin/stage1-rustc/aarch64-apple-darwin/debug/deps/librustc_errors-89d154c028688311.rmeta --extern rustc_hashes=/Users/girivs/src/rust-tantraos/build/aarch64-apple-darwin/stage1-rustc/aarch64-apple-darwin/debug/deps/librustc_hashes-f21b6e9214cef269.rmeta --extern rustc_hir=/Users/girivs/src/rust-tantraos/build/aarch64-apple-darwin/stage1-rustc/aarch64-apple-darwin/debug/deps/librustc_hir-48fcfc8b9aa9f89a.rmeta --extern rustc_middle=/Users/girivs/src/rust-tantraos/build/aarch64-apple-darwin/stage1-rustc/aarch64-apple-darwin/debug/deps/librustc_middle-4856c36a9d44bf79.rmeta --extern rustc_session=/Users/girivs/src/rust-tantraos/build/aarch64-apple-darwin/stage1-rustc/aarch64-apple-darwin/debug/deps/librustc_session-a2f907dc0b7ee91b.rmeta --extern rustc_span=/Users/girivs/src/rust-tantraos/build/aarch64-apple-darwin/stage1-rustc/aarch64-apple-darwin/debug/deps/librustc_span-d6bec53b237ec4c4.rmeta --extern tracing=/Users/girivs/src/rust-tantraos/build/aarch64-apple-darwin/stage1-rustc/aarch64-apple-darwin/debug/deps/libtracing-5605f2f867fad977.rmeta --cfg=bootstrap --cfg=windows_raw_dylib -Csymbol-mangling-version=v0 -Zunstable-options '--check-cfg=cfg(bootstrap)' '--check-cfg=cfg(llvm_enzyme)' -Zmacro-backtrace -Csplit-debuginfo=unpacked -Zosx-rpath-install-name '-Clink-args=-Wl,-rpath,@loader_path/../lib' -Alinker-messages -Zon-broken-pipe=kill -Clto=off -Z binary-dep-depinfo -L native=/Users/girivs/src/rust-tantraos/build/aarch64-apple-darwin/stage1-rustc/aarch64-apple-darwin/debug/build/psm-4644cc58932be6af/out -L native=/Users/girivs/src/rust-tantraos/build/aarch64-apple-darwin/stage1-rustc/aarch64-apple-darwin/debug/build/blake3-486d38906040b2a9/out`
     Running `/Users/girivs/src/rust-tantraos/build/bootstrap/debug/rustc /Users/girivs/src/rust-tantraos/build/bootstrap/debug/rustc --crate-name rustc_ast_lowering --edition=2024 compiler/rustc_ast_lowering/src/lib.rs --error-format=json --json=diagnostic-rendered-ansi,artifacts,future-incompat --crate-type lib --emit=dep-info,metadata,link -C embed-bitcode=no -C codegen-units=16 -C debug-assertions=off --check-cfg 'cfg(docsrs,test)' --check-cfg 'cfg(feature, values())' -C metadata=2b687d2ca026ae63 -C extra-filename=-e2a5d3f5b909baa8 --out-dir /Users/girivs/src/rust-tantraos/build/aarch64-apple-darwin/stage1-rustc/aarch64-apple-darwin/debug/deps --target aarch64-apple-darwin -L dependency=/Users/girivs/src/rust-tantraos/build/aarch64-apple-darwin/stage1-rustc/aarch64-apple-darwin/debug/deps -L dependency=/Users/girivs/src/rust-tantraos/build/aarch64-apple-darwin/stage1-rustc/debug/deps --extern rustc_abi=/Users/girivs/src/rust-tantraos/build/aarch64-apple-darwin/stage1-rustc/aarch64-apple-darwin/debug/deps/librustc_abi-09e488c880f2e0a3.rmeta --extern rustc_ast=/Users/girivs/src/rust-tantraos/build/aarch64-apple-darwin/stage1-rustc/aarch64-apple-darwin/debug/deps/librustc_ast-986d44ba93a5512b.rmeta --extern rustc_ast_pretty=/Users/girivs/src/rust-tantraos/build/aarch64-apple-darwin/stage1-rustc/aarch64-apple-darwin/debug/deps/librustc_ast_pretty-e5f9988db04cd780.rmeta --extern rustc_attr_parsing=/Users/girivs/src/rust-tantraos/build/aarch64-apple-darwin/stage1-rustc/aarch64-apple-darwin/debug/deps/librustc_attr_parsing-362765332dccbe89.rmeta --extern rustc_data_structures=/Users/girivs/src/rust-tantraos/build/aarch64-apple-darwin/stage1-rustc/aarch64-apple-darwin/debug/deps/librustc_data_structures-53324afa57622985.rmeta --extern rustc_errors=/Users/girivs/src/rust-tantraos/build/aarch64-apple-darwin/stage1-rustc/aarch64-apple-darwin/debug/deps/librustc_errors-89d154c028688311.rmeta --extern rustc_feature=/Users/girivs/src/rust-tantraos/build/aarch64-apple-darwin/stage1-rustc/aarch64-apple-darwin/debug/deps/librustc_feature-408fdd73cabbcdd5.rmeta --extern rustc_fluent_macro=/Users/girivs/src/rust-tantraos/build/aarch64-apple-darwin/stage1-rustc/debug/deps/librustc_fluent_macro-6a93aa79dabde813.dylib --extern rustc_hir=/Users/girivs/src/rust-tantraos/build/aarch64-apple-darwin/stage1-rustc/aarch64-apple-darwin/debug/deps/librustc_hir-48fcfc8b9aa9f89a.rmeta --extern rustc_index=/Users/girivs/src/rust-tantraos/build/aarch64-apple-darwin/stage1-rustc/aarch64-apple-darwin/debug/deps/librustc_index-2bf14f55015abfd3.rmeta --extern rustc_macros=/Users/girivs/src/rust-tantraos/build/aarch64-apple-darwin/stage1-rustc/debug/deps/librustc_macros-82fd4294dca5b57c.dylib --extern rustc_middle=/Users/girivs/src/rust-tantraos/build/aarch64-apple-darwin/stage1-rustc/aarch64-apple-darwin/debug/deps/librustc_middle-4856c36a9d44bf79.rmeta --extern rustc_session=/Users/girivs/src/rust-tantraos/build/aarch64-apple-darwin/stage1-rustc/aarch64-apple-darwin/debug/deps/librustc_session-a2f907dc0b7ee91b.rmeta --extern rustc_span=/Users/girivs/src/rust-tantraos/build/aarch64-apple-darwin/stage1-rustc/aarch64-apple-darwin/debug/deps/librustc_span-d6bec53b237ec4c4.rmeta --extern rustc_target=/Users/girivs/src/rust-tantraos/build/aarch64-apple-darwin/stage1-rustc/aarch64-apple-darwin/debug/deps/librustc_target-35cf86096f412775.rmeta --extern smallvec=/Users/girivs/src/rust-tantraos/build/aarch64-apple-darwin/stage1-rustc/aarch64-apple-darwin/debug/deps/libsmallvec-47fd9e70f2e35cd9.rmeta --extern thin_vec=/Users/girivs/src/rust-tantraos/build/aarch64-apple-darwin/stage1-rustc/aarch64-apple-darwin/debug/deps/libthin_vec-3f8b2fc9c896cfb1.rmeta --extern tracing=/Users/girivs/src/rust-tantraos/build/aarch64-apple-darwin/stage1-rustc/aarch64-apple-darwin/debug/deps/libtracing-5605f2f867fad977.rmeta --cfg=bootstrap --cfg=windows_raw_dylib -Csymbol-mangling-version=v0 -Zunstable-options '--check-cfg=cfg(bootstrap)' '--check-cfg=cfg(llvm_enzyme)' -Zmacro-backtrace -Csplit-debuginfo=unpacked -Zosx-rpath-install-name '-Clink-args=-Wl,-rpath,@loader_path/../lib' -Alinker-messages -Zon-broken-pipe=kill -Clto=off -Z binary-dep-depinfo -L native=/Users/girivs/src/rust-tantraos/build/aarch64-apple-darwin/stage1-rustc/aarch64-apple-darwin/debug/build/psm-4644cc58932be6af/out -L native=/Users/girivs/src/rust-tantraos/build/aarch64-apple-darwin/stage1-rustc/aarch64-apple-darwin/debug/build/blake3-486d38906040b2a9/out`
     Running `/Users/girivs/src/rust-tantraos/build/bootstrap/debug/rustc /Users/girivs/src/rust-tantraos/build/bootstrap/debug/rustc --crate-name rustc_transmute --edition=2024 compiler/rustc_transmute/src/lib.rs --error-format=json --json=diagnostic-rendered-ansi,artifacts,future-incompat --crate-type lib --emit=dep-info,metadata,link -C embed-bitcode=no -C codegen-units=16 -C debug-assertions=off --cfg 'feature="rustc"' --check-cfg 'cfg(docsrs,test)' --check-cfg 'cfg(feature, values("rustc"))' -C metadata=16b2e00a99309f8a -C extra-filename=-3bc913eea30d3574 --out-dir /Users/girivs/src/rust-tantraos/build/aarch64-apple-darwin/stage1-rustc/aarch64-apple-darwin/debug/deps --target aarch64-apple-darwin -L dependency=/Users/girivs/src/rust-tantraos/build/aarch64-apple-darwin/stage1-rustc/aarch64-apple-darwin/debug/deps -L dependency=/Users/girivs/src/rust-tantraos/build/aarch64-apple-darwin/stage1-rustc/debug/deps --extern rustc_abi=/Users/girivs/src/rust-tantraos/build/aarch64-apple-darwin/stage1-rustc/aarch64-apple-darwin/debug/deps/librustc_abi-09e488c880f2e0a3.rmeta --extern rustc_data_structures=/Users/girivs/src/rust-tantraos/build/aarch64-apple-darwin/stage1-rustc/aarch64-apple-darwin/debug/deps/librustc_data_structures-53324afa57622985.rmeta --extern rustc_hir=/Users/girivs/src/rust-tantraos/build/aarch64-apple-darwin/stage1-rustc/aarch64-apple-darwin/debug/deps/librustc_hir-48fcfc8b9aa9f89a.rmeta --extern rustc_middle=/Users/girivs/src/rust-tantraos/build/aarch64-apple-darwin/stage1-rustc/aarch64-apple-darwin/debug/deps/librustc_middle-4856c36a9d44bf79.rmeta --extern rustc_span=/Users/girivs/src/rust-tantraos/build/aarch64-apple-darwin/stage1-rustc/aarch64-apple-darwin/debug/deps/librustc_span-d6bec53b237ec4c4.rmeta --extern smallvec=/Users/girivs/src/rust-tantraos/build/aarch64-apple-darwin/stage1-rustc/aarch64-apple-darwin/debug/deps/libsmallvec-47fd9e70f2e35cd9.rmeta --extern tracing=/Users/girivs/src/rust-tantraos/build/aarch64-apple-darwin/stage1-rustc/aarch64-apple-darwin/debug/deps/libtracing-5605f2f867fad977.rmeta --cfg=bootstrap --cfg=windows_raw_dylib -Csymbol-mangling-version=v0 -Zunstable-options '--check-cfg=cfg(bootstrap)' '--check-cfg=cfg(llvm_enzyme)' -Zmacro-backtrace -Csplit-debuginfo=unpacked -Zosx-rpath-install-name '-Clink-args=-Wl,-rpath,@loader_path/../lib' -Alinker-messages -Zon-broken-pipe=kill -Clto=off -Z binary-dep-depinfo -L native=/Users/girivs/src/rust-tantraos/build/aarch64-apple-darwin/stage1-rustc/aarch64-apple-darwin/debug/build/psm-4644cc58932be6af/out -L native=/Users/girivs/src/rust-tantraos/build/aarch64-apple-darwin/stage1-rustc/aarch64-apple-darwin/debug/build/blake3-486d38906040b2a9/out`
     Running `/Users/girivs/src/rust-tantraos/build/bootstrap/debug/rustc /Users/girivs/src/rust-tantraos/build/bootstrap/debug/rustc --crate-name rustc_pattern_analysis --edition=2024 compiler/rustc_pattern_analysis/src/lib.rs --error-format=json --json=diagnostic-rendered-ansi,artifacts,future-incompat --crate-type lib --emit=dep-info,metadata,link -C embed-bitcode=no -C codegen-units=16 -C debug-assertions=off --cfg 'feature="default"' --cfg 'feature="rustc"' --check-cfg 'cfg(docsrs,test)' --check-cfg 'cfg(feature, values("default", "rustc"))' -C metadata=bd447e407b3dfc3c -C extra-filename=-1a1206c75a50c3e2 --out-dir /Users/girivs/src/rust-tantraos/build/aarch64-apple-darwin/stage1-rustc/aarch64-apple-darwin/debug/deps --target aarch64-apple-darwin -L dependency=/Users/girivs/src/rust-tantraos/build/aarch64-apple-darwin/stage1-rustc/aarch64-apple-darwin/debug/deps -L dependency=/Users/girivs/src/rust-tantraos/build/aarch64-apple-darwin/stage1-rustc/debug/deps --extern rustc_hash=/Users/girivs/src/rust-tantraos/build/aarch64-apple-darwin/stage1-rustc/aarch64-apple-darwin/debug/deps/librustc_hash-23720359224c7ba6.rmeta --extern rustc_abi=/Users/girivs/src/rust-tantraos/build/aarch64-apple-darwin/stage1-rustc/aarch64-apple-darwin/debug/deps/librustc_abi-09e488c880f2e0a3.rmeta --extern rustc_apfloat=/Users/girivs/src/rust-tantraos/build/aarch64-apple-darwin/stage1-rustc/aarch64-apple-darwin/debug/deps/librustc_apfloat-7309ed1b79fd32a3.rmeta --extern rustc_arena=/Users/girivs/src/rust-tantraos/build/aarch64-apple-darwin/stage1-rustc/aarch64-apple-darwin/debug/deps/librustc_arena-82fa9f5058c00acb.rmeta --extern rustc_data_structures=/Users/girivs/src/rust-tantraos/build/aarch64-apple-darwin/stage1-rustc/aarch64-apple-darwin/debug/deps/librustc_data_structures-53324afa57622985.rmeta --extern rustc_errors=/Users/girivs/src/rust-tantraos/build/aarch64-apple-darwin/stage1-rustc/aarch64-apple-darwin/debug/deps/librustc_errors-89d154c028688311.rmeta --extern rustc_fluent_macro=/Users/girivs/src/rust-tantraos/build/aarch64-apple-darwin/stage1-rustc/debug/deps/librustc_fluent_macro-6a93aa79dabde813.dylib --extern rustc_hir=/Users/girivs/src/rust-tantraos/build/aarch64-apple-darwin/stage1-rustc/aarch64-apple-darwin/debug/deps/librustc_hir-48fcfc8b9aa9f89a.rmeta --extern rustc_index=/Users/girivs/src/rust-tantraos/build/aarch64-apple-darwin/stage1-rustc/aarch64-apple-darwin/debug/deps/librustc_index-2bf14f55015abfd3.rmeta --extern rustc_macros=/Users/girivs/src/rust-tantraos/build/aarch64-apple-darwin/stage1-rustc/debug/deps/librustc_macros-82fd4294dca5b57c.dylib --extern rustc_middle=/Users/girivs/src/rust-tantraos/build/aarch64-apple-darwin/stage1-rustc/aarch64-apple-darwin/debug/deps/librustc_middle-4856c36a9d44bf79.rmeta --extern rustc_session=/Users/girivs/src/rust-tantraos/build/aarch64-apple-darwin/stage1-rustc/aarch64-apple-darwin/debug/deps/librustc_session-a2f907dc0b7ee91b.rmeta --extern rustc_span=/Users/girivs/src/rust-tantraos/build/aarch64-apple-darwin/stage1-rustc/aarch64-apple-darwin/debug/deps/librustc_span-d6bec53b237ec4c4.rmeta --extern smallvec=/Users/girivs/src/rust-tantraos/build/aarch64-apple-darwin/stage1-rustc/aarch64-apple-darwin/debug/deps/libsmallvec-47fd9e70f2e35cd9.rmeta --extern tracing=/Users/girivs/src/rust-tantraos/build/aarch64-apple-darwin/stage1-rustc/aarch64-apple-darwin/debug/deps/libtracing-5605f2f867fad977.rmeta --cfg=bootstrap --cfg=windows_raw_dylib -Csymbol-mangling-version=v0 -Zunstable-options '--check-cfg=cfg(bootstrap)' '--check-cfg=cfg(llvm_enzyme)' -Zmacro-backtrace -Csplit-debuginfo=unpacked -Zosx-rpath-install-name '-Clink-args=-Wl,-rpath,@loader_path/../lib' -Alinker-messages -Zon-broken-pipe=kill -Clto=off -Z binary-dep-depinfo -L native=/Users/girivs/src/rust-tantraos/build/aarch64-apple-darwin/stage1-rustc/aarch64-apple-darwin/debug/build/psm-4644cc58932be6af/out -L native=/Users/girivs/src/rust-tantraos/build/aarch64-apple-darwin/stage1-rustc/aarch64-apple-darwin/debug/build/blake3-486d38906040b2a9/out`
     Running `/Users/girivs/src/rust-tantraos/build/bootstrap/debug/rustc /Users/girivs/src/rust-tantraos/build/bootstrap/debug/rustc --crate-name rustc_query_impl --edition=2024 compiler/rustc_query_impl/src/lib.rs --error-format=json --json=diagnostic-rendered-ansi,artifacts,future-incompat --crate-type lib --emit=dep-info,metadata,link -C embed-bitcode=no -C codegen-units=16 -C debug-assertions=off --check-cfg 'cfg(docsrs,test)' --check-cfg 'cfg(feature, values())' -C metadata=cd99ad0b01157e02 -C extra-filename=-9f96679472d93131 --out-dir /Users/girivs/src/rust-tantraos/build/aarch64-apple-darwin/stage1-rustc/aarch64-apple-darwin/debug/deps --target aarch64-apple-darwin -L dependency=/Users/girivs/src/rust-tantraos/build/aarch64-apple-darwin/stage1-rustc/aarch64-apple-darwin/debug/deps -L dependency=/Users/girivs/src/rust-tantraos/build/aarch64-apple-darwin/stage1-rustc/debug/deps --extern measureme=/Users/girivs/src/rust-tantraos/build/aarch64-apple-darwin/stage1-rustc/aarch64-apple-darwin/debug/deps/libmeasureme-c53afd3aa998f0e1.rmeta --extern rustc_data_structures=/Users/girivs/src/rust-tantraos/build/aarch64-apple-darwin/stage1-rustc/aarch64-apple-darwin/debug/deps/librustc_data_structures-53324afa57622985.rmeta --extern rustc_hashes=/Users/girivs/src/rust-tantraos/build/aarch64-apple-darwin/stage1-rustc/aarch64-apple-darwin/debug/deps/librustc_hashes-f21b6e9214cef269.rmeta --extern rustc_hir=/Users/girivs/src/rust-tantraos/build/aarch64-apple-darwin/stage1-rustc/aarch64-apple-darwin/debug/deps/librustc_hir-48fcfc8b9aa9f89a.rmeta --extern rustc_index=/Users/girivs/src/rust-tantraos/build/aarch64-apple-darwin/stage1-rustc/aarch64-apple-darwin/debug/deps/librustc_index-2bf14f55015abfd3.rmeta --extern rustc_middle=/Users/girivs/src/rust-tantraos/build/aarch64-apple-darwin/stage1-rustc/aarch64-apple-darwin/debug/deps/librustc_middle-4856c36a9d44bf79.rmeta --extern rustc_query_system=/Users/girivs/src/rust-tantraos/build/aarch64-apple-darwin/stage1-rustc/aarch64-apple-darwin/debug/deps/librustc_query_system-48bb7dd372d0b900.rmeta --extern rustc_serialize=/Users/girivs/src/rust-tantraos/build/aarch64-apple-darwin/stage1-rustc/aarch64-apple-darwin/debug/deps/librustc_serialize-5a0faa3d5df4fc89.rmeta --extern rustc_span=/Users/girivs/src/rust-tantraos/build/aarch64-apple-darwin/stage1-rustc/aarch64-apple-darwin/debug/deps/librustc_span-d6bec53b237ec4c4.rmeta --extern tracing=/Users/girivs/src/rust-tantraos/build/aarch64-apple-darwin/stage1-rustc/aarch64-apple-darwin/debug/deps/libtracing-5605f2f867fad977.rmeta --cfg=bootstrap --cfg=windows_raw_dylib -Csymbol-mangling-version=v0 -Zunstable-options '--check-cfg=cfg(bootstrap)' '--check-cfg=cfg(llvm_enzyme)' -Zmacro-backtrace -Csplit-debuginfo=unpacked -Zosx-rpath-install-name '-Clink-args=-Wl,-rpath,@loader_path/../lib' -Alinker-messages -Zon-broken-pipe=kill -Clto=off -Z binary-dep-depinfo -L native=/Users/girivs/src/rust-tantraos/build/aarch64-apple-darwin/stage1-rustc/aarch64-apple-darwin/debug/build/psm-4644cc58932be6af/out -L native=/Users/girivs/src/rust-tantraos/build/aarch64-apple-darwin/stage1-rustc/aarch64-apple-darwin/debug/build/blake3-486d38906040b2a9/out`
     Running `/Users/girivs/src/rust-tantraos/build/bootstrap/debug/rustc /Users/girivs/src/rust-tantraos/build/bootstrap/debug/rustc --crate-name rustc_public_bridge --edition=2024 compiler/rustc_public_bridge/src/lib.rs --error-format=json --json=diagnostic-rendered-ansi,artifacts,future-incompat --crate-type lib --emit=dep-info,metadata,link -C embed-bitcode=no -C codegen-units=16 -C debug-assertions=off --check-cfg 'cfg(docsrs,test)' --check-cfg 'cfg(feature, values())' -C metadata=5a5de8fee2a140d8 -C extra-filename=-c6e09b7774910537 --out-dir /Users/girivs/src/rust-tantraos/build/aarch64-apple-darwin/stage1-rustc/aarch64-apple-darwin/debug/deps --target aarch64-apple-darwin -L dependency=/Users/girivs/src/rust-tantraos/build/aarch64-apple-darwin/stage1-rustc/aarch64-apple-darwin/debug/deps -L dependency=/Users/girivs/src/rust-tantraos/build/aarch64-apple-darwin/stage1-rustc/debug/deps --extern rustc_abi=/Users/girivs/src/rust-tantraos/build/aarch64-apple-darwin/stage1-rustc/aarch64-apple-darwin/debug/deps/librustc_abi-09e488c880f2e0a3.rmeta --extern rustc_data_structures=/Users/girivs/src/rust-tantraos/build/aarch64-apple-darwin/stage1-rustc/aarch64-apple-darwin/debug/deps/librustc_data_structures-53324afa57622985.rmeta --extern rustc_hir=/Users/girivs/src/rust-tantraos/build/aarch64-apple-darwin/stage1-rustc/aarch64-apple-darwin/debug/deps/librustc_hir-48fcfc8b9aa9f89a.rmeta --extern rustc_hir_pretty=/Users/girivs/src/rust-tantraos/build/aarch64-apple-darwin/stage1-rustc/aarch64-apple-darwin/debug/deps/librustc_hir_pretty-ce09053d6a05e15c.rmeta --extern rustc_middle=/Users/girivs/src/rust-tantraos/build/aarch64-apple-darwin/stage1-rustc/aarch64-apple-darwin/debug/deps/librustc_middle-4856c36a9d44bf79.rmeta --extern rustc_session=/Users/girivs/src/rust-tantraos/build/aarch64-apple-darwin/stage1-rustc/aarch64-apple-darwin/debug/deps/librustc_session-a2f907dc0b7ee91b.rmeta --extern rustc_span=/Users/girivs/src/rust-tantraos/build/aarch64-apple-darwin/stage1-rustc/aarch64-apple-darwin/debug/deps/librustc_span-d6bec53b237ec4c4.rmeta --extern rustc_target=/Users/girivs/src/rust-tantraos/build/aarch64-apple-darwin/stage1-rustc/aarch64-apple-darwin/debug/deps/librustc_target-35cf86096f412775.rmeta --cfg=bootstrap --cfg=windows_raw_dylib -Csymbol-mangling-version=v0 -Zunstable-options '--check-cfg=cfg(bootstrap)' '--check-cfg=cfg(llvm_enzyme)' -Zmacro-backtrace -Csplit-debuginfo=unpacked -Zosx-rpath-install-name '-Clink-args=-Wl,-rpath,@loader_path/../lib' -Alinker-messages -Zon-broken-pipe=kill -Clto=off -Z binary-dep-depinfo -L native=/Users/girivs/src/rust-tantraos/build/aarch64-apple-darwin/stage1-rustc/aarch64-apple-darwin/debug/build/psm-4644cc58932be6af/out -L native=/Users/girivs/src/rust-tantraos/build/aarch64-apple-darwin/stage1-rustc/aarch64-apple-darwin/debug/build/blake3-486d38906040b2a9/out`
       Dirty rustc_metadata v0.0.0 (/Users/girivs/src/rust-tantraos/compiler/rustc_metadata): the dependency rustc_session was rebuilt
   Compiling rustc_metadata v0.0.0 (/Users/girivs/src/rust-tantraos/compiler/rustc_metadata)
     Running `/Users/girivs/src/rust-tantraos/build/bootstrap/debug/rustc /Users/girivs/src/rust-tantraos/build/bootstrap/debug/rustc --crate-name rustc_metadata --edition=2024 compiler/rustc_metadata/src/lib.rs --error-format=json --json=diagnostic-rendered-ansi,artifacts,future-incompat --crate-type lib --emit=dep-info,metadata,link -C embed-bitcode=no -C codegen-units=16 -C debug-assertions=off --check-cfg 'cfg(docsrs,test)' --check-cfg 'cfg(feature, values())' -C metadata=3959d17620c1fe1e -C extra-filename=-6eb25f80f3d7d52b --out-dir /Users/girivs/src/rust-tantraos/build/aarch64-apple-darwin/stage1-rustc/aarch64-apple-darwin/debug/deps --target aarch64-apple-darwin -L dependency=/Users/girivs/src/rust-tantraos/build/aarch64-apple-darwin/stage1-rustc/aarch64-apple-darwin/debug/deps -L dependency=/Users/girivs/src/rust-tantraos/build/aarch64-apple-darwin/stage1-rustc/debug/deps --extern bitflags=/Users/girivs/src/rust-tantraos/build/aarch64-apple-darwin/stage1-rustc/aarch64-apple-darwin/debug/deps/libbitflags-135f596f25eed33e.rmeta --extern libloading=/Users/girivs/src/rust-tantraos/build/aarch64-apple-darwin/stage1-rustc/aarch64-apple-darwin/debug/deps/liblibloading-e64435a44d510ff5.rmeta --extern odht=/Users/girivs/src/rust-tantraos/build/aarch64-apple-darwin/stage1-rustc/aarch64-apple-darwin/debug/deps/libodht-940d2f0f57d1e5ed.rmeta --extern rustc_abi=/Users/girivs/src/rust-tantraos/build/aarch64-apple-darwin/stage1-rustc/aarch64-apple-darwin/debug/deps/librustc_abi-09e488c880f2e0a3.rmeta --extern rustc_ast=/Users/girivs/src/rust-tantraos/build/aarch64-apple-darwin/stage1-rustc/aarch64-apple-darwin/debug/deps/librustc_ast-986d44ba93a5512b.rmeta --extern rustc_attr_parsing=/Users/girivs/src/rust-tantraos/build/aarch64-apple-darwin/stage1-rustc/aarch64-apple-darwin/debug/deps/librustc_attr_parsing-362765332dccbe89.rmeta --extern rustc_data_structures=/Users/girivs/src/rust-tantraos/build/aarch64-apple-darwin/stage1-rustc/aarch64-apple-darwin/debug/deps/librustc_data_structures-53324afa57622985.rmeta --extern rustc_errors=/Users/girivs/src/rust-tantraos/build/aarch64-apple-darwin/stage1-rustc/aarch64-apple-darwin/debug/deps/librustc_errors-89d154c028688311.rmeta --extern rustc_expand=/Users/girivs/src/rust-tantraos/build/aarch64-apple-darwin/stage1-rustc/aarch64-apple-darwin/debug/deps/librustc_expand-f1c9eba824dcfc81.rmeta --extern rustc_feature=/Users/girivs/src/rust-tantraos/build/aarch64-apple-darwin/stage1-rustc/aarch64-apple-darwin/debug/deps/librustc_feature-408fdd73cabbcdd5.rmeta --extern rustc_fluent_macro=/Users/girivs/src/rust-tantraos/build/aarch64-apple-darwin/stage1-rustc/debug/deps/librustc_fluent_macro-6a93aa79dabde813.dylib --extern rustc_fs_util=/Users/girivs/src/rust-tantraos/build/aarch64-apple-darwin/stage1-rustc/aarch64-apple-darwin/debug/deps/librustc_fs_util-15cace19e9869a25.rmeta --extern rustc_hir=/Users/girivs/src/rust-tantraos/build/aarch64-apple-darwin/stage1-rustc/aarch64-apple-darwin/debug/deps/librustc_hir-48fcfc8b9aa9f89a.rmeta --extern rustc_hir_pretty=/Users/girivs/src/rust-tantraos/build/aarch64-apple-darwin/stage1-rustc/aarch64-apple-darwin/debug/deps/librustc_hir_pretty-ce09053d6a05e15c.rmeta --extern rustc_incremental=/Users/girivs/src/rust-tantraos/build/aarch64-apple-darwin/stage1-rustc/aarch64-apple-darwin/debug/deps/librustc_incremental-0403c0da8cf745b1.rmeta --extern rustc_index=/Users/girivs/src/rust-tantraos/build/aarch64-apple-darwin/stage1-rustc/aarch64-apple-darwin/debug/deps/librustc_index-2bf14f55015abfd3.rmeta --extern rustc_macros=/Users/girivs/src/rust-tantraos/build/aarch64-apple-darwin/stage1-rustc/debug/deps/librustc_macros-82fd4294dca5b57c.dylib --extern rustc_middle=/Users/girivs/src/rust-tantraos/build/aarch64-apple-darwin/stage1-rustc/aarch64-apple-darwin/debug/deps/librustc_middle-4856c36a9d44bf79.rmeta --extern rustc_proc_macro=/Users/girivs/src/rust-tantraos/build/aarch64-apple-darwin/stage1-rustc/aarch64-apple-darwin/debug/deps/librustc_proc_macro-e492ef19f776a004.rmeta --extern rustc_serialize=/Users/girivs/src/rust-tantraos/build/aarch64-apple-darwin/stage1-rustc/aarch64-apple-darwin/debug/deps/librustc_serialize-5a0faa3d5df4fc89.rmeta --extern rustc_session=/Users/girivs/src/rust-tantraos/build/aarch64-apple-darwin/stage1-rustc/aarch64-apple-darwin/debug/deps/librustc_session-a2f907dc0b7ee91b.rmeta --extern rustc_span=/Users/girivs/src/rust-tantraos/build/aarch64-apple-darwin/stage1-rustc/aarch64-apple-darwin/debug/deps/librustc_span-d6bec53b237ec4c4.rmeta --extern rustc_target=/Users/girivs/src/rust-tantraos/build/aarch64-apple-darwin/stage1-rustc/aarch64-apple-darwin/debug/deps/librustc_target-35cf86096f412775.rmeta --extern tempfile=/Users/girivs/src/rust-tantraos/build/aarch64-apple-darwin/stage1-rustc/aarch64-apple-darwin/debug/deps/libtempfile-bd9aa4c6b912e938.rmeta --extern tracing=/Users/girivs/src/rust-tantraos/build/aarch64-apple-darwin/stage1-rustc/aarch64-apple-darwin/debug/deps/libtracing-5605f2f867fad977.rmeta --cfg=bootstrap --cfg=windows_raw_dylib -Csymbol-mangling-version=v0 -Zunstable-options '--check-cfg=cfg(bootstrap)' '--check-cfg=cfg(llvm_enzyme)' -Zmacro-backtrace -Csplit-debuginfo=unpacked -Zosx-rpath-install-name '-Clink-args=-Wl,-rpath,@loader_path/../lib' -Alinker-messages -Zon-broken-pipe=kill -Clto=off -Z binary-dep-depinfo -L native=/Users/girivs/src/rust-tantraos/build/aarch64-apple-darwin/stage1-rustc/aarch64-apple-darwin/debug/build/psm-4644cc58932be6af/out -L native=/Users/girivs/src/rust-tantraos/build/aarch64-apple-darwin/stage1-rustc/aarch64-apple-darwin/debug/build/blake3-486d38906040b2a9/out`
       Dirty rustc_monomorphize v0.0.0 (/Users/girivs/src/rust-tantraos/compiler/rustc_monomorphize): the dependency rustc_session was rebuilt
   Compiling rustc_monomorphize v0.0.0 (/Users/girivs/src/rust-tantraos/compiler/rustc_monomorphize)
     Running `/Users/girivs/src/rust-tantraos/build/bootstrap/debug/rustc /Users/girivs/src/rust-tantraos/build/bootstrap/debug/rustc --crate-name rustc_monomorphize --edition=2024 compiler/rustc_monomorphize/src/lib.rs --error-format=json --json=diagnostic-rendered-ansi,artifacts,future-incompat --crate-type lib --emit=dep-info,metadata,link -C embed-bitcode=no -C codegen-units=16 -C debug-assertions=off --check-cfg 'cfg(docsrs,test)' --check-cfg 'cfg(feature, values())' -C metadata=ec524cadcdb2ff2b -C extra-filename=-9f3be6a72c911929 --out-dir /Users/girivs/src/rust-tantraos/build/aarch64-apple-darwin/stage1-rustc/aarch64-apple-darwin/debug/deps --target aarch64-apple-darwin -L dependency=/Users/girivs/src/rust-tantraos/build/aarch64-apple-darwin/stage1-rustc/aarch64-apple-darwin/debug/deps -L dependency=/Users/girivs/src/rust-tantraos/build/aarch64-apple-darwin/stage1-rustc/debug/deps --extern rustc_abi=/Users/girivs/src/rust-tantraos/build/aarch64-apple-darwin/stage1-rustc/aarch64-apple-darwin/debug/deps/librustc_abi-09e488c880f2e0a3.rmeta --extern rustc_data_structures=/Users/girivs/src/rust-tantraos/build/aarch64-apple-darwin/stage1-rustc/aarch64-apple-darwin/debug/deps/librustc_data_structures-53324afa57622985.rmeta --extern rustc_errors=/Users/girivs/src/rust-tantraos/build/aarch64-apple-darwin/stage1-rustc/aarch64-apple-darwin/debug/deps/librustc_errors-89d154c028688311.rmeta --extern rustc_fluent_macro=/Users/girivs/src/rust-tantraos/build/aarch64-apple-darwin/stage1-rustc/debug/deps/librustc_fluent_macro-6a93aa79dabde813.dylib --extern rustc_hir=/Users/girivs/src/rust-tantraos/build/aarch64-apple-darwin/stage1-rustc/aarch64-apple-darwin/debug/deps/librustc_hir-48fcfc8b9aa9f89a.rmeta --extern rustc_macros=/Users/girivs/src/rust-tantraos/build/aarch64-apple-darwin/stage1-rustc/debug/deps/librustc_macros-82fd4294dca5b57c.dylib --extern rustc_middle=/Users/girivs/src/rust-tantraos/build/aarch64-apple-darwin/stage1-rustc/aarch64-apple-darwin/debug/deps/librustc_middle-4856c36a9d44bf79.rmeta --extern rustc_session=/Users/girivs/src/rust-tantraos/build/aarch64-apple-darwin/stage1-rustc/aarch64-apple-darwin/debug/deps/librustc_session-a2f907dc0b7ee91b.rmeta --extern rustc_span=/Users/girivs/src/rust-tantraos/build/aarch64-apple-darwin/stage1-rustc/aarch64-apple-darwin/debug/deps/librustc_span-d6bec53b237ec4c4.rmeta --extern rustc_target=/Users/girivs/src/rust-tantraos/build/aarch64-apple-darwin/stage1-rustc/aarch64-apple-darwin/debug/deps/librustc_target-35cf86096f412775.rmeta --extern serde=/Users/girivs/src/rust-tantraos/build/aarch64-apple-darwin/stage1-rustc/aarch64-apple-darwin/debug/deps/libserde-2bd80ce89840e1ef.rmeta --extern serde_json=/Users/girivs/src/rust-tantraos/build/aarch64-apple-darwin/stage1-rustc/aarch64-apple-darwin/debug/deps/libserde_json-3c3126d7da243026.rmeta --extern tracing=/Users/girivs/src/rust-tantraos/build/aarch64-apple-darwin/stage1-rustc/aarch64-apple-darwin/debug/deps/libtracing-5605f2f867fad977.rmeta --cfg=bootstrap --cfg=windows_raw_dylib -Csymbol-mangling-version=v0 -Zunstable-options '--check-cfg=cfg(bootstrap)' '--check-cfg=cfg(llvm_enzyme)' -Zmacro-backtrace -Csplit-debuginfo=unpacked -Zosx-rpath-install-name '-Clink-args=-Wl,-rpath,@loader_path/../lib' -Alinker-messages -Zon-broken-pipe=kill -Clto=off -Z binary-dep-depinfo -L native=/Users/girivs/src/rust-tantraos/build/aarch64-apple-darwin/stage1-rustc/aarch64-apple-darwin/debug/build/psm-4644cc58932be6af/out -L native=/Users/girivs/src/rust-tantraos/build/aarch64-apple-darwin/stage1-rustc/aarch64-apple-darwin/debug/build/blake3-486d38906040b2a9/out`
       Dirty rustc_public v0.1.0-preview (/Users/girivs/src/rust-tantraos/compiler/rustc_public): the dependency rustc_public_bridge was rebuilt
   Compiling rustc_public v0.1.0-preview (/Users/girivs/src/rust-tantraos/compiler/rustc_public)
     Running `/Users/girivs/src/rust-tantraos/build/bootstrap/debug/rustc /Users/girivs/src/rust-tantraos/build/bootstrap/debug/rustc --crate-name rustc_public --edition=2024 compiler/rustc_public/src/lib.rs --error-format=json --json=diagnostic-rendered-ansi,artifacts,future-incompat --crate-type lib --emit=dep-info,metadata,link -C embed-bitcode=no -C codegen-units=16 -C debug-assertions=off --cfg 'feature="rustc_internal"' --check-cfg 'cfg(docsrs,test)' --check-cfg 'cfg(feature, values("rustc_internal"))' -C metadata=cf42d8e88972fa77 -C extra-filename=-dec006feec6ba0e6 --out-dir /Users/girivs/src/rust-tantraos/build/aarch64-apple-darwin/stage1-rustc/aarch64-apple-darwin/debug/deps --target aarch64-apple-darwin -L dependency=/Users/girivs/src/rust-tantraos/build/aarch64-apple-darwin/stage1-rustc/aarch64-apple-darwin/debug/deps -L dependency=/Users/girivs/src/rust-tantraos/build/aarch64-apple-darwin/stage1-rustc/debug/deps --extern rustc_abi=/Users/girivs/src/rust-tantraos/build/aarch64-apple-darwin/stage1-rustc/aarch64-apple-darwin/debug/deps/librustc_abi-09e488c880f2e0a3.rmeta --extern rustc_hir=/Users/girivs/src/rust-tantraos/build/aarch64-apple-darwin/stage1-rustc/aarch64-apple-darwin/debug/deps/librustc_hir-48fcfc8b9aa9f89a.rmeta --extern rustc_middle=/Users/girivs/src/rust-tantraos/build/aarch64-apple-darwin/stage1-rustc/aarch64-apple-darwin/debug/deps/librustc_middle-4856c36a9d44bf79.rmeta --extern rustc_public_bridge=/Users/girivs/src/rust-tantraos/build/aarch64-apple-darwin/stage1-rustc/aarch64-apple-darwin/debug/deps/librustc_public_bridge-c6e09b7774910537.rmeta --extern rustc_session=/Users/girivs/src/rust-tantraos/build/aarch64-apple-darwin/stage1-rustc/aarch64-apple-darwin/debug/deps/librustc_session-a2f907dc0b7ee91b.rmeta --extern rustc_span=/Users/girivs/src/rust-tantraos/build/aarch64-apple-darwin/stage1-rustc/aarch64-apple-darwin/debug/deps/librustc_span-d6bec53b237ec4c4.rmeta --extern rustc_target=/Users/girivs/src/rust-tantraos/build/aarch64-apple-darwin/stage1-rustc/aarch64-apple-darwin/debug/deps/librustc_target-35cf86096f412775.rmeta --extern scoped_tls=/Users/girivs/src/rust-tantraos/build/aarch64-apple-darwin/stage1-rustc/aarch64-apple-darwin/debug/deps/libscoped_tls-13078da053c0c5c0.rmeta --extern serde=/Users/girivs/src/rust-tantraos/build/aarch64-apple-darwin/stage1-rustc/aarch64-apple-darwin/debug/deps/libserde-2bd80ce89840e1ef.rmeta --extern tracing=/Users/girivs/src/rust-tantraos/build/aarch64-apple-darwin/stage1-rustc/aarch64-apple-darwin/debug/deps/libtracing-5605f2f867fad977.rmeta --cfg=bootstrap --cfg=windows_raw_dylib -Csymbol-mangling-version=v0 -Zunstable-options '--check-cfg=cfg(bootstrap)' '--check-cfg=cfg(llvm_enzyme)' -Zmacro-backtrace -Csplit-debuginfo=unpacked -Zosx-rpath-install-name '-Clink-args=-Wl,-rpath,@loader_path/../lib' -Alinker-messages -Zon-broken-pipe=kill -Clto=off -Z binary-dep-depinfo -L native=/Users/girivs/src/rust-tantraos/build/aarch64-apple-darwin/stage1-rustc/aarch64-apple-darwin/debug/build/psm-4644cc58932be6af/out -L native=/Users/girivs/src/rust-tantraos/build/aarch64-apple-darwin/stage1-rustc/aarch64-apple-darwin/debug/build/blake3-486d38906040b2a9/out`
       Dirty rustc_trait_selection v0.0.0 (/Users/girivs/src/rust-tantraos/compiler/rustc_trait_selection): the dependency rustc_transmute was rebuilt
   Compiling rustc_trait_selection v0.0.0 (/Users/girivs/src/rust-tantraos/compiler/rustc_trait_selection)
     Running `/Users/girivs/src/rust-tantraos/build/bootstrap/debug/rustc /Users/girivs/src/rust-tantraos/build/bootstrap/debug/rustc --crate-name rustc_trait_selection --edition=2024 compiler/rustc_trait_selection/src/lib.rs --error-format=json --json=diagnostic-rendered-ansi,artifacts,future-incompat --crate-type lib --emit=dep-info,metadata,link -C embed-bitcode=no -C codegen-units=16 -C debug-assertions=off --check-cfg 'cfg(docsrs,test)' --check-cfg 'cfg(feature, values())' -C metadata=78464347eb50bc00 -C extra-filename=-1f9259437d4ba99f --out-dir /Users/girivs/src/rust-tantraos/build/aarch64-apple-darwin/stage1-rustc/aarch64-apple-darwin/debug/deps --target aarch64-apple-darwin -L dependency=/Users/girivs/src/rust-tantraos/build/aarch64-apple-darwin/stage1-rustc/aarch64-apple-darwin/debug/deps -L dependency=/Users/girivs/src/rust-tantraos/build/aarch64-apple-darwin/stage1-rustc/debug/deps --extern itertools=/Users/girivs/src/rust-tantraos/build/aarch64-apple-darwin/stage1-rustc/aarch64-apple-darwin/debug/deps/libitertools-bb5340b0f82f4fc5.rmeta --extern rustc_abi=/Users/girivs/src/rust-tantraos/build/aarch64-apple-darwin/stage1-rustc/aarch64-apple-darwin/debug/deps/librustc_abi-09e488c880f2e0a3.rmeta --extern rustc_ast=/Users/girivs/src/rust-tantraos/build/aarch64-apple-darwin/stage1-rustc/aarch64-apple-darwin/debug/deps/librustc_ast-986d44ba93a5512b.rmeta --extern rustc_data_structures=/Users/girivs/src/rust-tantraos/build/aarch64-apple-darwin/stage1-rustc/aarch64-apple-darwin/debug/deps/librustc_data_structures-53324afa57622985.rmeta --extern rustc_errors=/Users/girivs/src/rust-tantraos/build/aarch64-apple-darwin/stage1-rustc/aarch64-apple-darwin/debug/deps/librustc_errors-89d154c028688311.rmeta --extern rustc_fluent_macro=/Users/girivs/src/rust-tantraos/build/aarch64-apple-darwin/stage1-rustc/debug/deps/librustc_fluent_macro-6a93aa79dabde813.dylib --extern rustc_hir=/Users/girivs/src/rust-tantraos/build/aarch64-apple-darwin/stage1-rustc/aarch64-apple-darwin/debug/deps/librustc_hir-48fcfc8b9aa9f89a.rmeta --extern rustc_infer=/Users/girivs/src/rust-tantraos/build/aarch64-apple-darwin/stage1-rustc/aarch64-apple-darwin/debug/deps/librustc_infer-c26c8f4fe6f1661c.rmeta --extern rustc_macros=/Users/girivs/src/rust-tantraos/build/aarch64-apple-darwin/stage1-rustc/debug/deps/librustc_macros-82fd4294dca5b57c.dylib --extern rustc_middle=/Users/girivs/src/rust-tantraos/build/aarch64-apple-darwin/stage1-rustc/aarch64-apple-darwin/debug/deps/librustc_middle-4856c36a9d44bf79.rmeta --extern rustc_next_trait_solver=/Users/girivs/src/rust-tantraos/build/aarch64-apple-darwin/stage1-rustc/aarch64-apple-darwin/debug/deps/librustc_next_trait_solver-90c4a17c823cd972.rmeta --extern rustc_parse_format=/Users/girivs/src/rust-tantraos/build/aarch64-apple-darwin/stage1-rustc/aarch64-apple-darwin/debug/deps/librustc_parse_format-8df52de1aa822d64.rmeta --extern rustc_session=/Users/girivs/src/rust-tantraos/build/aarch64-apple-darwin/stage1-rustc/aarch64-apple-darwin/debug/deps/librustc_session-a2f907dc0b7ee91b.rmeta --extern rustc_span=/Users/girivs/src/rust-tantraos/build/aarch64-apple-darwin/stage1-rustc/aarch64-apple-darwin/debug/deps/librustc_span-d6bec53b237ec4c4.rmeta --extern rustc_transmute=/Users/girivs/src/rust-tantraos/build/aarch64-apple-darwin/stage1-rustc/aarch64-apple-darwin/debug/deps/librustc_transmute-3bc913eea30d3574.rmeta --extern smallvec=/Users/girivs/src/rust-tantraos/build/aarch64-apple-darwin/stage1-rustc/aarch64-apple-darwin/debug/deps/libsmallvec-47fd9e70f2e35cd9.rmeta --extern thin_vec=/Users/girivs/src/rust-tantraos/build/aarch64-apple-darwin/stage1-rustc/aarch64-apple-darwin/debug/deps/libthin_vec-3f8b2fc9c896cfb1.rmeta --extern tracing=/Users/girivs/src/rust-tantraos/build/aarch64-apple-darwin/stage1-rustc/aarch64-apple-darwin/debug/deps/libtracing-5605f2f867fad977.rmeta --cfg=bootstrap --cfg=windows_raw_dylib -Csymbol-mangling-version=v0 -Zunstable-options '--check-cfg=cfg(bootstrap)' '--check-cfg=cfg(llvm_enzyme)' -Zmacro-backtrace -Csplit-debuginfo=unpacked -Zosx-rpath-install-name '-Clink-args=-Wl,-rpath,@loader_path/../lib' -Alinker-messages -Zon-broken-pipe=kill -Clto=off -Z binary-dep-depinfo -L native=/Users/girivs/src/rust-tantraos/build/aarch64-apple-darwin/stage1-rustc/aarch64-apple-darwin/debug/build/psm-4644cc58932be6af/out -L native=/Users/girivs/src/rust-tantraos/build/aarch64-apple-darwin/stage1-rustc/aarch64-apple-darwin/debug/build/blake3-486d38906040b2a9/out`
       Dirty rustc_resolve v0.0.0 (/Users/girivs/src/rust-tantraos/compiler/rustc_resolve): the dependency rustc_session was rebuilt
   Compiling rustc_resolve v0.0.0 (/Users/girivs/src/rust-tantraos/compiler/rustc_resolve)
     Running `/Users/girivs/src/rust-tantraos/build/bootstrap/debug/rustc /Users/girivs/src/rust-tantraos/build/bootstrap/debug/rustc --crate-name rustc_resolve --edition=2024 compiler/rustc_resolve/src/lib.rs --error-format=json --json=diagnostic-rendered-ansi,artifacts,future-incompat --crate-type lib --emit=dep-info,metadata,link -C embed-bitcode=no -C codegen-units=16 -C debug-assertions=off --check-cfg 'cfg(docsrs,test)' --check-cfg 'cfg(feature, values())' -C metadata=b48062a43e493e04 -C extra-filename=-8910a05e9a634dd5 --out-dir /Users/girivs/src/rust-tantraos/build/aarch64-apple-darwin/stage1-rustc/aarch64-apple-darwin/debug/deps --target aarch64-apple-darwin -L dependency=/Users/girivs/src/rust-tantraos/build/aarch64-apple-darwin/stage1-rustc/aarch64-apple-darwin/debug/deps -L dependency=/Users/girivs/src/rust-tantraos/build/aarch64-apple-darwin/stage1-rustc/debug/deps --extern bitflags=/Users/girivs/src/rust-tantraos/build/aarch64-apple-darwin/stage1-rustc/aarch64-apple-darwin/debug/deps/libbitflags-135f596f25eed33e.rmeta --extern indexmap=/Users/girivs/src/rust-tantraos/build/aarch64-apple-darwin/stage1-rustc/aarch64-apple-darwin/debug/deps/libindexmap-9e567b4da36e426d.rmeta --extern itertools=/Users/girivs/src/rust-tantraos/build/aarch64-apple-darwin/stage1-rustc/aarch64-apple-darwin/debug/deps/libitertools-bb5340b0f82f4fc5.rmeta --extern pulldown_cmark=/Users/girivs/src/rust-tantraos/build/aarch64-apple-darwin/stage1-rustc/aarch64-apple-darwin/debug/deps/libpulldown_cmark-43c0432849b0ea50.rmeta --extern rustc_arena=/Users/girivs/src/rust-tantraos/build/aarch64-apple-darwin/stage1-rustc/aarch64-apple-darwin/debug/deps/librustc_arena-82fa9f5058c00acb.rmeta --extern rustc_ast=/Users/girivs/src/rust-tantraos/build/aarch64-apple-darwin/stage1-rustc/aarch64-apple-darwin/debug/deps/librustc_ast-986d44ba93a5512b.rmeta --extern rustc_ast_pretty=/Users/girivs/src/rust-tantraos/build/aarch64-apple-darwin/stage1-rustc/aarch64-apple-darwin/debug/deps/librustc_ast_pretty-e5f9988db04cd780.rmeta --extern rustc_attr_parsing=/Users/girivs/src/rust-tantraos/build/aarch64-apple-darwin/stage1-rustc/aarch64-apple-darwin/debug/deps/librustc_attr_parsing-362765332dccbe89.rmeta --extern rustc_data_structures=/Users/girivs/src/rust-tantraos/build/aarch64-apple-darwin/stage1-rustc/aarch64-apple-darwin/debug/deps/librustc_data_structures-53324afa57622985.rmeta --extern rustc_errors=/Users/girivs/src/rust-tantraos/build/aarch64-apple-darwin/stage1-rustc/aarch64-apple-darwin/debug/deps/librustc_errors-89d154c028688311.rmeta --extern rustc_expand=/Users/girivs/src/rust-tantraos/build/aarch64-apple-darwin/stage1-rustc/aarch64-apple-darwin/debug/deps/librustc_expand-f1c9eba824dcfc81.rmeta --extern rustc_feature=/Users/girivs/src/rust-tantraos/build/aarch64-apple-darwin/stage1-rustc/aarch64-apple-darwin/debug/deps/librustc_feature-408fdd73cabbcdd5.rmeta --extern rustc_fluent_macro=/Users/girivs/src/rust-tantraos/build/aarch64-apple-darwin/stage1-rustc/debug/deps/librustc_fluent_macro-6a93aa79dabde813.dylib --extern rustc_hir=/Users/girivs/src/rust-tantraos/build/aarch64-apple-darwin/stage1-rustc/aarch64-apple-darwin/debug/deps/librustc_hir-48fcfc8b9aa9f89a.rmeta --extern rustc_index=/Users/girivs/src/rust-tantraos/build/aarch64-apple-darwin/stage1-rustc/aarch64-apple-darwin/debug/deps/librustc_index-2bf14f55015abfd3.rmeta --extern rustc_macros=/Users/girivs/src/rust-tantraos/build/aarch64-apple-darwin/stage1-rustc/debug/deps/librustc_macros-82fd4294dca5b57c.dylib --extern rustc_metadata=/Users/girivs/src/rust-tantraos/build/aarch64-apple-darwin/stage1-rustc/aarch64-apple-darwin/debug/deps/librustc_metadata-6eb25f80f3d7d52b.rmeta --extern rustc_middle=/Users/girivs/src/rust-tantraos/build/aarch64-apple-darwin/stage1-rustc/aarch64-apple-darwin/debug/deps/librustc_middle-4856c36a9d44bf79.rmeta --extern rustc_query_system=/Users/girivs/src/rust-tantraos/build/aarch64-apple-darwin/stage1-rustc/aarch64-apple-darwin/debug/deps/librustc_query_system-48bb7dd372d0b900.rmeta --extern rustc_session=/Users/girivs/src/rust-tantraos/build/aarch64-apple-darwin/stage1-rustc/aarch64-apple-darwin/debug/deps/librustc_session-a2f907dc0b7ee91b.rmeta --extern rustc_span=/Users/girivs/src/rust-tantraos/build/aarch64-apple-darwin/stage1-rustc/aarch64-apple-darwin/debug/deps/librustc_span-d6bec53b237ec4c4.rmeta --extern smallvec=/Users/girivs/src/rust-tantraos/build/aarch64-apple-darwin/stage1-rustc/aarch64-apple-darwin/debug/deps/libsmallvec-47fd9e70f2e35cd9.rmeta --extern thin_vec=/Users/girivs/src/rust-tantraos/build/aarch64-apple-darwin/stage1-rustc/aarch64-apple-darwin/debug/deps/libthin_vec-3f8b2fc9c896cfb1.rmeta --extern tracing=/Users/girivs/src/rust-tantraos/build/aarch64-apple-darwin/stage1-rustc/aarch64-apple-darwin/debug/deps/libtracing-5605f2f867fad977.rmeta --cfg=bootstrap --cfg=windows_raw_dylib -Csymbol-mangling-version=v0 -Zunstable-options '--check-cfg=cfg(bootstrap)' '--check-cfg=cfg(llvm_enzyme)' -Zmacro-backtrace -Csplit-debuginfo=unpacked -Zosx-rpath-install-name '-Clink-args=-Wl,-rpath,@loader_path/../lib' -Alinker-messages -Zon-broken-pipe=kill -Clto=off -Z binary-dep-depinfo -L native=/Users/girivs/src/rust-tantraos/build/aarch64-apple-darwin/stage1-rustc/aarch64-apple-darwin/debug/build/psm-4644cc58932be6af/out -L native=/Users/girivs/src/rust-tantraos/build/aarch64-apple-darwin/stage1-rustc/aarch64-apple-darwin/debug/build/blake3-486d38906040b2a9/out`
       Dirty rustc_lint v0.0.0 (/Users/girivs/src/rust-tantraos/compiler/rustc_lint): the dependency rustc_session was rebuilt
   Compiling rustc_lint v0.0.0 (/Users/girivs/src/rust-tantraos/compiler/rustc_lint)
       Dirty rustc_ty_utils v0.0.0 (/Users/girivs/src/rust-tantraos/compiler/rustc_ty_utils): the dependency rustc_session was rebuilt
   Compiling rustc_ty_utils v0.0.0 (/Users/girivs/src/rust-tantraos/compiler/rustc_ty_utils)
       Dirty rustc_sanitizers v0.0.0 (/Users/girivs/src/rust-tantraos/compiler/rustc_sanitizers): the dependency rustc_trait_selection was rebuilt
   Compiling rustc_sanitizers v0.0.0 (/Users/girivs/src/rust-tantraos/compiler/rustc_sanitizers)
       Dirty rustc_hir_analysis v0.0.0 (/Users/girivs/src/rust-tantraos/compiler/rustc_hir_analysis): the dependency rustc_session was rebuilt
   Compiling rustc_hir_analysis v0.0.0 (/Users/girivs/src/rust-tantraos/compiler/rustc_hir_analysis)
       Dirty rustc_traits v0.0.0 (/Users/girivs/src/rust-tantraos/compiler/rustc_traits): the dependency rustc_trait_selection was rebuilt
   Compiling rustc_traits v0.0.0 (/Users/girivs/src/rust-tantraos/compiler/rustc_traits)
       Dirty rustc_const_eval v0.0.0 (/Users/girivs/src/rust-tantraos/compiler/rustc_const_eval): the dependency rustc_session was rebuilt
   Compiling rustc_const_eval v0.0.0 (/Users/girivs/src/rust-tantraos/compiler/rustc_const_eval)
     Running `/Users/girivs/src/rust-tantraos/build/bootstrap/debug/rustc /Users/girivs/src/rust-tantraos/build/bootstrap/debug/rustc --crate-name rustc_traits --edition=2024 compiler/rustc_traits/src/lib.rs --error-format=json --json=diagnostic-rendered-ansi,artifacts,future-incompat --crate-type lib --emit=dep-info,metadata,link -C embed-bitcode=no -C codegen-units=16 -C debug-assertions=off --check-cfg 'cfg(docsrs,test)' --check-cfg 'cfg(feature, values())' -C metadata=3d145326ca7bc93f -C extra-filename=-d4ce6785dfb6d2c1 --out-dir /Users/girivs/src/rust-tantraos/build/aarch64-apple-darwin/stage1-rustc/aarch64-apple-darwin/debug/deps --target aarch64-apple-darwin -L dependency=/Users/girivs/src/rust-tantraos/build/aarch64-apple-darwin/stage1-rustc/aarch64-apple-darwin/debug/deps -L dependency=/Users/girivs/src/rust-tantraos/build/aarch64-apple-darwin/stage1-rustc/debug/deps --extern rustc_data_structures=/Users/girivs/src/rust-tantraos/build/aarch64-apple-darwin/stage1-rustc/aarch64-apple-darwin/debug/deps/librustc_data_structures-53324afa57622985.rmeta --extern rustc_infer=/Users/girivs/src/rust-tantraos/build/aarch64-apple-darwin/stage1-rustc/aarch64-apple-darwin/debug/deps/librustc_infer-c26c8f4fe6f1661c.rmeta --extern rustc_middle=/Users/girivs/src/rust-tantraos/build/aarch64-apple-darwin/stage1-rustc/aarch64-apple-darwin/debug/deps/librustc_middle-4856c36a9d44bf79.rmeta --extern rustc_span=/Users/girivs/src/rust-tantraos/build/aarch64-apple-darwin/stage1-rustc/aarch64-apple-darwin/debug/deps/librustc_span-d6bec53b237ec4c4.rmeta --extern rustc_trait_selection=/Users/girivs/src/rust-tantraos/build/aarch64-apple-darwin/stage1-rustc/aarch64-apple-darwin/debug/deps/librustc_trait_selection-1f9259437d4ba99f.rmeta --extern tracing=/Users/girivs/src/rust-tantraos/build/aarch64-apple-darwin/stage1-rustc/aarch64-apple-darwin/debug/deps/libtracing-5605f2f867fad977.rmeta --cfg=bootstrap --cfg=windows_raw_dylib -Csymbol-mangling-version=v0 -Zunstable-options '--check-cfg=cfg(bootstrap)' '--check-cfg=cfg(llvm_enzyme)' -Zmacro-backtrace -Csplit-debuginfo=unpacked -Zosx-rpath-install-name '-Clink-args=-Wl,-rpath,@loader_path/../lib' -Alinker-messages -Zon-broken-pipe=kill -Clto=off -Z binary-dep-depinfo -L native=/Users/girivs/src/rust-tantraos/build/aarch64-apple-darwin/stage1-rustc/aarch64-apple-darwin/debug/build/psm-4644cc58932be6af/out -L native=/Users/girivs/src/rust-tantraos/build/aarch64-apple-darwin/stage1-rustc/aarch64-apple-darwin/debug/build/blake3-486d38906040b2a9/out`
     Running `/Users/girivs/src/rust-tantraos/build/bootstrap/debug/rustc /Users/girivs/src/rust-tantraos/build/bootstrap/debug/rustc --crate-name rustc_lint --edition=2024 compiler/rustc_lint/src/lib.rs --error-format=json --json=diagnostic-rendered-ansi,artifacts,future-incompat --crate-type lib --emit=dep-info,metadata,link -C embed-bitcode=no -C codegen-units=16 -C debug-assertions=off --check-cfg 'cfg(docsrs,test)' --check-cfg 'cfg(feature, values())' -C metadata=b8d1c9ef88516742 -C extra-filename=-e3e7dded08f42b1e --out-dir /Users/girivs/src/rust-tantraos/build/aarch64-apple-darwin/stage1-rustc/aarch64-apple-darwin/debug/deps --target aarch64-apple-darwin -L dependency=/Users/girivs/src/rust-tantraos/build/aarch64-apple-darwin/stage1-rustc/aarch64-apple-darwin/debug/deps -L dependency=/Users/girivs/src/rust-tantraos/build/aarch64-apple-darwin/stage1-rustc/debug/deps --extern bitflags=/Users/girivs/src/rust-tantraos/build/aarch64-apple-darwin/stage1-rustc/aarch64-apple-darwin/debug/deps/libbitflags-135f596f25eed33e.rmeta --extern rustc_abi=/Users/girivs/src/rust-tantraos/build/aarch64-apple-darwin/stage1-rustc/aarch64-apple-darwin/debug/deps/librustc_abi-09e488c880f2e0a3.rmeta --extern rustc_ast=/Users/girivs/src/rust-tantraos/build/aarch64-apple-darwin/stage1-rustc/aarch64-apple-darwin/debug/deps/librustc_ast-986d44ba93a5512b.rmeta --extern rustc_ast_pretty=/Users/girivs/src/rust-tantraos/build/aarch64-apple-darwin/stage1-rustc/aarch64-apple-darwin/debug/deps/librustc_ast_pretty-e5f9988db04cd780.rmeta --extern rustc_attr_parsing=/Users/girivs/src/rust-tantraos/build/aarch64-apple-darwin/stage1-rustc/aarch64-apple-darwin/debug/deps/librustc_attr_parsing-362765332dccbe89.rmeta --extern rustc_data_structures=/Users/girivs/src/rust-tantraos/build/aarch64-apple-darwin/stage1-rustc/aarch64-apple-darwin/debug/deps/librustc_data_structures-53324afa57622985.rmeta --extern rustc_errors=/Users/girivs/src/rust-tantraos/build/aarch64-apple-darwin/stage1-rustc/aarch64-apple-darwin/debug/deps/librustc_errors-89d154c028688311.rmeta --extern rustc_feature=/Users/girivs/src/rust-tantraos/build/aarch64-apple-darwin/stage1-rustc/aarch64-apple-darwin/debug/deps/librustc_feature-408fdd73cabbcdd5.rmeta --extern rustc_fluent_macro=/Users/girivs/src/rust-tantraos/build/aarch64-apple-darwin/stage1-rustc/debug/deps/librustc_fluent_macro-6a93aa79dabde813.dylib --extern rustc_hir=/Users/girivs/src/rust-tantraos/build/aarch64-apple-darwin/stage1-rustc/aarch64-apple-darwin/debug/deps/librustc_hir-48fcfc8b9aa9f89a.rmeta --extern rustc_index=/Users/girivs/src/rust-tantraos/build/aarch64-apple-darwin/stage1-rustc/aarch64-apple-darwin/debug/deps/librustc_index-2bf14f55015abfd3.rmeta --extern rustc_infer=/Users/girivs/src/rust-tantraos/build/aarch64-apple-darwin/stage1-rustc/aarch64-apple-darwin/debug/deps/librustc_infer-c26c8f4fe6f1661c.rmeta --extern rustc_macros=/Users/girivs/src/rust-tantraos/build/aarch64-apple-darwin/stage1-rustc/debug/deps/librustc_macros-82fd4294dca5b57c.dylib --extern rustc_middle=/Users/girivs/src/rust-tantraos/build/aarch64-apple-darwin/stage1-rustc/aarch64-apple-darwin/debug/deps/librustc_middle-4856c36a9d44bf79.rmeta --extern rustc_parse_format=/Users/girivs/src/rust-tantraos/build/aarch64-apple-darwin/stage1-rustc/aarch64-apple-darwin/debug/deps/librustc_parse_format-8df52de1aa822d64.rmeta --extern rustc_session=/Users/girivs/src/rust-tantraos/build/aarch64-apple-darwin/stage1-rustc/aarch64-apple-darwin/debug/deps/librustc_session-a2f907dc0b7ee91b.rmeta --extern rustc_span=/Users/girivs/src/rust-tantraos/build/aarch64-apple-darwin/stage1-rustc/aarch64-apple-darwin/debug/deps/librustc_span-d6bec53b237ec4c4.rmeta --extern rustc_target=/Users/girivs/src/rust-tantraos/build/aarch64-apple-darwin/stage1-rustc/aarch64-apple-darwin/debug/deps/librustc_target-35cf86096f412775.rmeta --extern rustc_trait_selection=/Users/girivs/src/rust-tantraos/build/aarch64-apple-darwin/stage1-rustc/aarch64-apple-darwin/debug/deps/librustc_trait_selection-1f9259437d4ba99f.rmeta --extern smallvec=/Users/girivs/src/rust-tantraos/build/aarch64-apple-darwin/stage1-rustc/aarch64-apple-darwin/debug/deps/libsmallvec-47fd9e70f2e35cd9.rmeta --extern tracing=/Users/girivs/src/rust-tantraos/build/aarch64-apple-darwin/stage1-rustc/aarch64-apple-darwin/debug/deps/libtracing-5605f2f867fad977.rmeta --extern unicode_security=/Users/girivs/src/rust-tantraos/build/aarch64-apple-darwin/stage1-rustc/aarch64-apple-darwin/debug/deps/libunicode_security-6dc095564ec00f2b.rmeta --cfg=bootstrap --cfg=windows_raw_dylib -Csymbol-mangling-version=v0 -Zunstable-options '--check-cfg=cfg(bootstrap)' '--check-cfg=cfg(llvm_enzyme)' -Zmacro-backtrace -Csplit-debuginfo=unpacked -Zosx-rpath-install-name '-Clink-args=-Wl,-rpath,@loader_path/../lib' -Alinker-messages -Zon-broken-pipe=kill -Clto=off -Z binary-dep-depinfo -L native=/Users/girivs/src/rust-tantraos/build/aarch64-apple-darwin/stage1-rustc/aarch64-apple-darwin/debug/build/psm-4644cc58932be6af/out -L native=/Users/girivs/src/rust-tantraos/build/aarch64-apple-darwin/stage1-rustc/aarch64-apple-darwin/debug/build/blake3-486d38906040b2a9/out`
     Running `/Users/girivs/src/rust-tantraos/build/bootstrap/debug/rustc /Users/girivs/src/rust-tantraos/build/bootstrap/debug/rustc --crate-name rustc_ty_utils --edition=2024 compiler/rustc_ty_utils/src/lib.rs --error-format=json --json=diagnostic-rendered-ansi,artifacts,future-incompat --crate-type lib --emit=dep-info,metadata,link -C embed-bitcode=no -C codegen-units=16 -C debug-assertions=off --check-cfg 'cfg(docsrs,test)' --check-cfg 'cfg(feature, values())' -C metadata=60b2e68ae8172665 -C extra-filename=-eb19f1895e7f68ff --out-dir /Users/girivs/src/rust-tantraos/build/aarch64-apple-darwin/stage1-rustc/aarch64-apple-darwin/debug/deps --target aarch64-apple-darwin -L dependency=/Users/girivs/src/rust-tantraos/build/aarch64-apple-darwin/stage1-rustc/aarch64-apple-darwin/debug/deps -L dependency=/Users/girivs/src/rust-tantraos/build/aarch64-apple-darwin/stage1-rustc/debug/deps --extern itertools=/Users/girivs/src/rust-tantraos/build/aarch64-apple-darwin/stage1-rustc/aarch64-apple-darwin/debug/deps/libitertools-bb5340b0f82f4fc5.rmeta --extern rustc_abi=/Users/girivs/src/rust-tantraos/build/aarch64-apple-darwin/stage1-rustc/aarch64-apple-darwin/debug/deps/librustc_abi-09e488c880f2e0a3.rmeta --extern rustc_data_structures=/Users/girivs/src/rust-tantraos/build/aarch64-apple-darwin/stage1-rustc/aarch64-apple-darwin/debug/deps/librustc_data_structures-53324afa57622985.rmeta --extern rustc_errors=/Users/girivs/src/rust-tantraos/build/aarch64-apple-darwin/stage1-rustc/aarch64-apple-darwin/debug/deps/librustc_errors-89d154c028688311.rmeta --extern rustc_fluent_macro=/Users/girivs/src/rust-tantraos/build/aarch64-apple-darwin/stage1-rustc/debug/deps/librustc_fluent_macro-6a93aa79dabde813.dylib --extern rustc_hashes=/Users/girivs/src/rust-tantraos/build/aarch64-apple-darwin/stage1-rustc/aarch64-apple-darwin/debug/deps/librustc_hashes-f21b6e9214cef269.rmeta --extern rustc_hir=/Users/girivs/src/rust-tantraos/build/aarch64-apple-darwin/stage1-rustc/aarch64-apple-darwin/debug/deps/librustc_hir-48fcfc8b9aa9f89a.rmeta --extern rustc_index=/Users/girivs/src/rust-tantraos/build/aarch64-apple-darwin/stage1-rustc/aarch64-apple-darwin/debug/deps/librustc_index-2bf14f55015abfd3.rmeta --extern rustc_infer=/Users/girivs/src/rust-tantraos/build/aarch64-apple-darwin/stage1-rustc/aarch64-apple-darwin/debug/deps/librustc_infer-c26c8f4fe6f1661c.rmeta --extern rustc_macros=/Users/girivs/src/rust-tantraos/build/aarch64-apple-darwin/stage1-rustc/debug/deps/librustc_macros-82fd4294dca5b57c.dylib --extern rustc_middle=/Users/girivs/src/rust-tantraos/build/aarch64-apple-darwin/stage1-rustc/aarch64-apple-darwin/debug/deps/librustc_middle-4856c36a9d44bf79.rmeta --extern rustc_session=/Users/girivs/src/rust-tantraos/build/aarch64-apple-darwin/stage1-rustc/aarch64-apple-darwin/debug/deps/librustc_session-a2f907dc0b7ee91b.rmeta --extern rustc_span=/Users/girivs/src/rust-tantraos/build/aarch64-apple-darwin/stage1-rustc/aarch64-apple-darwin/debug/deps/librustc_span-d6bec53b237ec4c4.rmeta --extern rustc_target=/Users/girivs/src/rust-tantraos/build/aarch64-apple-darwin/stage1-rustc/aarch64-apple-darwin/debug/deps/librustc_target-35cf86096f412775.rmeta --extern rustc_trait_selection=/Users/girivs/src/rust-tantraos/build/aarch64-apple-darwin/stage1-rustc/aarch64-apple-darwin/debug/deps/librustc_trait_selection-1f9259437d4ba99f.rmeta --extern tracing=/Users/girivs/src/rust-tantraos/build/aarch64-apple-darwin/stage1-rustc/aarch64-apple-darwin/debug/deps/libtracing-5605f2f867fad977.rmeta --cfg=bootstrap --cfg=windows_raw_dylib -Csymbol-mangling-version=v0 -Zunstable-options '--check-cfg=cfg(bootstrap)' '--check-cfg=cfg(llvm_enzyme)' -Zmacro-backtrace -Csplit-debuginfo=unpacked -Zosx-rpath-install-name '-Clink-args=-Wl,-rpath,@loader_path/../lib' -Alinker-messages -Zon-broken-pipe=kill -Clto=off -Z binary-dep-depinfo -L native=/Users/girivs/src/rust-tantraos/build/aarch64-apple-darwin/stage1-rustc/aarch64-apple-darwin/debug/build/psm-4644cc58932be6af/out -L native=/Users/girivs/src/rust-tantraos/build/aarch64-apple-darwin/stage1-rustc/aarch64-apple-darwin/debug/build/blake3-486d38906040b2a9/out`
     Running `/Users/girivs/src/rust-tantraos/build/bootstrap/debug/rustc /Users/girivs/src/rust-tantraos/build/bootstrap/debug/rustc --crate-name rustc_hir_analysis --edition=2024 compiler/rustc_hir_analysis/src/lib.rs --error-format=json --json=diagnostic-rendered-ansi,artifacts,future-incompat --crate-type lib --emit=dep-info,metadata,link -C embed-bitcode=no -C codegen-units=16 -C debug-assertions=off --check-cfg 'cfg(docsrs,test)' --check-cfg 'cfg(feature, values())' -C metadata=87b53db525e4ab3b -C extra-filename=-52399541a10f399a --out-dir /Users/girivs/src/rust-tantraos/build/aarch64-apple-darwin/stage1-rustc/aarch64-apple-darwin/debug/deps --target aarch64-apple-darwin -L dependency=/Users/girivs/src/rust-tantraos/build/aarch64-apple-darwin/stage1-rustc/aarch64-apple-darwin/debug/deps -L dependency=/Users/girivs/src/rust-tantraos/build/aarch64-apple-darwin/stage1-rustc/debug/deps --extern itertools=/Users/girivs/src/rust-tantraos/build/aarch64-apple-darwin/stage1-rustc/aarch64-apple-darwin/debug/deps/libitertools-bb5340b0f82f4fc5.rmeta --extern rustc_abi=/Users/girivs/src/rust-tantraos/build/aarch64-apple-darwin/stage1-rustc/aarch64-apple-darwin/debug/deps/librustc_abi-09e488c880f2e0a3.rmeta --extern rustc_arena=/Users/girivs/src/rust-tantraos/build/aarch64-apple-darwin/stage1-rustc/aarch64-apple-darwin/debug/deps/librustc_arena-82fa9f5058c00acb.rmeta --extern rustc_ast=/Users/girivs/src/rust-tantraos/build/aarch64-apple-darwin/stage1-rustc/aarch64-apple-darwin/debug/deps/librustc_ast-986d44ba93a5512b.rmeta --extern rustc_attr_parsing=/Users/girivs/src/rust-tantraos/build/aarch64-apple-darwin/stage1-rustc/aarch64-apple-darwin/debug/deps/librustc_attr_parsing-362765332dccbe89.rmeta --extern rustc_data_structures=/Users/girivs/src/rust-tantraos/build/aarch64-apple-darwin/stage1-rustc/aarch64-apple-darwin/debug/deps/librustc_data_structures-53324afa57622985.rmeta --extern rustc_errors=/Users/girivs/src/rust-tantraos/build/aarch64-apple-darwin/stage1-rustc/aarch64-apple-darwin/debug/deps/librustc_errors-89d154c028688311.rmeta --extern rustc_feature=/Users/girivs/src/rust-tantraos/build/aarch64-apple-darwin/stage1-rustc/aarch64-apple-darwin/debug/deps/librustc_feature-408fdd73cabbcdd5.rmeta --extern rustc_fluent_macro=/Users/girivs/src/rust-tantraos/build/aarch64-apple-darwin/stage1-rustc/debug/deps/librustc_fluent_macro-6a93aa79dabde813.dylib --extern rustc_hir=/Users/girivs/src/rust-tantraos/build/aarch64-apple-darwin/stage1-rustc/aarch64-apple-darwin/debug/deps/librustc_hir-48fcfc8b9aa9f89a.rmeta --extern rustc_index=/Users/girivs/src/rust-tantraos/build/aarch64-apple-darwin/stage1-rustc/aarch64-apple-darwin/debug/deps/librustc_index-2bf14f55015abfd3.rmeta --extern rustc_infer=/Users/girivs/src/rust-tantraos/build/aarch64-apple-darwin/stage1-rustc/aarch64-apple-darwin/debug/deps/librustc_infer-c26c8f4fe6f1661c.rmeta --extern rustc_lint_defs=/Users/girivs/src/rust-tantraos/build/aarch64-apple-darwin/stage1-rustc/aarch64-apple-darwin/debug/deps/librustc_lint_defs-964ebbc4d3457239.rmeta --extern rustc_macros=/Users/girivs/src/rust-tantraos/build/aarch64-apple-darwin/stage1-rustc/debug/deps/librustc_macros-82fd4294dca5b57c.dylib --extern rustc_middle=/Users/girivs/src/rust-tantraos/build/aarch64-apple-darwin/stage1-rustc/aarch64-apple-darwin/debug/deps/librustc_middle-4856c36a9d44bf79.rmeta --extern rustc_session=/Users/girivs/src/rust-tantraos/build/aarch64-apple-darwin/stage1-rustc/aarch64-apple-darwin/debug/deps/librustc_session-a2f907dc0b7ee91b.rmeta --extern rustc_span=/Users/girivs/src/rust-tantraos/build/aarch64-apple-darwin/stage1-rustc/aarch64-apple-darwin/debug/deps/librustc_span-d6bec53b237ec4c4.rmeta --extern rustc_target=/Users/girivs/src/rust-tantraos/build/aarch64-apple-darwin/stage1-rustc/aarch64-apple-darwin/debug/deps/librustc_target-35cf86096f412775.rmeta --extern rustc_trait_selection=/Users/girivs/src/rust-tantraos/build/aarch64-apple-darwin/stage1-rustc/aarch64-apple-darwin/debug/deps/librustc_trait_selection-1f9259437d4ba99f.rmeta --extern smallvec=/Users/girivs/src/rust-tantraos/build/aarch64-apple-darwin/stage1-rustc/aarch64-apple-darwin/debug/deps/libsmallvec-47fd9e70f2e35cd9.rmeta --extern tracing=/Users/girivs/src/rust-tantraos/build/aarch64-apple-darwin/stage1-rustc/aarch64-apple-darwin/debug/deps/libtracing-5605f2f867fad977.rmeta --cfg=bootstrap --cfg=windows_raw_dylib -Csymbol-mangling-version=v0 -Zunstable-options '--check-cfg=cfg(bootstrap)' '--check-cfg=cfg(llvm_enzyme)' -Zmacro-backtrace -Csplit-debuginfo=unpacked -Zosx-rpath-install-name '-Clink-args=-Wl,-rpath,@loader_path/../lib' -Alinker-messages -Zon-broken-pipe=kill -Clto=off -Z binary-dep-depinfo -L native=/Users/girivs/src/rust-tantraos/build/aarch64-apple-darwin/stage1-rustc/aarch64-apple-darwin/debug/build/psm-4644cc58932be6af/out -L native=/Users/girivs/src/rust-tantraos/build/aarch64-apple-darwin/stage1-rustc/aarch64-apple-darwin/debug/build/blake3-486d38906040b2a9/out`
     Running `/Users/girivs/src/rust-tantraos/build/bootstrap/debug/rustc /Users/girivs/src/rust-tantraos/build/bootstrap/debug/rustc --crate-name rustc_sanitizers --edition=2024 compiler/rustc_sanitizers/src/lib.rs --error-format=json --json=diagnostic-rendered-ansi,artifacts,future-incompat --crate-type lib --emit=dep-info,metadata,link -C embed-bitcode=no -C codegen-units=16 -C debug-assertions=off --check-cfg 'cfg(docsrs,test)' --check-cfg 'cfg(feature, values())' -C metadata=8fa900e9281b9442 -C extra-filename=-ed761f5e877d90ba --out-dir /Users/girivs/src/rust-tantraos/build/aarch64-apple-darwin/stage1-rustc/aarch64-apple-darwin/debug/deps --target aarch64-apple-darwin -L dependency=/Users/girivs/src/rust-tantraos/build/aarch64-apple-darwin/stage1-rustc/aarch64-apple-darwin/debug/deps -L dependency=/Users/girivs/src/rust-tantraos/build/aarch64-apple-darwin/stage1-rustc/debug/deps --extern bitflags=/Users/girivs/src/rust-tantraos/build/aarch64-apple-darwin/stage1-rustc/aarch64-apple-darwin/debug/deps/libbitflags-135f596f25eed33e.rmeta --extern rustc_abi=/Users/girivs/src/rust-tantraos/build/aarch64-apple-darwin/stage1-rustc/aarch64-apple-darwin/debug/deps/librustc_abi-09e488c880f2e0a3.rmeta --extern rustc_data_structures=/Users/girivs/src/rust-tantraos/build/aarch64-apple-darwin/stage1-rustc/aarch64-apple-darwin/debug/deps/librustc_data_structures-53324afa57622985.rmeta --extern rustc_hir=/Users/girivs/src/rust-tantraos/build/aarch64-apple-darwin/stage1-rustc/aarch64-apple-darwin/debug/deps/librustc_hir-48fcfc8b9aa9f89a.rmeta --extern rustc_middle=/Users/girivs/src/rust-tantraos/build/aarch64-apple-darwin/stage1-rustc/aarch64-apple-darwin/debug/deps/librustc_middle-4856c36a9d44bf79.rmeta --extern rustc_span=/Users/girivs/src/rust-tantraos/build/aarch64-apple-darwin/stage1-rustc/aarch64-apple-darwin/debug/deps/librustc_span-d6bec53b237ec4c4.rmeta --extern rustc_target=/Users/girivs/src/rust-tantraos/build/aarch64-apple-darwin/stage1-rustc/aarch64-apple-darwin/debug/deps/librustc_target-35cf86096f412775.rmeta --extern rustc_trait_selection=/Users/girivs/src/rust-tantraos/build/aarch64-apple-darwin/stage1-rustc/aarch64-apple-darwin/debug/deps/librustc_trait_selection-1f9259437d4ba99f.rmeta --extern tracing=/Users/girivs/src/rust-tantraos/build/aarch64-apple-darwin/stage1-rustc/aarch64-apple-darwin/debug/deps/libtracing-5605f2f867fad977.rmeta --extern twox_hash=/Users/girivs/src/rust-tantraos/build/aarch64-apple-darwin/stage1-rustc/aarch64-apple-darwin/debug/deps/libtwox_hash-6a23e5eba3911aef.rmeta --cfg=bootstrap --cfg=windows_raw_dylib -Csymbol-mangling-version=v0 -Zunstable-options '--check-cfg=cfg(bootstrap)' '--check-cfg=cfg(llvm_enzyme)' -Zmacro-backtrace -Csplit-debuginfo=unpacked -Zosx-rpath-install-name '-Clink-args=-Wl,-rpath,@loader_path/../lib' -Alinker-messages -Zon-broken-pipe=kill -Clto=off -Z binary-dep-depinfo -L native=/Users/girivs/src/rust-tantraos/build/aarch64-apple-darwin/stage1-rustc/aarch64-apple-darwin/debug/build/psm-4644cc58932be6af/out -L native=/Users/girivs/src/rust-tantraos/build/aarch64-apple-darwin/stage1-rustc/aarch64-apple-darwin/debug/build/blake3-486d38906040b2a9/out`
     Running `/Users/girivs/src/rust-tantraos/build/bootstrap/debug/rustc /Users/girivs/src/rust-tantraos/build/bootstrap/debug/rustc --crate-name rustc_const_eval --edition=2024 compiler/rustc_const_eval/src/lib.rs --error-format=json --json=diagnostic-rendered-ansi,artifacts,future-incompat --crate-type lib --emit=dep-info,metadata,link -C embed-bitcode=no -C codegen-units=16 -C debug-assertions=off --check-cfg 'cfg(docsrs,test)' --check-cfg 'cfg(feature, values())' -C metadata=0a3cc1558a29fad5 -C extra-filename=-6eb3232987f7a576 --out-dir /Users/girivs/src/rust-tantraos/build/aarch64-apple-darwin/stage1-rustc/aarch64-apple-darwin/debug/deps --target aarch64-apple-darwin -L dependency=/Users/girivs/src/rust-tantraos/build/aarch64-apple-darwin/stage1-rustc/aarch64-apple-darwin/debug/deps -L dependency=/Users/girivs/src/rust-tantraos/build/aarch64-apple-darwin/stage1-rustc/debug/deps --extern either=/Users/girivs/src/rust-tantraos/build/aarch64-apple-darwin/stage1-rustc/aarch64-apple-darwin/debug/deps/libeither-9a752f8f23defb52.rmeta --extern rustc_abi=/Users/girivs/src/rust-tantraos/build/aarch64-apple-darwin/stage1-rustc/aarch64-apple-darwin/debug/deps/librustc_abi-09e488c880f2e0a3.rmeta --extern rustc_apfloat=/Users/girivs/src/rust-tantraos/build/aarch64-apple-darwin/stage1-rustc/aarch64-apple-darwin/debug/deps/librustc_apfloat-7309ed1b79fd32a3.rmeta --extern rustc_ast=/Users/girivs/src/rust-tantraos/build/aarch64-apple-darwin/stage1-rustc/aarch64-apple-darwin/debug/deps/librustc_ast-986d44ba93a5512b.rmeta --extern rustc_data_structures=/Users/girivs/src/rust-tantraos/build/aarch64-apple-darwin/stage1-rustc/aarch64-apple-darwin/debug/deps/librustc_data_structures-53324afa57622985.rmeta --extern rustc_errors=/Users/girivs/src/rust-tantraos/build/aarch64-apple-darwin/stage1-rustc/aarch64-apple-darwin/debug/deps/librustc_errors-89d154c028688311.rmeta --extern rustc_fluent_macro=/Users/girivs/src/rust-tantraos/build/aarch64-apple-darwin/stage1-rustc/debug/deps/librustc_fluent_macro-6a93aa79dabde813.dylib --extern rustc_hir=/Users/girivs/src/rust-tantraos/build/aarch64-apple-darwin/stage1-rustc/aarch64-apple-darwin/debug/deps/librustc_hir-48fcfc8b9aa9f89a.rmeta --extern rustc_index=/Users/girivs/src/rust-tantraos/build/aarch64-apple-darwin/stage1-rustc/aarch64-apple-darwin/debug/deps/librustc_index-2bf14f55015abfd3.rmeta --extern rustc_infer=/Users/girivs/src/rust-tantraos/build/aarch64-apple-darwin/stage1-rustc/aarch64-apple-darwin/debug/deps/librustc_infer-c26c8f4fe6f1661c.rmeta --extern rustc_macros=/Users/girivs/src/rust-tantraos/build/aarch64-apple-darwin/stage1-rustc/debug/deps/librustc_macros-82fd4294dca5b57c.dylib --extern rustc_middle=/Users/girivs/src/rust-tantraos/build/aarch64-apple-darwin/stage1-rustc/aarch64-apple-darwin/debug/deps/librustc_middle-4856c36a9d44bf79.rmeta --extern rustc_mir_dataflow=/Users/girivs/src/rust-tantraos/build/aarch64-apple-darwin/stage1-rustc/aarch64-apple-darwin/debug/deps/librustc_mir_dataflow-eda3f45ee4844999.rmeta --extern rustc_session=/Users/girivs/src/rust-tantraos/build/aarch64-apple-darwin/stage1-rustc/aarch64-apple-darwin/debug/deps/librustc_session-a2f907dc0b7ee91b.rmeta --extern rustc_span=/Users/girivs/src/rust-tantraos/build/aarch64-apple-darwin/stage1-rustc/aarch64-apple-darwin/debug/deps/librustc_span-d6bec53b237ec4c4.rmeta --extern rustc_target=/Users/girivs/src/rust-tantraos/build/aarch64-apple-darwin/stage1-rustc/aarch64-apple-darwin/debug/deps/librustc_target-35cf86096f412775.rmeta --extern rustc_trait_selection=/Users/girivs/src/rust-tantraos/build/aarch64-apple-darwin/stage1-rustc/aarch64-apple-darwin/debug/deps/librustc_trait_selection-1f9259437d4ba99f.rmeta --extern tracing=/Users/girivs/src/rust-tantraos/build/aarch64-apple-darwin/stage1-rustc/aarch64-apple-darwin/debug/deps/libtracing-5605f2f867fad977.rmeta --cfg=bootstrap --cfg=windows_raw_dylib -Csymbol-mangling-version=v0 -Zunstable-options '--check-cfg=cfg(bootstrap)' '--check-cfg=cfg(llvm_enzyme)' -Zmacro-backtrace -Csplit-debuginfo=unpacked -Zosx-rpath-install-name '-Clink-args=-Wl,-rpath,@loader_path/../lib' -Alinker-messages -Zon-broken-pipe=kill -Clto=off -Z binary-dep-depinfo -L native=/Users/girivs/src/rust-tantraos/build/aarch64-apple-darwin/stage1-rustc/aarch64-apple-darwin/debug/build/psm-4644cc58932be6af/out -L native=/Users/girivs/src/rust-tantraos/build/aarch64-apple-darwin/stage1-rustc/aarch64-apple-darwin/debug/build/blake3-486d38906040b2a9/out`
       Dirty rustc_codegen_ssa v0.0.0 (/Users/girivs/src/rust-tantraos/compiler/rustc_codegen_ssa): couldn't read metadata for file `build/aarch64-apple-darwin/stage1-rustc/aarch64-apple-darwin/debug/deps/librustc_codegen_ssa-02c0928f02ba91c5.rlib`
   Compiling rustc_codegen_ssa v0.0.0 (/Users/girivs/src/rust-tantraos/compiler/rustc_codegen_ssa)
     Running `/Users/girivs/src/rust-tantraos/build/bootstrap/debug/rustc /Users/girivs/src/rust-tantraos/build/bootstrap/debug/rustc --crate-name rustc_codegen_ssa --edition=2024 compiler/rustc_codegen_ssa/src/lib.rs --error-format=json --json=diagnostic-rendered-ansi,artifacts,future-incompat --crate-type lib --emit=dep-info,metadata,link -C embed-bitcode=no -C codegen-units=16 -C debug-assertions=off --check-cfg 'cfg(docsrs,test)' --check-cfg 'cfg(feature, values())' -C metadata=95951a1ea3799552 -C extra-filename=-02c0928f02ba91c5 --out-dir /Users/girivs/src/rust-tantraos/build/aarch64-apple-darwin/stage1-rustc/aarch64-apple-darwin/debug/deps --target aarch64-apple-darwin -L dependency=/Users/girivs/src/rust-tantraos/build/aarch64-apple-darwin/stage1-rustc/aarch64-apple-darwin/debug/deps -L dependency=/Users/girivs/src/rust-tantraos/build/aarch64-apple-darwin/stage1-rustc/debug/deps --extern ar_archive_writer=/Users/girivs/src/rust-tantraos/build/aarch64-apple-darwin/stage1-rustc/aarch64-apple-darwin/debug/deps/libar_archive_writer-7269c2fe82bc0013.rmeta --extern bitflags=/Users/girivs/src/rust-tantraos/build/aarch64-apple-darwin/stage1-rustc/aarch64-apple-darwin/debug/deps/libbitflags-135f596f25eed33e.rmeta --extern bstr=/Users/girivs/src/rust-tantraos/build/aarch64-apple-darwin/stage1-rustc/aarch64-apple-darwin/debug/deps/libbstr-e7ac336145439c12.rmeta --extern cc=/Users/girivs/src/rust-tantraos/build/aarch64-apple-darwin/stage1-rustc/aarch64-apple-darwin/debug/deps/libcc-8efe12ef3d9b01c1.rmeta --extern itertools=/Users/girivs/src/rust-tantraos/build/aarch64-apple-darwin/stage1-rustc/aarch64-apple-darwin/debug/deps/libitertools-bb5340b0f82f4fc5.rmeta --extern libc=/Users/girivs/src/rust-tantraos/build/aarch64-apple-darwin/stage1-rustc/aarch64-apple-darwin/debug/deps/liblibc-44678f8c97d89ee4.rmeta --extern object=/Users/girivs/src/rust-tantraos/build/aarch64-apple-darwin/stage1-rustc/aarch64-apple-darwin/debug/deps/libobject-e37ebecb3728463b.rmeta --extern pathdiff=/Users/girivs/src/rust-tantraos/build/aarch64-apple-darwin/stage1-rustc/aarch64-apple-darwin/debug/deps/libpathdiff-e1f17f8cec31553d.rmeta --extern regex=/Users/girivs/src/rust-tantraos/build/aarch64-apple-darwin/stage1-rustc/aarch64-apple-darwin/debug/deps/libregex-eb8b8751f9b72e12.rmeta --extern rustc_abi=/Users/girivs/src/rust-tantraos/build/aarch64-apple-darwin/stage1-rustc/aarch64-apple-darwin/debug/deps/librustc_abi-09e488c880f2e0a3.rmeta --extern rustc_arena=/Users/girivs/src/rust-tantraos/build/aarch64-apple-darwin/stage1-rustc/aarch64-apple-darwin/debug/deps/librustc_arena-82fa9f5058c00acb.rmeta --extern rustc_ast=/Users/girivs/src/rust-tantraos/build/aarch64-apple-darwin/stage1-rustc/aarch64-apple-darwin/debug/deps/librustc_ast-986d44ba93a5512b.rmeta --extern rustc_attr_parsing=/Users/girivs/src/rust-tantraos/build/aarch64-apple-darwin/stage1-rustc/aarch64-apple-darwin/debug/deps/librustc_attr_parsing-362765332dccbe89.rmeta --extern rustc_data_structures=/Users/girivs/src/rust-tantraos/build/aarch64-apple-darwin/stage1-rustc/aarch64-apple-darwin/debug/deps/librustc_data_structures-53324afa57622985.rmeta --extern rustc_errors=/Users/girivs/src/rust-tantraos/build/aarch64-apple-darwin/stage1-rustc/aarch64-apple-darwin/debug/deps/librustc_errors-89d154c028688311.rmeta --extern rustc_fluent_macro=/Users/girivs/src/rust-tantraos/build/aarch64-apple-darwin/stage1-rustc/debug/deps/librustc_fluent_macro-6a93aa79dabde813.dylib --extern rustc_fs_util=/Users/girivs/src/rust-tantraos/build/aarch64-apple-darwin/stage1-rustc/aarch64-apple-darwin/debug/deps/librustc_fs_util-15cace19e9869a25.rmeta --extern rustc_hashes=/Users/girivs/src/rust-tantraos/build/aarch64-apple-darwin/stage1-rustc/aarch64-apple-darwin/debug/deps/librustc_hashes-f21b6e9214cef269.rmeta --extern rustc_hir=/Users/girivs/src/rust-tantraos/build/aarch64-apple-darwin/stage1-rustc/aarch64-apple-darwin/debug/deps/librustc_hir-48fcfc8b9aa9f89a.rmeta --extern rustc_incremental=/Users/girivs/src/rust-tantraos/build/aarch64-apple-darwin/stage1-rustc/aarch64-apple-darwin/debug/deps/librustc_incremental-0403c0da8cf745b1.rmeta --extern rustc_index=/Users/girivs/src/rust-tantraos/build/aarch64-apple-darwin/stage1-rustc/aarch64-apple-darwin/debug/deps/librustc_index-2bf14f55015abfd3.rmeta --extern rustc_lint_defs=/Users/girivs/src/rust-tantraos/build/aarch64-apple-darwin/stage1-rustc/aarch64-apple-darwin/debug/deps/librustc_lint_defs-964ebbc4d3457239.rmeta --extern rustc_macros=/Users/girivs/src/rust-tantraos/build/aarch64-apple-darwin/stage1-rustc/debug/deps/librustc_macros-82fd4294dca5b57c.dylib --extern rustc_metadata=/Users/girivs/src/rust-tantraos/build/aarch64-apple-darwin/stage1-rustc/aarch64-apple-darwin/debug/deps/librustc_metadata-6eb25f80f3d7d52b.rmeta --extern rustc_middle=/Users/girivs/src/rust-tantraos/build/aarch64-apple-darwin/stage1-rustc/aarch64-apple-darwin/debug/deps/librustc_middle-4856c36a9d44bf79.rmeta --extern rustc_query_system=/Users/girivs/src/rust-tantraos/build/aarch64-apple-darwin/stage1-rustc/aarch64-apple-darwin/debug/deps/librustc_query_system-48bb7dd372d0b900.rmeta --extern rustc_serialize=/Users/girivs/src/rust-tantraos/build/aarch64-apple-darwin/stage1-rustc/aarch64-apple-darwin/debug/deps/librustc_serialize-5a0faa3d5df4fc89.rmeta --extern rustc_session=/Users/girivs/src/rust-tantraos/build/aarch64-apple-darwin/stage1-rustc/aarch64-apple-darwin/debug/deps/librustc_session-a2f907dc0b7ee91b.rmeta --extern rustc_span=/Users/girivs/src/rust-tantraos/build/aarch64-apple-darwin/stage1-rustc/aarch64-apple-darwin/debug/deps/librustc_span-d6bec53b237ec4c4.rmeta --extern rustc_symbol_mangling=/Users/girivs/src/rust-tantraos/build/aarch64-apple-darwin/stage1-rustc/aarch64-apple-darwin/debug/deps/librustc_symbol_mangling-afc9f98714ddb03c.rmeta --extern rustc_target=/Users/girivs/src/rust-tantraos/build/aarch64-apple-darwin/stage1-rustc/aarch64-apple-darwin/debug/deps/librustc_target-35cf86096f412775.rmeta --extern rustc_trait_selection=/Users/girivs/src/rust-tantraos/build/aarch64-apple-darwin/stage1-rustc/aarch64-apple-darwin/debug/deps/librustc_trait_selection-1f9259437d4ba99f.rmeta --extern serde_json=/Users/girivs/src/rust-tantraos/build/aarch64-apple-darwin/stage1-rustc/aarch64-apple-darwin/debug/deps/libserde_json-3c3126d7da243026.rmeta --extern smallvec=/Users/girivs/src/rust-tantraos/build/aarch64-apple-darwin/stage1-rustc/aarch64-apple-darwin/debug/deps/libsmallvec-47fd9e70f2e35cd9.rmeta --extern tempfile=/Users/girivs/src/rust-tantraos/build/aarch64-apple-darwin/stage1-rustc/aarch64-apple-darwin/debug/deps/libtempfile-bd9aa4c6b912e938.rmeta --extern thin_vec=/Users/girivs/src/rust-tantraos/build/aarch64-apple-darwin/stage1-rustc/aarch64-apple-darwin/debug/deps/libthin_vec-3f8b2fc9c896cfb1.rmeta --extern thorin=/Users/girivs/src/rust-tantraos/build/aarch64-apple-darwin/stage1-rustc/aarch64-apple-darwin/debug/deps/libthorin-f9f7f6f93eb90824.rmeta --extern tracing=/Users/girivs/src/rust-tantraos/build/aarch64-apple-darwin/stage1-rustc/aarch64-apple-darwin/debug/deps/libtracing-5605f2f867fad977.rmeta --extern wasm_encoder=/Users/girivs/src/rust-tantraos/build/aarch64-apple-darwin/stage1-rustc/aarch64-apple-darwin/debug/deps/libwasm_encoder-d887ac0f135ca990.rmeta --cfg=bootstrap --cfg=windows_raw_dylib -Csymbol-mangling-version=v0 -Zunstable-options '--check-cfg=cfg(bootstrap)' '--check-cfg=cfg(llvm_enzyme)' -Zmacro-backtrace -Csplit-debuginfo=unpacked -Zosx-rpath-install-name '-Clink-args=-Wl,-rpath,@loader_path/../lib' -Alinker-messages -Zon-broken-pipe=kill -Clto=off -Z binary-dep-depinfo -L native=/Users/girivs/src/rust-tantraos/build/aarch64-apple-darwin/stage1-rustc/aarch64-apple-darwin/debug/build/psm-4644cc58932be6af/out -L native=/Users/girivs/src/rust-tantraos/build/aarch64-apple-darwin/stage1-rustc/aarch64-apple-darwin/debug/build/blake3-486d38906040b2a9/out`
error[E0433]: failed to resolve: could not find `AssocTag` in `def`
   --> compiler/rustc_codegen_ssa/src/base.rs:558:37
    |
558 |                     rustc_hir::def::AssocTag::Fn,
    |                                     ^^^^^^^^ could not find `AssocTag` in `def`
    |
help: consider importing one of these enums
    |
  1 + use crate::base::ty::AssocTag;
    |
  1 + use rustc_middle::ty::AssocTag;
    |
help: if you import `AssocTag`, refer to it directly
    |
558 -                     rustc_hir::def::AssocTag::Fn,
558 +                     AssocTag::Fn,
    |

       Dirty rustc_borrowck v0.0.0 (/Users/girivs/src/rust-tantraos/compiler/rustc_borrowck): the dependency rustc_session was rebuilt
   Compiling rustc_borrowck v0.0.0 (/Users/girivs/src/rust-tantraos/compiler/rustc_borrowck)
     Running `/Users/girivs/src/rust-tantraos/build/bootstrap/debug/rustc /Users/girivs/src/rust-tantraos/build/bootstrap/debug/rustc --crate-name rustc_borrowck --edition=2024 compiler/rustc_borrowck/src/lib.rs --error-format=json --json=diagnostic-rendered-ansi,artifacts,future-incompat --crate-type lib --emit=dep-info,metadata,link -C embed-bitcode=no -C codegen-units=16 -C debug-assertions=off --check-cfg 'cfg(docsrs,test)' --check-cfg 'cfg(feature, values())' -C metadata=41545349a2300f4f -C extra-filename=-a1367a0a299c9066 --out-dir /Users/girivs/src/rust-tantraos/build/aarch64-apple-darwin/stage1-rustc/aarch64-apple-darwin/debug/deps --target aarch64-apple-darwin -L dependency=/Users/girivs/src/rust-tantraos/build/aarch64-apple-darwin/stage1-rustc/aarch64-apple-darwin/debug/deps -L dependency=/Users/girivs/src/rust-tantraos/build/aarch64-apple-darwin/stage1-rustc/debug/deps --extern either=/Users/girivs/src/rust-tantraos/build/aarch64-apple-darwin/stage1-rustc/aarch64-apple-darwin/debug/deps/libeither-9a752f8f23defb52.rmeta --extern itertools=/Users/girivs/src/rust-tantraos/build/aarch64-apple-darwin/stage1-rustc/aarch64-apple-darwin/debug/deps/libitertools-bb5340b0f82f4fc5.rmeta --extern polonius_engine=/Users/girivs/src/rust-tantraos/build/aarch64-apple-darwin/stage1-rustc/aarch64-apple-darwin/debug/deps/libpolonius_engine-6dc856885141011f.rmeta --extern rustc_abi=/Users/girivs/src/rust-tantraos/build/aarch64-apple-darwin/stage1-rustc/aarch64-apple-darwin/debug/deps/librustc_abi-09e488c880f2e0a3.rmeta --extern rustc_data_structures=/Users/girivs/src/rust-tantraos/build/aarch64-apple-darwin/stage1-rustc/aarch64-apple-darwin/debug/deps/librustc_data_structures-53324afa57622985.rmeta --extern rustc_errors=/Users/girivs/src/rust-tantraos/build/aarch64-apple-darwin/stage1-rustc/aarch64-apple-darwin/debug/deps/librustc_errors-89d154c028688311.rmeta --extern rustc_fluent_macro=/Users/girivs/src/rust-tantraos/build/aarch64-apple-darwin/stage1-rustc/debug/deps/librustc_fluent_macro-6a93aa79dabde813.dylib --extern rustc_graphviz=/Users/girivs/src/rust-tantraos/build/aarch64-apple-darwin/stage1-rustc/aarch64-apple-darwin/debug/deps/librustc_graphviz-1fddc535a76729a1.rmeta --extern rustc_hir=/Users/girivs/src/rust-tantraos/build/aarch64-apple-darwin/stage1-rustc/aarch64-apple-darwin/debug/deps/librustc_hir-48fcfc8b9aa9f89a.rmeta --extern rustc_index=/Users/girivs/src/rust-tantraos/build/aarch64-apple-darwin/stage1-rustc/aarch64-apple-darwin/debug/deps/librustc_index-2bf14f55015abfd3.rmeta --extern rustc_infer=/Users/girivs/src/rust-tantraos/build/aarch64-apple-darwin/stage1-rustc/aarch64-apple-darwin/debug/deps/librustc_infer-c26c8f4fe6f1661c.rmeta --extern rustc_lexer=/Users/girivs/src/rust-tantraos/build/aarch64-apple-darwin/stage1-rustc/aarch64-apple-darwin/debug/deps/librustc_lexer-b988e895f018640a.rmeta --extern rustc_macros=/Users/girivs/src/rust-tantraos/build/aarch64-apple-darwin/stage1-rustc/debug/deps/librustc_macros-82fd4294dca5b57c.dylib --extern rustc_middle=/Users/girivs/src/rust-tantraos/build/aarch64-apple-darwin/stage1-rustc/aarch64-apple-darwin/debug/deps/librustc_middle-4856c36a9d44bf79.rmeta --extern rustc_mir_dataflow=/Users/girivs/src/rust-tantraos/build/aarch64-apple-darwin/stage1-rustc/aarch64-apple-darwin/debug/deps/librustc_mir_dataflow-eda3f45ee4844999.rmeta --extern rustc_session=/Users/girivs/src/rust-tantraos/build/aarch64-apple-darwin/stage1-rustc/aarch64-apple-darwin/debug/deps/librustc_session-a2f907dc0b7ee91b.rmeta --extern rustc_span=/Users/girivs/src/rust-tantraos/build/aarch64-apple-darwin/stage1-rustc/aarch64-apple-darwin/debug/deps/librustc_span-d6bec53b237ec4c4.rmeta --extern rustc_trait_selection=/Users/girivs/src/rust-tantraos/build/aarch64-apple-darwin/stage1-rustc/aarch64-apple-darwin/debug/deps/librustc_trait_selection-1f9259437d4ba99f.rmeta --extern rustc_traits=/Users/girivs/src/rust-tantraos/build/aarch64-apple-darwin/stage1-rustc/aarch64-apple-darwin/debug/deps/librustc_traits-d4ce6785dfb6d2c1.rmeta --extern smallvec=/Users/girivs/src/rust-tantraos/build/aarch64-apple-darwin/stage1-rustc/aarch64-apple-darwin/debug/deps/libsmallvec-47fd9e70f2e35cd9.rmeta --extern tracing=/Users/girivs/src/rust-tantraos/build/aarch64-apple-darwin/stage1-rustc/aarch64-apple-darwin/debug/deps/libtracing-5605f2f867fad977.rmeta --cfg=bootstrap --cfg=windows_raw_dylib -Csymbol-mangling-version=v0 -Zunstable-options '--check-cfg=cfg(bootstrap)' '--check-cfg=cfg(llvm_enzyme)' -Zmacro-backtrace -Csplit-debuginfo=unpacked -Zosx-rpath-install-name '-Clink-args=-Wl,-rpath,@loader_path/../lib' -Alinker-messages -Zon-broken-pipe=kill -Clto=off -Z binary-dep-depinfo -L native=/Users/girivs/src/rust-tantraos/build/aarch64-apple-darwin/stage1-rustc/aarch64-apple-darwin/debug/build/psm-4644cc58932be6af/out -L native=/Users/girivs/src/rust-tantraos/build/aarch64-apple-darwin/stage1-rustc/aarch64-apple-darwin/debug/build/blake3-486d38906040b2a9/out`
       Dirty rustc_privacy v0.0.0 (/Users/girivs/src/rust-tantraos/compiler/rustc_privacy): the dependency rustc_session was rebuilt
   Compiling rustc_privacy v0.0.0 (/Users/girivs/src/rust-tantraos/compiler/rustc_privacy)
     Running `/Users/girivs/src/rust-tantraos/build/bootstrap/debug/rustc /Users/girivs/src/rust-tantraos/build/bootstrap/debug/rustc --crate-name rustc_privacy --edition=2024 compiler/rustc_privacy/src/lib.rs --error-format=json --json=diagnostic-rendered-ansi,artifacts,future-incompat --crate-type lib --emit=dep-info,metadata,link -C embed-bitcode=no -C codegen-units=16 -C debug-assertions=off --check-cfg 'cfg(docsrs,test)' --check-cfg 'cfg(feature, values())' -C metadata=4e4b40d2582a6f1d -C extra-filename=-50e1ffb75a78c5c5 --out-dir /Users/girivs/src/rust-tantraos/build/aarch64-apple-darwin/stage1-rustc/aarch64-apple-darwin/debug/deps --target aarch64-apple-darwin -L dependency=/Users/girivs/src/rust-tantraos/build/aarch64-apple-darwin/stage1-rustc/aarch64-apple-darwin/debug/deps -L dependency=/Users/girivs/src/rust-tantraos/build/aarch64-apple-darwin/stage1-rustc/debug/deps --extern rustc_ast=/Users/girivs/src/rust-tantraos/build/aarch64-apple-darwin/stage1-rustc/aarch64-apple-darwin/debug/deps/librustc_ast-986d44ba93a5512b.rmeta --extern rustc_data_structures=/Users/girivs/src/rust-tantraos/build/aarch64-apple-darwin/stage1-rustc/aarch64-apple-darwin/debug/deps/librustc_data_structures-53324afa57622985.rmeta --extern rustc_errors=/Users/girivs/src/rust-tantraos/build/aarch64-apple-darwin/stage1-rustc/aarch64-apple-darwin/debug/deps/librustc_errors-89d154c028688311.rmeta --extern rustc_fluent_macro=/Users/girivs/src/rust-tantraos/build/aarch64-apple-darwin/stage1-rustc/debug/deps/librustc_fluent_macro-6a93aa79dabde813.dylib --extern rustc_hir=/Users/girivs/src/rust-tantraos/build/aarch64-apple-darwin/stage1-rustc/aarch64-apple-darwin/debug/deps/librustc_hir-48fcfc8b9aa9f89a.rmeta --extern rustc_macros=/Users/girivs/src/rust-tantraos/build/aarch64-apple-darwin/stage1-rustc/debug/deps/librustc_macros-82fd4294dca5b57c.dylib --extern rustc_middle=/Users/girivs/src/rust-tantraos/build/aarch64-apple-darwin/stage1-rustc/aarch64-apple-darwin/debug/deps/librustc_middle-4856c36a9d44bf79.rmeta --extern rustc_session=/Users/girivs/src/rust-tantraos/build/aarch64-apple-darwin/stage1-rustc/aarch64-apple-darwin/debug/deps/librustc_session-a2f907dc0b7ee91b.rmeta --extern rustc_span=/Users/girivs/src/rust-tantraos/build/aarch64-apple-darwin/stage1-rustc/aarch64-apple-darwin/debug/deps/librustc_span-d6bec53b237ec4c4.rmeta --extern rustc_ty_utils=/Users/girivs/src/rust-tantraos/build/aarch64-apple-darwin/stage1-rustc/aarch64-apple-darwin/debug/deps/librustc_ty_utils-eb19f1895e7f68ff.rmeta --extern tracing=/Users/girivs/src/rust-tantraos/build/aarch64-apple-darwin/stage1-rustc/aarch64-apple-darwin/debug/deps/libtracing-5605f2f867fad977.rmeta --cfg=bootstrap --cfg=windows_raw_dylib -Csymbol-mangling-version=v0 -Zunstable-options '--check-cfg=cfg(bootstrap)' '--check-cfg=cfg(llvm_enzyme)' -Zmacro-backtrace -Csplit-debuginfo=unpacked -Zosx-rpath-install-name '-Clink-args=-Wl,-rpath,@loader_path/../lib' -Alinker-messages -Zon-broken-pipe=kill -Clto=off -Z binary-dep-depinfo -L native=/Users/girivs/src/rust-tantraos/build/aarch64-apple-darwin/stage1-rustc/aarch64-apple-darwin/debug/build/psm-4644cc58932be6af/out -L native=/Users/girivs/src/rust-tantraos/build/aarch64-apple-darwin/stage1-rustc/aarch64-apple-darwin/debug/build/blake3-486d38906040b2a9/out`
For more information about this error, try `rustc --explain E0433`.

Did not run successfully: exit status: 1
DYLD_LIBRARY_PATH="/Users/girivs/src/rust-tantraos/build/aarch64-apple-darwin/stage0/lib" "/Users/girivs/src/rust-tantraos/build/aarch64-apple-darwin/stage0/bin/rustc" "--crate-name" "rustc_codegen_ssa" "--edition=2024" "compiler/rustc_codegen_ssa/src/lib.rs" "--error-format=json" "--json=diagnostic-rendered-ansi,artifacts,future-incompat" "--crate-type" "lib" "--emit=dep-info,metadata,link" "-C" "embed-bitcode=no" "-C" "codegen-units=16" "-C" "debug-assertions=off" "--check-cfg" "cfg(docsrs,test)" "--check-cfg" "cfg(feature, values())" "-C" "metadata=95951a1ea3799552" "-C" "extra-filename=-02c0928f02ba91c5" "--out-dir" "/Users/girivs/src/rust-tantraos/build/aarch64-apple-darwin/stage1-rustc/aarch64-apple-darwin/debug/deps" "--target" "aarch64-apple-darwin" "-L" "dependency=/Users/girivs/src/rust-tantraos/build/aarch64-apple-darwin/stage1-rustc/aarch64-apple-darwin/debug/deps" "-L" "dependency=/Users/girivs/src/rust-tantraos/build/aarch64-apple-darwin/stage1-rustc/debug/deps" "--extern" "ar_archive_writer=/Users/girivs/src/rust-tantraos/build/aarch64-apple-darwin/stage1-rustc/aarch64-apple-darwin/debug/deps/libar_archive_writer-7269c2fe82bc0013.rmeta" "--extern" "bitflags=/Users/girivs/src/rust-tantraos/build/aarch64-apple-darwin/stage1-rustc/aarch64-apple-darwin/debug/deps/libbitflags-135f596f25eed33e.rmeta" "--extern" "bstr=/Users/girivs/src/rust-tantraos/build/aarch64-apple-darwin/stage1-rustc/aarch64-apple-darwin/debug/deps/libbstr-e7ac336145439c12.rmeta" "--extern" "cc=/Users/girivs/src/rust-tantraos/build/aarch64-apple-darwin/stage1-rustc/aarch64-apple-darwin/debug/deps/libcc-8efe12ef3d9b01c1.rmeta" "--extern" "itertools=/Users/girivs/src/rust-tantraos/build/aarch64-apple-darwin/stage1-rustc/aarch64-apple-darwin/debug/deps/libitertools-bb5340b0f82f4fc5.rmeta" "--extern" "libc=/Users/girivs/src/rust-tantraos/build/aarch64-apple-darwin/stage1-rustc/aarch64-apple-darwin/debug/deps/liblibc-44678f8c97d89ee4.rmeta" "--extern" "object=/Users/girivs/src/rust-tantraos/build/aarch64-apple-darwin/stage1-rustc/aarch64-apple-darwin/debug/deps/libobject-e37ebecb3728463b.rmeta" "--extern" "pathdiff=/Users/girivs/src/rust-tantraos/build/aarch64-apple-darwin/stage1-rustc/aarch64-apple-darwin/debug/deps/libpathdiff-e1f17f8cec31553d.rmeta" "--extern" "regex=/Users/girivs/src/rust-tantraos/build/aarch64-apple-darwin/stage1-rustc/aarch64-apple-darwin/debug/deps/libregex-eb8b8751f9b72e12.rmeta" "--extern" "rustc_abi=/Users/girivs/src/rust-tantraos/build/aarch64-apple-darwin/stage1-rustc/aarch64-apple-darwin/debug/deps/librustc_abi-09e488c880f2e0a3.rmeta" "--extern" "rustc_arena=/Users/girivs/src/rust-tantraos/build/aarch64-apple-darwin/stage1-rustc/aarch64-apple-darwin/debug/deps/librustc_arena-82fa9f5058c00acb.rmeta" "--extern" "rustc_ast=/Users/girivs/src/rust-tantraos/build/aarch64-apple-darwin/stage1-rustc/aarch64-apple-darwin/debug/deps/librustc_ast-986d44ba93a5512b.rmeta" "--extern" "rustc_attr_parsing=/Users/girivs/src/rust-tantraos/build/aarch64-apple-darwin/stage1-rustc/aarch64-apple-darwin/debug/deps/librustc_attr_parsing-362765332dccbe89.rmeta" "--extern" "rustc_data_structures=/Users/girivs/src/rust-tantraos/build/aarch64-apple-darwin/stage1-rustc/aarch64-apple-darwin/debug/deps/librustc_data_structures-53324afa57622985.rmeta" "--extern" "rustc_errors=/Users/girivs/src/rust-tantraos/build/aarch64-apple-darwin/stage1-rustc/aarch64-apple-darwin/debug/deps/librustc_errors-89d154c028688311.rmeta" "--extern" "rustc_fluent_macro=/Users/girivs/src/rust-tantraos/build/aarch64-apple-darwin/stage1-rustc/debug/deps/librustc_fluent_macro-6a93aa79dabde813.dylib" "--extern" "rustc_fs_util=/Users/girivs/src/rust-tantraos/build/aarch64-apple-darwin/stage1-rustc/aarch64-apple-darwin/debug/deps/librustc_fs_util-15cace19e9869a25.rmeta" "--extern" "rustc_hashes=/Users/girivs/src/rust-tantraos/build/aarch64-apple-darwin/stage1-rustc/aarch64-apple-darwin/debug/deps/librustc_hashes-f21b6e9214cef269.rmeta" "--extern" "rustc_hir=/Users/girivs/src/rust-tantraos/build/aarch64-apple-darwin/stage1-rustc/aarch64-apple-darwin/debug/deps/librustc_hir-48fcfc8b9aa9f89a.rmeta" "--extern" "rustc_incremental=/Users/girivs/src/rust-tantraos/build/aarch64-apple-darwin/stage1-rustc/aarch64-apple-darwin/debug/deps/librustc_incremental-0403c0da8cf745b1.rmeta" "--extern" "rustc_index=/Users/girivs/src/rust-tantraos/build/aarch64-apple-darwin/stage1-rustc/aarch64-apple-darwin/debug/deps/librustc_index-2bf14f55015abfd3.rmeta" "--extern" "rustc_lint_defs=/Users/girivs/src/rust-tantraos/build/aarch64-apple-darwin/stage1-rustc/aarch64-apple-darwin/debug/deps/librustc_lint_defs-964ebbc4d3457239.rmeta" "--extern" "rustc_macros=/Users/girivs/src/rust-tantraos/build/aarch64-apple-darwin/stage1-rustc/debug/deps/librustc_macros-82fd4294dca5b57c.dylib" "--extern" "rustc_metadata=/Users/girivs/src/rust-tantraos/build/aarch64-apple-darwin/stage1-rustc/aarch64-apple-darwin/debug/deps/librustc_metadata-6eb25f80f3d7d52b.rmeta" "--extern" "rustc_middle=/Users/girivs/src/rust-tantraos/build/aarch64-apple-darwin/stage1-rustc/aarch64-apple-darwin/debug/deps/librustc_middle-4856c36a9d44bf79.rmeta" "--extern" "rustc_query_system=/Users/girivs/src/rust-tantraos/build/aarch64-apple-darwin/stage1-rustc/aarch64-apple-darwin/debug/deps/librustc_query_system-48bb7dd372d0b900.rmeta" "--extern" "rustc_serialize=/Users/girivs/src/rust-tantraos/build/aarch64-apple-darwin/stage1-rustc/aarch64-apple-darwin/debug/deps/librustc_serialize-5a0faa3d5df4fc89.rmeta" "--extern" "rustc_session=/Users/girivs/src/rust-tantraos/build/aarch64-apple-darwin/stage1-rustc/aarch64-apple-darwin/debug/deps/librustc_session-a2f907dc0b7ee91b.rmeta" "--extern" "rustc_span=/Users/girivs/src/rust-tantraos/build/aarch64-apple-darwin/stage1-rustc/aarch64-apple-darwin/debug/deps/librustc_span-d6bec53b237ec4c4.rmeta" "--extern" "rustc_symbol_mangling=/Users/girivs/src/rust-tantraos/build/aarch64-apple-darwin/stage1-rustc/aarch64-apple-darwin/debug/deps/librustc_symbol_mangling-afc9f98714ddb03c.rmeta" "--extern" "rustc_target=/Users/girivs/src/rust-tantraos/build/aarch64-apple-darwin/stage1-rustc/aarch64-apple-darwin/debug/deps/librustc_target-35cf86096f412775.rmeta" "--extern" "rustc_trait_selection=/Users/girivs/src/rust-tantraos/build/aarch64-apple-darwin/stage1-rustc/aarch64-apple-darwin/debug/deps/librustc_trait_selection-1f9259437d4ba99f.rmeta" "--extern" "serde_json=/Users/girivs/src/rust-tantraos/build/aarch64-apple-darwin/stage1-rustc/aarch64-apple-darwin/debug/deps/libserde_json-3c3126d7da243026.rmeta" "--extern" "smallvec=/Users/girivs/src/rust-tantraos/build/aarch64-apple-darwin/stage1-rustc/aarch64-apple-darwin/debug/deps/libsmallvec-47fd9e70f2e35cd9.rmeta" "--extern" "tempfile=/Users/girivs/src/rust-tantraos/build/aarch64-apple-darwin/stage1-rustc/aarch64-apple-darwin/debug/deps/libtempfile-bd9aa4c6b912e938.rmeta" "--extern" "thin_vec=/Users/girivs/src/rust-tantraos/build/aarch64-apple-darwin/stage1-rustc/aarch64-apple-darwin/debug/deps/libthin_vec-3f8b2fc9c896cfb1.rmeta" "--extern" "thorin=/Users/girivs/src/rust-tantraos/build/aarch64-apple-darwin/stage1-rustc/aarch64-apple-darwin/debug/deps/libthorin-f9f7f6f93eb90824.rmeta" "--extern" "tracing=/Users/girivs/src/rust-tantraos/build/aarch64-apple-darwin/stage1-rustc/aarch64-apple-darwin/debug/deps/libtracing-5605f2f867fad977.rmeta" "--extern" "wasm_encoder=/Users/girivs/src/rust-tantraos/build/aarch64-apple-darwin/stage1-rustc/aarch64-apple-darwin/debug/deps/libwasm_encoder-d887ac0f135ca990.rmeta" "--cfg=bootstrap" "--cfg=windows_raw_dylib" "-Csymbol-mangling-version=v0" "-Zunstable-options" "--check-cfg=cfg(bootstrap)" "--check-cfg=cfg(llvm_enzyme)" "-Zmacro-backtrace" "-Csplit-debuginfo=unpacked" "-Zosx-rpath-install-name" "-Clink-args=-Wl,-rpath,@loader_path/../lib" "-Alinker-messages" "-Zon-broken-pipe=kill" "-Clto=off" "-Z" "binary-dep-depinfo" "-L" "native=/Users/girivs/src/rust-tantraos/build/aarch64-apple-darwin/stage1-rustc/aarch64-apple-darwin/debug/build/psm-4644cc58932be6af/out" "-L" "native=/Users/girivs/src/rust-tantraos/build/aarch64-apple-darwin/stage1-rustc/aarch64-apple-darwin/debug/build/blake3-486d38906040b2a9/out" "-Wrust_2018_idioms" "-Wunused_lifetimes" "-Dwarnings" "-Wrustc::internal" "-Drustc::symbol_intern_string_literal" "-Wkeyword_idents_2024" "-Wunreachable_pub" "-Wunsafe_op_in_unsafe_fn" "-Wunused_crate_dependencies" "--sysroot" "/Users/girivs/src/rust-tantraos/build/aarch64-apple-darwin/stage0-sysroot" "-Ztls-model=initial-exec" "-Z" "force-unstable-if-unmarked"
-------------
error: could not compile `rustc_codegen_ssa` (lib) due to 1 previous error

Caused by:
  process didn't exit successfully: `/Users/girivs/src/rust-tantraos/build/bootstrap/debug/rustc /Users/girivs/src/rust-tantraos/build/bootstrap/debug/rustc --crate-name rustc_codegen_ssa --edition=2024 compiler/rustc_codegen_ssa/src/lib.rs --error-format=json --json=diagnostic-rendered-ansi,artifacts,future-incompat --crate-type lib --emit=dep-info,metadata,link -C embed-bitcode=no -C codegen-units=16 -C debug-assertions=off --check-cfg 'cfg(docsrs,test)' --check-cfg 'cfg(feature, values())' -C metadata=95951a1ea3799552 -C extra-filename=-02c0928f02ba91c5 --out-dir /Users/girivs/src/rust-tantraos/build/aarch64-apple-darwin/stage1-rustc/aarch64-apple-darwin/debug/deps --target aarch64-apple-darwin -L dependency=/Users/girivs/src/rust-tantraos/build/aarch64-apple-darwin/stage1-rustc/aarch64-apple-darwin/debug/deps -L dependency=/Users/girivs/src/rust-tantraos/build/aarch64-apple-darwin/stage1-rustc/debug/deps --extern ar_archive_writer=/Users/girivs/src/rust-tantraos/build/aarch64-apple-darwin/stage1-rustc/aarch64-apple-darwin/debug/deps/libar_archive_writer-7269c2fe82bc0013.rmeta --extern bitflags=/Users/girivs/src/rust-tantraos/build/aarch64-apple-darwin/stage1-rustc/aarch64-apple-darwin/debug/deps/libbitflags-135f596f25eed33e.rmeta --extern bstr=/Users/girivs/src/rust-tantraos/build/aarch64-apple-darwin/stage1-rustc/aarch64-apple-darwin/debug/deps/libbstr-e7ac336145439c12.rmeta --extern cc=/Users/girivs/src/rust-tantraos/build/aarch64-apple-darwin/stage1-rustc/aarch64-apple-darwin/debug/deps/libcc-8efe12ef3d9b01c1.rmeta --extern itertools=/Users/girivs/src/rust-tantraos/build/aarch64-apple-darwin/stage1-rustc/aarch64-apple-darwin/debug/deps/libitertools-bb5340b0f82f4fc5.rmeta --extern libc=/Users/girivs/src/rust-tantraos/build/aarch64-apple-darwin/stage1-rustc/aarch64-apple-darwin/debug/deps/liblibc-44678f8c97d89ee4.rmeta --extern object=/Users/girivs/src/rust-tantraos/build/aarch64-apple-darwin/stage1-rustc/aarch64-apple-darwin/debug/deps/libobject-e37ebecb3728463b.rmeta --extern pathdiff=/Users/girivs/src/rust-tantraos/build/aarch64-apple-darwin/stage1-rustc/aarch64-apple-darwin/debug/deps/libpathdiff-e1f17f8cec31553d.rmeta --extern regex=/Users/girivs/src/rust-tantraos/build/aarch64-apple-darwin/stage1-rustc/aarch64-apple-darwin/debug/deps/libregex-eb8b8751f9b72e12.rmeta --extern rustc_abi=/Users/girivs/src/rust-tantraos/build/aarch64-apple-darwin/stage1-rustc/aarch64-apple-darwin/debug/deps/librustc_abi-09e488c880f2e0a3.rmeta --extern rustc_arena=/Users/girivs/src/rust-tantraos/build/aarch64-apple-darwin/stage1-rustc/aarch64-apple-darwin/debug/deps/librustc_arena-82fa9f5058c00acb.rmeta --extern rustc_ast=/Users/girivs/src/rust-tantraos/build/aarch64-apple-darwin/stage1-rustc/aarch64-apple-darwin/debug/deps/librustc_ast-986d44ba93a5512b.rmeta --extern rustc_attr_parsing=/Users/girivs/src/rust-tantraos/build/aarch64-apple-darwin/stage1-rustc/aarch64-apple-darwin/debug/deps/librustc_attr_parsing-362765332dccbe89.rmeta --extern rustc_data_structures=/Users/girivs/src/rust-tantraos/build/aarch64-apple-darwin/stage1-rustc/aarch64-apple-darwin/debug/deps/librustc_data_structures-53324afa57622985.rmeta --extern rustc_errors=/Users/girivs/src/rust-tantraos/build/aarch64-apple-darwin/stage1-rustc/aarch64-apple-darwin/debug/deps/librustc_errors-89d154c028688311.rmeta --extern rustc_fluent_macro=/Users/girivs/src/rust-tantraos/build/aarch64-apple-darwin/stage1-rustc/debug/deps/librustc_fluent_macro-6a93aa79dabde813.dylib --extern rustc_fs_util=/Users/girivs/src/rust-tantraos/build/aarch64-apple-darwin/stage1-rustc/aarch64-apple-darwin/debug/deps/librustc_fs_util-15cace19e9869a25.rmeta --extern rustc_hashes=/Users/girivs/src/rust-tantraos/build/aarch64-apple-darwin/stage1-rustc/aarch64-apple-darwin/debug/deps/librustc_hashes-f21b6e9214cef269.rmeta --extern rustc_hir=/Users/girivs/src/rust-tantraos/build/aarch64-apple-darwin/stage1-rustc/aarch64-apple-darwin/debug/deps/librustc_hir-48fcfc8b9aa9f89a.rmeta --extern rustc_incremental=/Users/girivs/src/rust-tantraos/build/aarch64-apple-darwin/stage1-rustc/aarch64-apple-darwin/debug/deps/librustc_incremental-0403c0da8cf745b1.rmeta --extern rustc_index=/Users/girivs/src/rust-tantraos/build/aarch64-apple-darwin/stage1-rustc/aarch64-apple-darwin/debug/deps/librustc_index-2bf14f55015abfd3.rmeta --extern rustc_lint_defs=/Users/girivs/src/rust-tantraos/build/aarch64-apple-darwin/stage1-rustc/aarch64-apple-darwin/debug/deps/librustc_lint_defs-964ebbc4d3457239.rmeta --extern rustc_macros=/Users/girivs/src/rust-tantraos/build/aarch64-apple-darwin/stage1-rustc/debug/deps/librustc_macros-82fd4294dca5b57c.dylib --extern rustc_metadata=/Users/girivs/src/rust-tantraos/build/aarch64-apple-darwin/stage1-rustc/aarch64-apple-darwin/debug/deps/librustc_metadata-6eb25f80f3d7d52b.rmeta --extern rustc_middle=/Users/girivs/src/rust-tantraos/build/aarch64-apple-darwin/stage1-rustc/aarch64-apple-darwin/debug/deps/librustc_middle-4856c36a9d44bf79.rmeta --extern rustc_query_system=/Users/girivs/src/rust-tantraos/build/aarch64-apple-darwin/stage1-rustc/aarch64-apple-darwin/debug/deps/librustc_query_system-48bb7dd372d0b900.rmeta --extern rustc_serialize=/Users/girivs/src/rust-tantraos/build/aarch64-apple-darwin/stage1-rustc/aarch64-apple-darwin/debug/deps/librustc_serialize-5a0faa3d5df4fc89.rmeta --extern rustc_session=/Users/girivs/src/rust-tantraos/build/aarch64-apple-darwin/stage1-rustc/aarch64-apple-darwin/debug/deps/librustc_session-a2f907dc0b7ee91b.rmeta --extern rustc_span=/Users/girivs/src/rust-tantraos/build/aarch64-apple-darwin/stage1-rustc/aarch64-apple-darwin/debug/deps/librustc_span-d6bec53b237ec4c4.rmeta --extern rustc_symbol_mangling=/Users/girivs/src/rust-tantraos/build/aarch64-apple-darwin/stage1-rustc/aarch64-apple-darwin/debug/deps/librustc_symbol_mangling-afc9f98714ddb03c.rmeta --extern rustc_target=/Users/girivs/src/rust-tantraos/build/aarch64-apple-darwin/stage1-rustc/aarch64-apple-darwin/debug/deps/librustc_target-35cf86096f412775.rmeta --extern rustc_trait_selection=/Users/girivs/src/rust-tantraos/build/aarch64-apple-darwin/stage1-rustc/aarch64-apple-darwin/debug/deps/librustc_trait_selection-1f9259437d4ba99f.rmeta --extern serde_json=/Users/girivs/src/rust-tantraos/build/aarch64-apple-darwin/stage1-rustc/aarch64-apple-darwin/debug/deps/libserde_json-3c3126d7da243026.rmeta --extern smallvec=/Users/girivs/src/rust-tantraos/build/aarch64-apple-darwin/stage1-rustc/aarch64-apple-darwin/debug/deps/libsmallvec-47fd9e70f2e35cd9.rmeta --extern tempfile=/Users/girivs/src/rust-tantraos/build/aarch64-apple-darwin/stage1-rustc/aarch64-apple-darwin/debug/deps/libtempfile-bd9aa4c6b912e938.rmeta --extern thin_vec=/Users/girivs/src/rust-tantraos/build/aarch64-apple-darwin/stage1-rustc/aarch64-apple-darwin/debug/deps/libthin_vec-3f8b2fc9c896cfb1.rmeta --extern thorin=/Users/girivs/src/rust-tantraos/build/aarch64-apple-darwin/stage1-rustc/aarch64-apple-darwin/debug/deps/libthorin-f9f7f6f93eb90824.rmeta --extern tracing=/Users/girivs/src/rust-tantraos/build/aarch64-apple-darwin/stage1-rustc/aarch64-apple-darwin/debug/deps/libtracing-5605f2f867fad977.rmeta --extern wasm_encoder=/Users/girivs/src/rust-tantraos/build/aarch64-apple-darwin/stage1-rustc/aarch64-apple-darwin/debug/deps/libwasm_encoder-d887ac0f135ca990.rmeta --cfg=bootstrap --cfg=windows_raw_dylib -Csymbol-mangling-version=v0 -Zunstable-options '--check-cfg=cfg(bootstrap)' '--check-cfg=cfg(llvm_enzyme)' -Zmacro-backtrace -Csplit-debuginfo=unpacked -Zosx-rpath-install-name '-Clink-args=-Wl,-rpath,@loader_path/../lib' -Alinker-messages -Zon-broken-pipe=kill -Clto=off -Z binary-dep-depinfo -L native=/Users/girivs/src/rust-tantraos/build/aarch64-apple-darwin/stage1-rustc/aarch64-apple-darwin/debug/build/psm-4644cc58932be6af/out -L native=/Users/girivs/src/rust-tantraos/build/aarch64-apple-darwin/stage1-rustc/aarch64-apple-darwin/debug/build/blake3-486d38906040b2a9/out` (exit status: 1)
warning: build failed, waiting for other jobs to finish...
command did not execute successfully: cd "/Users/girivs/src/rust-tantraos" && env -u MAKEFLAGS -u MFLAGS AR_aarch64_apple_darwin="ar" CARGO_BUILD_BUILD_DIR="/Users/girivs/src/rust-tantraos/build/aarch64-apple-darwin/stage1-rustc" CARGO_INCREMENTAL="0" CARGO_LOG="cargo::core::compiler::fingerprint=info" CARGO_PROFILE_DEV_CODEGEN_UNITS="16" CARGO_PROFILE_DEV_DEBUG="0" CARGO_PROFILE_DEV_DEBUG_ASSERTIONS="false" CARGO_PROFILE_DEV_OVERFLOW_CHECKS="false" CARGO_PROFILE_DEV_STRIP="false" CARGO_TARGET_DIR="/Users/girivs/src/rust-tantraos/build/aarch64-apple-darwin/stage1-rustc" CC_aarch64_apple_darwin="cc" CFG_COMPILER_BUILD_TRIPLE="aarch64-apple-darwin" CFG_COMPILER_HOST_TRIPLE="aarch64-apple-darwin" CFG_DEFAULT_CODEGEN_BACKEND="llvm" CFG_LIBDIR_RELATIVE="lib" CFG_RELEASE="1.92.0-nightly" CFG_RELEASE_CHANNEL="nightly" CFG_VERSION="1.92.0-nightly (36e56c065 2025-09-17)" CFG_VER_DATE="2025-09-17" CFG_VER_HASH="36e56c0655bf99db6a4a41eaa15cdd8ef0f43810" CFLAGS_aarch64_apple_darwin="" CXXFLAGS_aarch64_apple_darwin="-stdlib=libc++" CXX_aarch64_apple_darwin="c++" LIBC_CHECK_CFG="1" LLVM_CONFIG="/Users/girivs/src/rust-tantraos/build/aarch64-apple-darwin/ci-llvm/bin/llvm-config" LLVM_RUSTLLVM="1" RANLIB_aarch64_apple_darwin="ar s" REAL_LIBRARY_PATH_VAR="DYLD_LIBRARY_PATH" RUSTBUILD_NATIVE_DIR="/Users/girivs/src/rust-tantraos/build/aarch64-apple-darwin/native" RUSTC="/Users/girivs/src/rust-tantraos/build/bootstrap/debug/rustc" RUSTC_BOOTSTRAP="1" RUSTC_BREAK_ON_ICE="1" RUSTC_ERROR_METADATA_DST="/Users/girivs/src/rust-tantraos/build/tmp/extended-error-metadata" RUSTC_FORCE_UNSTABLE="1" RUSTC_HOST_FLAGS="--check-cfg=cfg(bootstrap) --cfg=bootstrap" RUSTC_INSTALL_BINDIR="bin" RUSTC_LIBDIR="/Users/girivs/src/rust-tantraos/build/aarch64-apple-darwin/stage0/lib" RUSTC_LINK_STD_INTO_RUSTC_DRIVER="1" RUSTC_LINT_FLAGS="-Wrust_2018_idioms -Wunused_lifetimes -Dwarnings -Wrustc::internal -Drustc::symbol_intern_string_literal -Wkeyword_idents_2024 -Wunreachable_pub -Wunsafe_op_in_unsafe_fn -Wunused_crate_dependencies" RUSTC_REAL="/Users/girivs/src/rust-tantraos/build/aarch64-apple-darwin/stage0/bin/rustc" RUSTC_SNAPSHOT="/Users/girivs/src/rust-tantraos/build/aarch64-apple-darwin/stage0/bin/rustc" RUSTC_SNAPSHOT_LIBDIR="/Users/girivs/src/rust-tantraos/build/aarch64-apple-darwin/stage0/lib" RUSTC_STAGE="0" RUSTC_SYSROOT="/Users/girivs/src/rust-tantraos/build/aarch64-apple-darwin/stage0-sysroot" RUSTC_TLS_MODEL_INITIAL_EXEC="1" RUSTC_VERBOSE="1" RUSTC_WRAPPER="/Users/girivs/src/rust-tantraos/build/bootstrap/debug/rustc" RUSTDOC="/Users/girivs/src/rust-tantraos/build/bootstrap/debug/rustdoc" RUSTDOCFLAGS="--cfg=bootstrap --cfg=windows_raw_dylib -Csymbol-mangling-version=v0 -Zunstable-options --check-cfg=cfg(bootstrap) --check-cfg=cfg(llvm_enzyme) -Dwarnings -Wrustdoc::invalid_codeblock_attributes --crate-version 1.92.0-nightly\t(36e56c065\t2025-09-17) -Zcrate-attr=warn(rust_2018_idioms)" RUSTDOC_REAL="/path/to/nowhere/rustdoc/not/required" RUSTFLAGS="--cfg=bootstrap --cfg=windows_raw_dylib -Csymbol-mangling-version=v0 -Zunstable-options --check-cfg=cfg(bootstrap) --check-cfg=cfg(llvm_enzyme) -Zmacro-backtrace -Csplit-debuginfo=unpacked -Zosx-rpath-install-name -Clink-args=-Wl,-rpath,@loader_path/../lib -Alinker-messages -Zon-broken-pipe=kill -Clto=off" RUST_TEST_THREADS="10" WINAPI_NO_BUNDLED_LIBRARIES="1" __CARGO_DEFAULT_LIB_METADATA="bootstrap1.92.0" "/Users/girivs/src/rust-tantraos/build/aarch64-apple-darwin/stage0/bin/cargo" "build" "--target" "aarch64-apple-darwin" "-Zbinary-dep-depinfo" "-j" "10" "-Zroot-dir=/Users/girivs/src/rust-tantraos" "-v" "--features" "llvm max_level_info" "--manifest-path" "/Users/girivs/src/rust-tantraos/compiler/rustc/Cargo.toml" "--message-format" "json-render-diagnostics" (failure_mode=Exit)
expected success, got: exit status: 101
Traceback (most recent call last):
  File "/Users/girivs/src/rust-tantraos/./x.py", line 53, in <module>
    bootstrap.main()
    ~~~~~~~~~~~~~~^^
  File "/Users/girivs/src/rust-tantraos/src/bootstrap/bootstrap.py", line 1392, in main
    bootstrap(args)
    ~~~~~~~~~^^^^^^
  File "/Users/girivs/src/rust-tantraos/src/bootstrap/bootstrap.py", line 1367, in bootstrap
    run(args, env=env, verbose=build.verbose, is_bootstrap=True)
    ~~~^^^^^^^^^^^^^^^^^^^^^^^^^^^^^^^^^^^^^^^^^^^^^^^^^^^^^^^^^
  File "/Users/girivs/src/rust-tantraos/src/bootstrap/bootstrap.py", line 237, in run
    raise RuntimeError(err)
RuntimeError: failed to run: /Users/girivs/src/rust-tantraos/build/bootstrap/debug/bootstrap build library --target aarch64-tantraos --stage 1
