Building bootstrap
running: /Users/girivs/src/rust-tantraos/build/aarch64-apple-darwin/stage0/bin/cargo build --manifest-path /Users/girivs/src/rust-tantraos/src/bootstrap/Cargo.toml -Zroot-dir=/Users/girivs/src/rust-tantraos --verbose
       Fresh unicode-ident v1.0.13
       Fresh version_check v0.9.5
       Fresh memchr v2.7.4
       Fresh shlex v1.3.0
       Fresh pkg-config v0.3.31
       Fresh regex-syntax v0.8.5
       Fresh clap_lex v0.7.2
       Fresh cfg-if v1.0.0
       Fresh anstyle v1.0.10
       Fresh proc-macro2 v1.0.89
       Fresh cc v1.2.28
       Fresh aho-corasick v1.1.3
       Fresh heck v0.5.0
       Fresh bstr v1.10.0
       Fresh clap_builder v4.5.20
       Fresh same-file v1.0.6
       Fresh quote v1.0.37
       Fresh libc v0.2.174
       Fresh typenum v1.17.0
       Fresh crossbeam-utils v0.8.20
       Fresh serde v1.0.215
       Fresh regex-automata v0.4.9
       Fresh log v0.4.22
       Fresh walkdir v2.5.0
       Fresh itoa v1.0.11
       Fresh ryu v1.0.18
       Fresh syn v2.0.87
       Fresh generic-array v0.14.7
       Fresh crossbeam-epoch v0.9.18
       Fresh globset v0.4.15
       Fresh cpufeatures v0.2.15
       Fresh filetime v0.2.26
       Fresh serde_json v1.0.132
       Fresh toml v0.5.11
       Fresh semver v1.0.23
       Fresh cmake v0.1.54
       Fresh object v0.36.5
       Fresh termcolor v1.4.1
       Fresh clap_derive v4.5.18
       Fresh block-buffer v0.10.4
       Fresh crypto-common v0.1.6
       Fresh crossbeam-deque v0.8.5
       Fresh serde_derive v1.0.215
       Fresh lzma-sys v0.1.20
       Fresh tar v0.4.44
       Fresh opener v0.8.2
       Fresh home v0.5.11
       Fresh digest v0.10.7
       Fresh clap v4.5.20
       Fresh xz2 v0.1.7
       Fresh ignore v0.4.23
       Fresh build_helper v0.1.0 (/Users/girivs/src/rust-tantraos/src/build_helper)
       Fresh clap_complete v4.5.37
       Fresh sha2 v0.10.8
       Fresh bootstrap v0.0.0 (/Users/girivs/src/rust-tantraos/src/bootstrap)
    Finished `dev` profile [unoptimized] target(s) in 0.06s
running: /Users/girivs/src/rust-tantraos/build/bootstrap/debug/bootstrap build --stage 1 --target aarch64-tantraos -j 10
WARNING: setting `optimize` to `false` is known to cause errors and should be considered unsupported. Refer to `bootstrap.example.toml` for more details.
downloading stage0 beta artifacts
running: "/Users/girivs/src/rust-tantraos/build/aarch64-apple-darwin/stage0/bin/rustc" "--print" "sysroot" (failure_mode=Exit) (created at src/bootstrap/src/core/config/config.rs:697:13, executed at src/bootstrap/src/core/config/config.rs:700:18)
downloading stage0 beta artifacts
Cache hit: cd "/Users/girivs/src/rust-tantraos" && env -u GIT_ALTERNATE_OBJECT_DIRECTORIES -u GIT_DIR -u GIT_INDEX_FILE -u GIT_OBJECT_DIRECTORY -u GIT_WORK_TREE "git" "rev-parse" (failure_mode=Ignore)
Cache hit: cd "/Users/girivs/src/rust-tantraos" && env -u GIT_ALTERNATE_OBJECT_DIRECTORIES -u GIT_DIR -u GIT_INDEX_FILE -u GIT_OBJECT_DIRECTORY -u GIT_WORK_TREE "git" "log" "-1" "--date=short" "--pretty=format:%cd" (failure_mode=Exit)
Cache hit: cd "/Users/girivs/src/rust-tantraos" && env -u GIT_ALTERNATE_OBJECT_DIRECTORIES -u GIT_DIR -u GIT_INDEX_FILE -u GIT_OBJECT_DIRECTORY -u GIT_WORK_TREE "git" "rev-parse" "HEAD" (failure_mode=Exit)
Cache hit: cd "/Users/girivs/src/rust-tantraos" && env -u GIT_ALTERNATE_OBJECT_DIRECTORIES -u GIT_DIR -u GIT_INDEX_FILE -u GIT_OBJECT_DIRECTORY -u GIT_WORK_TREE "git" "rev-parse" "--short=9" "HEAD" (failure_mode=Exit)
running: cd "/Users/girivs/src/rust-tantraos/src/llvm-project" && env -u GIT_ALTERNATE_OBJECT_DIRECTORIES -u GIT_DIR -u GIT_INDEX_FILE -u GIT_OBJECT_DIRECTORY -u GIT_WORK_TREE "git" "rev-parse" (failure_mode=Ignore) (created at src/bootstrap/src/utils/channel.rs:47:31, executed at src/bootstrap/src/utils/channel.rs:49:50)
running: cd "/Users/girivs/src/rust-tantraos/src/llvm-project" && env -u GIT_ALTERNATE_OBJECT_DIRECTORIES -u GIT_DIR -u GIT_INDEX_FILE -u GIT_OBJECT_DIRECTORY -u GIT_WORK_TREE "git" "log" "-1" "--date=short" "--pretty=format:%cd" (failure_mode=Exit) (created at src/bootstrap/src/utils/channel.rs:63:31, executed at src/bootstrap/src/utils/channel.rs:70:14)
running: cd "/Users/girivs/src/rust-tantraos/src/llvm-project" && env -u GIT_ALTERNATE_OBJECT_DIRECTORIES -u GIT_DIR -u GIT_INDEX_FILE -u GIT_OBJECT_DIRECTORY -u GIT_WORK_TREE "git" "rev-parse" "HEAD" (failure_mode=Exit) (created at src/bootstrap/src/utils/channel.rs:72:32, executed at src/bootstrap/src/utils/channel.rs:77:14)
running: cd "/Users/girivs/src/rust-tantraos/src/llvm-project" && env -u GIT_ALTERNATE_OBJECT_DIRECTORIES -u GIT_DIR -u GIT_INDEX_FILE -u GIT_OBJECT_DIRECTORY -u GIT_WORK_TREE "git" "rev-parse" "--short=9" "HEAD" (failure_mode=Exit) (created at src/bootstrap/src/utils/channel.rs:79:38, executed at src/bootstrap/src/utils/channel.rs:85:14)
WARNING: The `change-id` is missing in the `bootstrap.toml`. This means that you will not be able to track the major changes made to the bootstrap configurations.
NOTE: to silence this warning, add `change-id = 146435` or `change-id = "ignore"` at the top of `bootstrap.toml`
running: "/Users/girivs/src/rust-tantraos/build/aarch64-apple-darwin/stage0/bin/rustc" "--print" "target-libdir" (failure_mode=Exit) (created at src/bootstrap/src/lib.rs:485:37, executed at src/bootstrap/src/lib.rs:488:14)
running: "/Users/girivs/src/rust-tantraos/build/aarch64-apple-darwin/stage0/bin/rustc" "--version" "--verbose" (failure_mode=Exit) (created at src/bootstrap/src/lib.rs:595:37, executed at src/bootstrap/src/lib.rs:598:14)
finding compilers
CC_aarch64-tantraos = "clang"
CFLAGS_aarch64-tantraos = ["-ffunction-sections", "-fdata-sections", "-fPIC", "--target=aarch64-unknown-tantraos"]
CXX_aarch64-tantraos = "clang++"
CXXFLAGS_aarch64-tantraos = ["-ffunction-sections", "-fdata-sections", "-fPIC", "--target=aarch64-unknown-tantraos"]
AR_aarch64-tantraos = "ar"
CC_aarch64-apple-darwin = "cc"
CFLAGS_aarch64-apple-darwin = ["-ffunction-sections", "-fdata-sections", "-fPIC", "--target=arm64-apple-macosx", "-mmacosx-version-min=26.0"]
CXX_aarch64-apple-darwin = "c++"
CXXFLAGS_aarch64-apple-darwin = ["-ffunction-sections", "-fdata-sections", "-fPIC", "--target=arm64-apple-macosx", "-mmacosx-version-min=26.0", "-stdlib=libc++"]
AR_aarch64-apple-darwin = "ar"
running sanity check
running: "/Users/girivs/src/rust-tantraos/build/aarch64-apple-darwin/libcxx-version/libcxx-version" (failure_mode=Exit) (created at src/bootstrap/src/core/build_steps/tool.rs:1265:30, executed at src/bootstrap/src/core/build_steps/tool.rs:1265:50)
running: "/Users/girivs/src/rust-tantraos/build/aarch64-apple-darwin/stage0/bin/rustc" "--print" "target-list" (failure_mode=Exit) (created at src/bootstrap/src/core/sanity.rs:205:57, executed at src/bootstrap/src/core/sanity.rs:208:10)
running: cd "/Users/girivs/src/rust-tantraos/library/backtrace" && env -u GIT_ALTERNATE_OBJECT_DIRECTORIES -u GIT_DIR -u GIT_INDEX_FILE -u GIT_OBJECT_DIRECTORY -u GIT_WORK_TREE "git" "rev-parse" (failure_mode=Ignore) (created at src/bootstrap/src/utils/channel.rs:47:31, executed at src/bootstrap/src/utils/channel.rs:49:50)
running: cd "/Users/girivs/src/rust-tantraos/library/backtrace" && env -u GIT_ALTERNATE_OBJECT_DIRECTORIES -u GIT_DIR -u GIT_INDEX_FILE -u GIT_OBJECT_DIRECTORY -u GIT_WORK_TREE "git" "log" "-1" "--date=short" "--pretty=format:%cd" (failure_mode=Exit) (created at src/bootstrap/src/utils/channel.rs:63:31, executed at src/bootstrap/src/utils/channel.rs:70:14)
running: cd "/Users/girivs/src/rust-tantraos/library/backtrace" && env -u GIT_ALTERNATE_OBJECT_DIRECTORIES -u GIT_DIR -u GIT_INDEX_FILE -u GIT_OBJECT_DIRECTORY -u GIT_WORK_TREE "git" "rev-parse" "HEAD" (failure_mode=Exit) (created at src/bootstrap/src/utils/channel.rs:72:32, executed at src/bootstrap/src/utils/channel.rs:77:14)
running: cd "/Users/girivs/src/rust-tantraos/library/backtrace" && env -u GIT_ALTERNATE_OBJECT_DIRECTORIES -u GIT_DIR -u GIT_INDEX_FILE -u GIT_OBJECT_DIRECTORY -u GIT_WORK_TREE "git" "rev-parse" "--short=9" "HEAD" (failure_mode=Exit) (created at src/bootstrap/src/utils/channel.rs:79:38, executed at src/bootstrap/src/utils/channel.rs:85:14)
Cache hit: cd "/Users/girivs/src/rust-tantraos/library/backtrace" && env -u GIT_ALTERNATE_OBJECT_DIRECTORIES -u GIT_DIR -u GIT_INDEX_FILE -u GIT_OBJECT_DIRECTORY -u GIT_WORK_TREE "git" "rev-parse" "HEAD" (failure_mode=Exit)
running: cd "/Users/girivs/src/rust-tantraos" && env -u GIT_ALTERNATE_OBJECT_DIRECTORIES -u GIT_DIR -u GIT_INDEX_FILE -u GIT_OBJECT_DIRECTORY -u GIT_WORK_TREE "git" "ls-tree" "HEAD" "library/backtrace" (failure_mode=Exit) (created at src/bootstrap/src/core/config/config.rs:2263:20, executed at src/bootstrap/src/core/config/config.rs:2267:10)
running: cd "/Users/girivs/src/rust-tantraos" && env -u GIT_ALTERNATE_OBJECT_DIRECTORIES -u GIT_DIR -u GIT_INDEX_FILE -u GIT_OBJECT_DIRECTORY -u GIT_WORK_TREE "git" "config" "--file" ".gitmodules" "--get-regexp" "path" (failure_mode=Exit) (created at src/bootstrap/src/lib.rs:715:22, executed at src/bootstrap/src/lib.rs:719:14)
running: cd "src/llvm-project" && env -u GIT_ALTERNATE_OBJECT_DIRECTORIES -u GIT_DIR -u GIT_INDEX_FILE -u GIT_OBJECT_DIRECTORY -u GIT_WORK_TREE "git" "rev-parse" (failure_mode=Ignore) (created at src/bootstrap/src/utils/channel.rs:47:31, executed at src/bootstrap/src/utils/channel.rs:49:50)
running: cd "library/backtrace" && env -u GIT_ALTERNATE_OBJECT_DIRECTORIES -u GIT_DIR -u GIT_INDEX_FILE -u GIT_OBJECT_DIRECTORY -u GIT_WORK_TREE "git" "rev-parse" (failure_mode=Ignore) (created at src/bootstrap/src/utils/channel.rs:47:31, executed at src/bootstrap/src/utils/channel.rs:49:50)
running: cd "src/llvm-project" && env -u GIT_ALTERNATE_OBJECT_DIRECTORIES -u GIT_DIR -u GIT_INDEX_FILE -u GIT_OBJECT_DIRECTORY -u GIT_WORK_TREE "git" "log" "-1" "--date=short" "--pretty=format:%cd" (failure_mode=Exit) (created at src/bootstrap/src/utils/channel.rs:63:31, executed at src/bootstrap/src/utils/channel.rs:70:14)
running: cd "library/backtrace" && env -u GIT_ALTERNATE_OBJECT_DIRECTORIES -u GIT_DIR -u GIT_INDEX_FILE -u GIT_OBJECT_DIRECTORY -u GIT_WORK_TREE "git" "log" "-1" "--date=short" "--pretty=format:%cd" (failure_mode=Exit) (created at src/bootstrap/src/utils/channel.rs:63:31, executed at src/bootstrap/src/utils/channel.rs:70:14)
running: cd "library/backtrace" && env -u GIT_ALTERNATE_OBJECT_DIRECTORIES -u GIT_DIR -u GIT_INDEX_FILE -u GIT_OBJECT_DIRECTORY -u GIT_WORK_TREE "git" "rev-parse" "HEAD" (failure_mode=Exit) (created at src/bootstrap/src/utils/channel.rs:72:32, executed at src/bootstrap/src/utils/channel.rs:77:14)
running: cd "src/llvm-project" && env -u GIT_ALTERNATE_OBJECT_DIRECTORIES -u GIT_DIR -u GIT_INDEX_FILE -u GIT_OBJECT_DIRECTORY -u GIT_WORK_TREE "git" "rev-parse" "HEAD" (failure_mode=Exit) (created at src/bootstrap/src/utils/channel.rs:72:32, executed at src/bootstrap/src/utils/channel.rs:77:14)
running: cd "library/backtrace" && env -u GIT_ALTERNATE_OBJECT_DIRECTORIES -u GIT_DIR -u GIT_INDEX_FILE -u GIT_OBJECT_DIRECTORY -u GIT_WORK_TREE "git" "rev-parse" "--short=9" "HEAD" (failure_mode=Exit) (created at src/bootstrap/src/utils/channel.rs:79:38, executed at src/bootstrap/src/utils/channel.rs:85:14)
running: cd "src/llvm-project" && env -u GIT_ALTERNATE_OBJECT_DIRECTORIES -u GIT_DIR -u GIT_INDEX_FILE -u GIT_OBJECT_DIRECTORY -u GIT_WORK_TREE "git" "rev-parse" "--short=9" "HEAD" (failure_mode=Exit) (created at src/bootstrap/src/utils/channel.rs:79:38, executed at src/bootstrap/src/utils/channel.rs:85:14)
Cache hit: cd "/Users/girivs/src/rust-tantraos/src/llvm-project" && env -u GIT_ALTERNATE_OBJECT_DIRECTORIES -u GIT_DIR -u GIT_INDEX_FILE -u GIT_OBJECT_DIRECTORY -u GIT_WORK_TREE "git" "rev-parse" (failure_mode=Ignore)
Cache hit: cd "/Users/girivs/src/rust-tantraos/src/llvm-project" && env -u GIT_ALTERNATE_OBJECT_DIRECTORIES -u GIT_DIR -u GIT_INDEX_FILE -u GIT_OBJECT_DIRECTORY -u GIT_WORK_TREE "git" "log" "-1" "--date=short" "--pretty=format:%cd" (failure_mode=Exit)
Cache hit: cd "/Users/girivs/src/rust-tantraos/src/llvm-project" && env -u GIT_ALTERNATE_OBJECT_DIRECTORIES -u GIT_DIR -u GIT_INDEX_FILE -u GIT_OBJECT_DIRECTORY -u GIT_WORK_TREE "git" "rev-parse" "HEAD" (failure_mode=Exit)
Cache hit: cd "/Users/girivs/src/rust-tantraos/src/llvm-project" && env -u GIT_ALTERNATE_OBJECT_DIRECTORIES -u GIT_DIR -u GIT_INDEX_FILE -u GIT_OBJECT_DIRECTORY -u GIT_WORK_TREE "git" "rev-parse" "--short=9" "HEAD" (failure_mode=Exit)
Cache hit: cd "/Users/girivs/src/rust-tantraos/src/llvm-project" && env -u GIT_ALTERNATE_OBJECT_DIRECTORIES -u GIT_DIR -u GIT_INDEX_FILE -u GIT_OBJECT_DIRECTORY -u GIT_WORK_TREE "git" "rev-parse" "HEAD" (failure_mode=Exit)
running: cd "/Users/girivs/src/rust-tantraos" && env -u GIT_ALTERNATE_OBJECT_DIRECTORIES -u GIT_DIR -u GIT_INDEX_FILE -u GIT_OBJECT_DIRECTORY -u GIT_WORK_TREE "git" "ls-tree" "HEAD" "src/llvm-project" (failure_mode=Exit) (created at src/bootstrap/src/core/config/config.rs:2263:20, executed at src/bootstrap/src/core/config/config.rs:2267:10)
Cache hit: cd "/Users/girivs/src/rust-tantraos/library/backtrace" && env -u GIT_ALTERNATE_OBJECT_DIRECTORIES -u GIT_DIR -u GIT_INDEX_FILE -u GIT_OBJECT_DIRECTORY -u GIT_WORK_TREE "git" "rev-parse" (failure_mode=Ignore)
Cache hit: cd "/Users/girivs/src/rust-tantraos/library/backtrace" && env -u GIT_ALTERNATE_OBJECT_DIRECTORIES -u GIT_DIR -u GIT_INDEX_FILE -u GIT_OBJECT_DIRECTORY -u GIT_WORK_TREE "git" "log" "-1" "--date=short" "--pretty=format:%cd" (failure_mode=Exit)
Cache hit: cd "/Users/girivs/src/rust-tantraos/library/backtrace" && env -u GIT_ALTERNATE_OBJECT_DIRECTORIES -u GIT_DIR -u GIT_INDEX_FILE -u GIT_OBJECT_DIRECTORY -u GIT_WORK_TREE "git" "rev-parse" "HEAD" (failure_mode=Exit)
Cache hit: cd "/Users/girivs/src/rust-tantraos/library/backtrace" && env -u GIT_ALTERNATE_OBJECT_DIRECTORIES -u GIT_DIR -u GIT_INDEX_FILE -u GIT_OBJECT_DIRECTORY -u GIT_WORK_TREE "git" "rev-parse" "--short=9" "HEAD" (failure_mode=Exit)
Cache hit: cd "/Users/girivs/src/rust-tantraos/library/backtrace" && env -u GIT_ALTERNATE_OBJECT_DIRECTORIES -u GIT_DIR -u GIT_INDEX_FILE -u GIT_OBJECT_DIRECTORY -u GIT_WORK_TREE "git" "rev-parse" "HEAD" (failure_mode=Exit)
Cache hit: cd "/Users/girivs/src/rust-tantraos" && env -u GIT_ALTERNATE_OBJECT_DIRECTORIES -u GIT_DIR -u GIT_INDEX_FILE -u GIT_OBJECT_DIRECTORY -u GIT_WORK_TREE "git" "ls-tree" "HEAD" "library/backtrace" (failure_mode=Exit)
learning about cargo
running: RUSTC_BOOTSTRAP="1" "/Users/girivs/src/rust-tantraos/build/aarch64-apple-darwin/stage0/bin/cargo" "metadata" "--format-version" "1" "--no-deps" "--manifest-path" "/Users/girivs/src/rust-tantraos/Cargo.toml" (failure_mode=Exit) (created at src/bootstrap/src/core/metadata.rs:80:25, executed at src/bootstrap/src/core/metadata.rs:91:54)
running: RUSTC_BOOTSTRAP="1" "/Users/girivs/src/rust-tantraos/build/aarch64-apple-darwin/stage0/bin/cargo" "metadata" "--format-version" "1" "--no-deps" "--manifest-path" "/Users/girivs/src/rust-tantraos/library/Cargo.toml" (failure_mode=Exit) (created at src/bootstrap/src/core/metadata.rs:80:25, executed at src/bootstrap/src/core/metadata.rs:91:54)
Removing sysroot /Users/girivs/src/rust-tantraos/build/aarch64-apple-darwin/stage1 to avoid caching bugs
LLVM freshness: LastModifiedUpstream { upstream: "9d82de19dfae60e55c291f5f28e28cfc2c1b9630" }
Removing sysroot /Users/girivs/src/rust-tantraos/build/aarch64-apple-darwin/stage0-sysroot to avoid caching bugs
running: "/Users/girivs/src/rust-tantraos/build/aarch64-apple-darwin/stage0/bin/rustc" "--print" "sysroot" (failure_mode=Exit) (created at src/bootstrap/src/lib.rs:1079:13, executed at src/bootstrap/src/lib.rs:1082:18)
LLVM freshness: LastModifiedUpstream { upstream: "9d82de19dfae60e55c291f5f28e28cfc2c1b9630" }
running: cd "/Users/girivs/src/rust-tantraos" && env -u MAKEFLAGS -u MFLAGS CARGO_BUILD_BUILD_DIR="/Users/girivs/src/rust-tantraos/build/aarch64-apple-darwin/stage1-rustc" CARGO_INCREMENTAL="0" CARGO_LOG="cargo::core::compiler::fingerprint=info" CARGO_PROFILE_DEV_CODEGEN_UNITS="16" CARGO_PROFILE_DEV_DEBUG="0" CARGO_PROFILE_DEV_DEBUG_ASSERTIONS="false" CARGO_PROFILE_DEV_OVERFLOW_CHECKS="false" CARGO_PROFILE_DEV_STRIP="false" CARGO_TARGET_AARCH64_APPLE_DARWIN_LINKER="" CARGO_TARGET_DIR="/Users/girivs/src/rust-tantraos/build/aarch64-apple-darwin/stage1-rustc" CC_aarch64_apple_darwin="" CFG_COMPILER_BUILD_TRIPLE="aarch64-apple-darwin" CFG_COMPILER_HOST_TRIPLE="aarch64-apple-darwin" CFG_DEFAULT_CODEGEN_BACKEND="llvm" CFG_LIBDIR_RELATIVE="lib" CFG_RELEASE="1.92.0-nightly" CFG_RELEASE_CHANNEL="nightly" CFG_VERSION="1.92.0-nightly (5b63cd28a 2025-09-16)" CFG_VER_DATE="2025-09-16" CFG_VER_HASH="5b63cd28a2480a95186d54a20b4e64ee38bfaff9" CFLAGS_aarch64_apple_darwin="" CXXFLAGS_aarch64_apple_darwin="-stdlib=libc++" CXX_aarch64_apple_darwin="" LIBC_CHECK_CFG="1" LLVM_CONFIG="/Users/girivs/src/rust-tantraos/build/aarch64-apple-darwin/ci-llvm/bin/llvm-config" LLVM_RUSTLLVM="1" REAL_LIBRARY_PATH_VAR="DYLD_LIBRARY_PATH" RUSTBUILD_NATIVE_DIR="/Users/girivs/src/rust-tantraos/build/aarch64-apple-darwin/native" RUSTC="/Users/girivs/src/rust-tantraos/build/bootstrap/debug/rustc" RUSTC_BOOTSTRAP="1" RUSTC_BREAK_ON_ICE="1" RUSTC_ERROR_METADATA_DST="/Users/girivs/src/rust-tantraos/build/tmp/extended-error-metadata" RUSTC_FORCE_UNSTABLE="1" RUSTC_HOST_FLAGS="--check-cfg=cfg(bootstrap) --cfg=bootstrap -Clinker=" RUSTC_INSTALL_BINDIR="bin" RUSTC_LIBDIR="/Users/girivs/src/rust-tantraos/build/aarch64-apple-darwin/stage0/lib" RUSTC_LINK_STD_INTO_RUSTC_DRIVER="1" RUSTC_LINT_FLAGS="-Wrust_2018_idioms -Wunused_lifetimes -Dwarnings -Wrustc::internal -Drustc::symbol_intern_string_literal -Wkeyword_idents_2024 -Wunreachable_pub -Wunsafe_op_in_unsafe_fn -Wunused_crate_dependencies" RUSTC_REAL="/Users/girivs/src/rust-tantraos/build/aarch64-apple-darwin/stage0/bin/rustc" RUSTC_SNAPSHOT="/Users/girivs/src/rust-tantraos/build/aarch64-apple-darwin/stage0/bin/rustc" RUSTC_SNAPSHOT_LIBDIR="/Users/girivs/src/rust-tantraos/build/aarch64-apple-darwin/stage0/lib" RUSTC_STAGE="0" RUSTC_SYSROOT="/Users/girivs/src/rust-tantraos/build/aarch64-apple-darwin/stage0-sysroot" RUSTC_TLS_MODEL_INITIAL_EXEC="1" RUSTC_VERBOSE="1" RUSTC_WRAPPER="/Users/girivs/src/rust-tantraos/build/bootstrap/debug/rustc" RUSTDOC="/Users/girivs/src/rust-tantraos/build/bootstrap/debug/rustdoc" RUSTDOCFLAGS="--cfg=bootstrap --cfg=windows_raw_dylib -Csymbol-mangling-version=v0 -Zunstable-options --check-cfg=cfg(bootstrap) --check-cfg=cfg(llvm_enzyme) -Dwarnings -Wrustdoc::invalid_codeblock_attributes --crate-version 1.92.0-nightly\t(5b63cd28a\t2025-09-16) -Clinker= -Zcrate-attr=warn(rust_2018_idioms)" RUSTDOC_REAL="/path/to/nowhere/rustdoc/not/required" RUSTFLAGS="--cfg=bootstrap --cfg=windows_raw_dylib -Csymbol-mangling-version=v0 -Zunstable-options --check-cfg=cfg(bootstrap) --check-cfg=cfg(llvm_enzyme) -Zmacro-backtrace -Csplit-debuginfo=unpacked -Zosx-rpath-install-name -Clink-args=-Wl,-rpath,@loader_path/../lib -Alinker-messages -Zon-broken-pipe=kill -Clto=off" RUST_TEST_THREADS="10" WINAPI_NO_BUNDLED_LIBRARIES="1" __CARGO_DEFAULT_LIB_METADATA="bootstrap1.92.0" "/Users/girivs/src/rust-tantraos/build/aarch64-apple-darwin/stage0/bin/cargo" "build" "--target" "aarch64-apple-darwin" "-Zbinary-dep-depinfo" "-j" "10" "-Zroot-dir=/Users/girivs/src/rust-tantraos" "-v" "--features" "llvm max_level_info" "--manifest-path" "/Users/girivs/src/rust-tantraos/compiler/rustc/Cargo.toml" "--message-format" "json-render-diagnostics" (failure_mode=Exit)
Cache hit: cd "/Users/girivs/src/rust-tantraos/src/llvm-project" && env -u GIT_ALTERNATE_OBJECT_DIRECTORIES -u GIT_DIR -u GIT_INDEX_FILE -u GIT_OBJECT_DIRECTORY -u GIT_WORK_TREE "git" "rev-parse" (failure_mode=Ignore)
Cache hit: cd "/Users/girivs/src/rust-tantraos/src/llvm-project" && env -u GIT_ALTERNATE_OBJECT_DIRECTORIES -u GIT_DIR -u GIT_INDEX_FILE -u GIT_OBJECT_DIRECTORY -u GIT_WORK_TREE "git" "log" "-1" "--date=short" "--pretty=format:%cd" (failure_mode=Exit)
Cache hit: cd "/Users/girivs/src/rust-tantraos/src/llvm-project" && env -u GIT_ALTERNATE_OBJECT_DIRECTORIES -u GIT_DIR -u GIT_INDEX_FILE -u GIT_OBJECT_DIRECTORY -u GIT_WORK_TREE "git" "rev-parse" "HEAD" (failure_mode=Exit)
Cache hit: cd "/Users/girivs/src/rust-tantraos/src/llvm-project" && env -u GIT_ALTERNATE_OBJECT_DIRECTORIES -u GIT_DIR -u GIT_INDEX_FILE -u GIT_OBJECT_DIRECTORY -u GIT_WORK_TREE "git" "rev-parse" "--short=9" "HEAD" (failure_mode=Exit)
Cache hit: cd "/Users/girivs/src/rust-tantraos/src/llvm-project" && env -u GIT_ALTERNATE_OBJECT_DIRECTORIES -u GIT_DIR -u GIT_INDEX_FILE -u GIT_OBJECT_DIRECTORY -u GIT_WORK_TREE "git" "rev-parse" "HEAD" (failure_mode=Exit)
Cache hit: cd "/Users/girivs/src/rust-tantraos" && env -u GIT_ALTERNATE_OBJECT_DIRECTORIES -u GIT_DIR -u GIT_INDEX_FILE -u GIT_OBJECT_DIRECTORY -u GIT_WORK_TREE "git" "ls-tree" "HEAD" "src/llvm-project" (failure_mode=Exit)
running: cd "/Users/girivs/src/rust-tantraos" && env -u MAKEFLAGS -u MFLAGS CARGO_BUILD_BUILD_DIR="/Users/girivs/src/rust-tantraos/build/aarch64-apple-darwin/stage1-std" CARGO_INCREMENTAL="0" CARGO_LOG="cargo::core::compiler::fingerprint=info" CARGO_PROFILE_DEV_CODEGEN_UNITS="16" CARGO_PROFILE_DEV_DEBUG="0" CARGO_PROFILE_DEV_DEBUG_ASSERTIONS="false" CARGO_PROFILE_DEV_OVERFLOW_CHECKS="false" CARGO_PROFILE_DEV_STRIP="false" CARGO_TARGET_AARCH64_TANTRAOS_LINKER="" CARGO_TARGET_DIR="/Users/girivs/src/rust-tantraos/build/aarch64-apple-darwin/stage1-std" CC_aarch64_tantraos="" CFG_COMPILER_BUILD_TRIPLE="aarch64-apple-darwin" CFG_COMPILER_HOST_TRIPLE="aarch64-tantraos" CFG_RELEASE_CHANNEL="nightly" CFLAGS_aarch64_tantraos="" CXXFLAGS_aarch64_tantraos="" CXX_aarch64_tantraos="" LIBC_CHECK_CFG="1" REAL_LIBRARY_PATH_VAR="DYLD_LIBRARY_PATH" RUSTBUILD_NATIVE_DIR="/Users/girivs/src/rust-tantraos/build/aarch64-tantraos/native" RUSTC="/Users/girivs/src/rust-tantraos/build/bootstrap/debug/rustc" RUSTC_BOOTSTRAP="1" RUSTC_BREAK_ON_ICE="1" RUSTC_ERROR_METADATA_DST="/Users/girivs/src/rust-tantraos/build/tmp/extended-error-metadata" RUSTC_FORCE_UNSTABLE="1" RUSTC_HOST_FLAGS="-Clinker=" RUSTC_INSTALL_BINDIR="bin" RUSTC_LIBDIR="/Users/girivs/src/rust-tantraos/build/aarch64-apple-darwin/stage1/lib" RUSTC_LINK_STD_INTO_RUSTC_DRIVER="1" RUSTC_LINT_FLAGS="-Wrust_2018_idioms -Wunused_lifetimes -Dwarnings" RUSTC_REAL="/Users/girivs/src/rust-tantraos/build/aarch64-apple-darwin/stage1/bin/rustc" RUSTC_SNAPSHOT="/Users/girivs/src/rust-tantraos/build/aarch64-apple-darwin/stage0/bin/rustc" RUSTC_SNAPSHOT_LIBDIR="/Users/girivs/src/rust-tantraos/build/aarch64-apple-darwin/stage0/lib" RUSTC_STAGE="1" RUSTC_SYSROOT="/Users/girivs/src/rust-tantraos/build/aarch64-apple-darwin/stage1" RUSTC_VERBOSE="1" RUSTC_WRAPPER="/Users/girivs/src/rust-tantraos/build/bootstrap/debug/rustc" RUSTDOC="/Users/girivs/src/rust-tantraos/build/bootstrap/debug/rustdoc" RUSTDOCFLAGS="-Csymbol-mangling-version=legacy --check-cfg=cfg(feature,values(any())) -Zunstable-options -Dwarnings -Wrustdoc::invalid_codeblock_attributes --crate-version 1.92.0-nightly\t(5b63cd28a\t2025-09-16) -Clinker= -Zcrate-attr=doc(html_root_url=\"https://doc.rust-lang.org/nightly/\") -Zcrate-attr=warn(rust_2018_idioms)" RUSTDOC_REAL="/path/to/nowhere/rustdoc/not/required" RUSTFLAGS="-Csymbol-mangling-version=legacy --check-cfg=cfg(feature,values(any())) -Zunstable-options -Zmacro-backtrace -Csplit-debuginfo=off -Cprefer-dynamic -Zinline-mir -Zinline-mir-preserve-debug -Zmir_strip_debuginfo=locals-in-tiny-functions -Clink-args=-Wl,-z,origin -Clink-args=-Wl,-rpath,$ORIGIN/../lib -Alinker-messages -Cembed-bitcode=yes -Clto=off -Zunstable-options -Cforce-frame-pointers=non-leaf -Zcrate-attr=doc(html_root_url=\"https://doc.rust-lang.org/nightly/\")" RUST_COMPILER_RT_ROOT="/Users/girivs/src/rust-tantraos/src/llvm-project/compiler-rt" RUST_TEST_THREADS="10" WINAPI_NO_BUNDLED_LIBRARIES="1" __CARGO_DEFAULT_LIB_METADATA="nightlystd1.92.0" "/Users/girivs/src/rust-tantraos/build/aarch64-apple-darwin/stage0/bin/cargo" "build" "--target" "aarch64-tantraos" "-Zbinary-dep-depinfo" "-j" "10" "-Zroot-dir=/Users/girivs/src/rust-tantraos" "-v" "--features" "backtrace panic-unwind compiler-builtins-c" "--manifest-path" "/Users/girivs/src/rust-tantraos/library/sysroot/Cargo.toml" "-p" "alloc" "-p" "compiler_builtins" "-p" "core" "-p" "panic_abort" "-p" "panic_unwind" "-p" "proc_macro" "-p" "rustc-std-workspace-core" "-p" "std" "-p" "std_detect" "-p" "sysroot" "-p" "test" "-p" "unwind" "--message-format" "json-render-diagnostics" (failure_mode=Exit)
running: cd "/Users/girivs/src/rust-tantraos" && env -u MAKEFLAGS -u MFLAGS CARGO_BUILD_BUILD_DIR="/Users/girivs/src/rust-tantraos/build/aarch64-apple-darwin/stage1-tools" CARGO_INCREMENTAL="0" CARGO_LOG="cargo::core::compiler::fingerprint=info" CARGO_PROFILE_DEV_CODEGEN_UNITS="16" CARGO_PROFILE_DEV_DEBUG="0" CARGO_PROFILE_DEV_DEBUG_ASSERTIONS="false" CARGO_PROFILE_DEV_OVERFLOW_CHECKS="false" CARGO_PROFILE_DEV_STRIP="false" CARGO_TARGET_AARCH64_APPLE_DARWIN_LINKER="" CARGO_TARGET_DIR="/Users/girivs/src/rust-tantraos/build/aarch64-apple-darwin/stage1-tools" CC_aarch64_apple_darwin="" CFG_COMPILER_BUILD_TRIPLE="aarch64-apple-darwin" CFG_COMPILER_HOST_TRIPLE="aarch64-apple-darwin" CFG_RELEASE="1.92.0-nightly" CFG_RELEASE_CHANNEL="nightly" CFG_RELEASE_NUM="1.92.0" CFG_VERSION="1.92.0-nightly (5b63cd28a 2025-09-16)" CFG_VER_DATE="2025-09-16" CFG_VER_HASH="5b63cd28a2480a95186d54a20b4e64ee38bfaff9" CFLAGS_aarch64_apple_darwin="" CXXFLAGS_aarch64_apple_darwin="-stdlib=libc++" CXX_aarch64_apple_darwin="" DOC_RUST_LANG_ORG_CHANNEL="https://doc.rust-lang.org/nightly" FORCE_ON_BROKEN_PIPE_KILL="-Zon-broken-pipe=kill" JEMALLOC_SYS_WITH_LG_PAGE="16" LIBC_CHECK_CFG="1" LZMA_API_STATIC="1" REAL_LIBRARY_PATH_VAR="DYLD_LIBRARY_PATH" RUSTBUILD_NATIVE_DIR="/Users/girivs/src/rust-tantraos/build/aarch64-apple-darwin/native" RUSTC="/Users/girivs/src/rust-tantraos/build/bootstrap/debug/rustc" RUSTC_BOOTSTRAP="1" RUSTC_BREAK_ON_ICE="1" RUSTC_ERROR_METADATA_DST="/Users/girivs/src/rust-tantraos/build/tmp/extended-error-metadata" RUSTC_HOST_FLAGS="--check-cfg=cfg(bootstrap) --cfg=bootstrap -Clinker=" RUSTC_INSTALL_BINDIR="bin" RUSTC_LIBDIR="/Users/girivs/src/rust-tantraos/build/aarch64-apple-darwin/stage0/lib" RUSTC_LINK_STD_INTO_RUSTC_DRIVER="1" RUSTC_LINT_FLAGS="-Wrust_2018_idioms -Wunused_lifetimes -Dwarnings" RUSTC_REAL="/Users/girivs/src/rust-tantraos/build/aarch64-apple-darwin/stage0/bin/rustc" RUSTC_SNAPSHOT="/Users/girivs/src/rust-tantraos/build/aarch64-apple-darwin/stage0/bin/rustc" RUSTC_SNAPSHOT_LIBDIR="/Users/girivs/src/rust-tantraos/build/aarch64-apple-darwin/stage0/lib" RUSTC_STAGE="0" RUSTC_SYSROOT="/Users/girivs/src/rust-tantraos/build/aarch64-apple-darwin/stage0-sysroot" RUSTC_TLS_MODEL_INITIAL_EXEC="1" RUSTC_VERBOSE="1" RUSTC_WRAPPER="/Users/girivs/src/rust-tantraos/build/bootstrap/debug/rustc" RUSTDOC="/Users/girivs/src/rust-tantraos/build/bootstrap/debug/rustdoc" RUSTDOCFLAGS="--cfg=bootstrap --cfg=windows_raw_dylib -Csymbol-mangling-version=v0 -Zunstable-options --check-cfg=cfg(bootstrap) --check-cfg=cfg(llvm_enzyme) --check-cfg=cfg(rust_analyzer) -Dwarnings -Wrustdoc::invalid_codeblock_attributes --crate-version 1.92.0-nightly\t(5b63cd28a\t2025-09-16) -Clinker=" RUSTDOC_REAL="/path/to/nowhere/rustdoc/not/required" RUSTFLAGS="--cfg=bootstrap --cfg=windows_raw_dylib -Csymbol-mangling-version=v0 -Zunstable-options --check-cfg=cfg(bootstrap) --check-cfg=cfg(llvm_enzyme) --check-cfg=cfg(rust_analyzer) -Zmacro-backtrace -Csplit-debuginfo=unpacked -Zosx-rpath-install-name -Clink-args=-Wl,-rpath,@loader_path/../lib -Alinker-messages -Zunstable-options" RUST_TEST_THREADS="10" SYSROOT="/Users/girivs/src/rust-tantraos/build/aarch64-apple-darwin/stage0-sysroot" __CARGO_DEFAULT_LIB_METADATA="bootstraptool-rustc1.92.0" "/Users/girivs/src/rust-tantraos/build/aarch64-apple-darwin/stage0/bin/cargo" "build" "--target" "aarch64-apple-darwin" "-Zbinary-dep-depinfo" "-j" "10" "-Zroot-dir=/Users/girivs/src/rust-tantraos" "-v" "--manifest-path" "/Users/girivs/src/rust-tantraos/src/tools/rustdoc/Cargo.toml" "--message-format" "json-render-diagnostics" (failure_mode=Exit)
Removing sysroot /Users/girivs/src/rust-tantraos/build/aarch64-apple-darwin/stage1 to avoid caching bugs
Removing sysroot /Users/girivs/src/rust-tantraos/build/aarch64-apple-darwin/stage1/lib/rustlib/aarch64-apple-darwin/lib to avoid caching bugs
LLVM freshness: LastModifiedUpstream { upstream: "9d82de19dfae60e55c291f5f28e28cfc2c1b9630" }
running: "/Users/girivs/src/rust-tantraos/build/aarch64-apple-darwin/ci-llvm/bin/llvm-config" "--version" (failure_mode=Exit) (created at src/bootstrap/src/core/build_steps/llvm.rs:599:5, executed at src/bootstrap/src/core/build_steps/llvm.rs:602:10)
running: "/Users/girivs/src/rust-tantraos/build/aarch64-apple-darwin/ci-llvm/bin/llvm-config" "--bindir" (failure_mode=Exit) (created at src/bootstrap/src/core/build_steps/compile.rs:2024:41, executed at src/bootstrap/src/core/build_steps/compile.rs:2027:22)
/Users/girivs/src/rust-tantraos/build/aarch64-apple-darwin/ci-llvm/bin/llvm-strip does not exist; skipping copy
Removing sysroot /Users/girivs/src/rust-tantraos/build/aarch64-apple-darwin/stage0-sysroot to avoid caching bugs
LLVM freshness: LastModifiedUpstream { upstream: "9d82de19dfae60e55c291f5f28e28cfc2c1b9630" }
Removing sysroot /Users/girivs/src/rust-tantraos/build/aarch64-apple-darwin/stage0-sysroot/lib/rustlib/aarch64-apple-darwin/lib to avoid caching bugs
using sysroot /Users/girivs/src/rust-tantraos/build/aarch64-apple-darwin/stage0-sysroot
LLVM freshness: LastModifiedUpstream { upstream: "9d82de19dfae60e55c291f5f28e28cfc2c1b9630" }
Cache hit: "/Users/girivs/src/rust-tantraos/build/aarch64-apple-darwin/ci-llvm/bin/llvm-config" "--version" (failure_mode=Exit)
Building stage1 compiler artifacts (stage0 -> stage1, aarch64-apple-darwin)
running: cd "/Users/girivs/src/rust-tantraos" && env -u MAKEFLAGS -u MFLAGS AR_aarch64_apple_darwin="ar" CARGO_BUILD_BUILD_DIR="/Users/girivs/src/rust-tantraos/build/aarch64-apple-darwin/stage1-rustc" CARGO_INCREMENTAL="0" CARGO_LOG="cargo::core::compiler::fingerprint=info" CARGO_PROFILE_DEV_CODEGEN_UNITS="16" CARGO_PROFILE_DEV_DEBUG="0" CARGO_PROFILE_DEV_DEBUG_ASSERTIONS="false" CARGO_PROFILE_DEV_OVERFLOW_CHECKS="false" CARGO_PROFILE_DEV_STRIP="false" CARGO_TARGET_DIR="/Users/girivs/src/rust-tantraos/build/aarch64-apple-darwin/stage1-rustc" CC_aarch64_apple_darwin="cc" CFG_COMPILER_BUILD_TRIPLE="aarch64-apple-darwin" CFG_COMPILER_HOST_TRIPLE="aarch64-apple-darwin" CFG_DEFAULT_CODEGEN_BACKEND="llvm" CFG_LIBDIR_RELATIVE="lib" CFG_RELEASE="1.92.0-nightly" CFG_RELEASE_CHANNEL="nightly" CFG_VERSION="1.92.0-nightly (5b63cd28a 2025-09-16)" CFG_VER_DATE="2025-09-16" CFG_VER_HASH="5b63cd28a2480a95186d54a20b4e64ee38bfaff9" CFLAGS_aarch64_apple_darwin="" CXXFLAGS_aarch64_apple_darwin="-stdlib=libc++" CXX_aarch64_apple_darwin="c++" LIBC_CHECK_CFG="1" LLVM_CONFIG="/Users/girivs/src/rust-tantraos/build/aarch64-apple-darwin/ci-llvm/bin/llvm-config" LLVM_RUSTLLVM="1" RANLIB_aarch64_apple_darwin="ar s" REAL_LIBRARY_PATH_VAR="DYLD_LIBRARY_PATH" RUSTBUILD_NATIVE_DIR="/Users/girivs/src/rust-tantraos/build/aarch64-apple-darwin/native" RUSTC="/Users/girivs/src/rust-tantraos/build/bootstrap/debug/rustc" RUSTC_BOOTSTRAP="1" RUSTC_BREAK_ON_ICE="1" RUSTC_ERROR_METADATA_DST="/Users/girivs/src/rust-tantraos/build/tmp/extended-error-metadata" RUSTC_FORCE_UNSTABLE="1" RUSTC_HOST_FLAGS="--check-cfg=cfg(bootstrap) --cfg=bootstrap" RUSTC_INSTALL_BINDIR="bin" RUSTC_LIBDIR="/Users/girivs/src/rust-tantraos/build/aarch64-apple-darwin/stage0/lib" RUSTC_LINK_STD_INTO_RUSTC_DRIVER="1" RUSTC_LINT_FLAGS="-Wrust_2018_idioms -Wunused_lifetimes -Dwarnings -Wrustc::internal -Drustc::symbol_intern_string_literal -Wkeyword_idents_2024 -Wunreachable_pub -Wunsafe_op_in_unsafe_fn -Wunused_crate_dependencies" RUSTC_REAL="/Users/girivs/src/rust-tantraos/build/aarch64-apple-darwin/stage0/bin/rustc" RUSTC_SNAPSHOT="/Users/girivs/src/rust-tantraos/build/aarch64-apple-darwin/stage0/bin/rustc" RUSTC_SNAPSHOT_LIBDIR="/Users/girivs/src/rust-tantraos/build/aarch64-apple-darwin/stage0/lib" RUSTC_STAGE="0" RUSTC_SYSROOT="/Users/girivs/src/rust-tantraos/build/aarch64-apple-darwin/stage0-sysroot" RUSTC_TLS_MODEL_INITIAL_EXEC="1" RUSTC_VERBOSE="1" RUSTC_WRAPPER="/Users/girivs/src/rust-tantraos/build/bootstrap/debug/rustc" RUSTDOC="/Users/girivs/src/rust-tantraos/build/bootstrap/debug/rustdoc" RUSTDOCFLAGS="--cfg=bootstrap --cfg=windows_raw_dylib -Csymbol-mangling-version=v0 -Zunstable-options --check-cfg=cfg(bootstrap) --check-cfg=cfg(llvm_enzyme) -Dwarnings -Wrustdoc::invalid_codeblock_attributes --crate-version 1.92.0-nightly\t(5b63cd28a\t2025-09-16) -Zcrate-attr=warn(rust_2018_idioms)" RUSTDOC_REAL="/path/to/nowhere/rustdoc/not/required" RUSTFLAGS="--cfg=bootstrap --cfg=windows_raw_dylib -Csymbol-mangling-version=v0 -Zunstable-options --check-cfg=cfg(bootstrap) --check-cfg=cfg(llvm_enzyme) -Zmacro-backtrace -Csplit-debuginfo=unpacked -Zosx-rpath-install-name -Clink-args=-Wl,-rpath,@loader_path/../lib -Alinker-messages -Zon-broken-pipe=kill -Clto=off" RUST_TEST_THREADS="10" WINAPI_NO_BUNDLED_LIBRARIES="1" __CARGO_DEFAULT_LIB_METADATA="bootstrap1.92.0" "/Users/girivs/src/rust-tantraos/build/aarch64-apple-darwin/stage0/bin/cargo" "build" "--target" "aarch64-apple-darwin" "-Zbinary-dep-depinfo" "-j" "10" "-Zroot-dir=/Users/girivs/src/rust-tantraos" "-v" "--features" "llvm max_level_info" "--manifest-path" "/Users/girivs/src/rust-tantraos/compiler/rustc/Cargo.toml" "--message-format" "json-render-diagnostics" (failure_mode=Exit)
   0.198876750s  INFO prepare_target{force=false package_id=rustc-main v0.0.0 (/Users/girivs/src/rust-tantraos/compiler/rustc) target="rustc-main"}: cargo::core::compiler::fingerprint: stale: changed "/Users/girivs/src/rust-tantraos/compiler/rustc_target/src/spec/targets/aarch64_tantraos.rs"
   0.198889959s  INFO prepare_target{force=false package_id=rustc-main v0.0.0 (/Users/girivs/src/rust-tantraos/compiler/rustc) target="rustc-main"}: cargo::core::compiler::fingerprint:           (vs) "/Users/girivs/src/rust-tantraos/build/aarch64-apple-darwin/stage1-rustc/aarch64-apple-darwin/debug/.fingerprint/rustc_target-35cf86096f412775/dep-lib-rustc_target"
   0.198891625s  INFO prepare_target{force=false package_id=rustc-main v0.0.0 (/Users/girivs/src/rust-tantraos/compiler/rustc) target="rustc-main"}: cargo::core::compiler::fingerprint:                FileTime { seconds: 1758007699, nanos: 238833704 } < FileTime { seconds: 1758008033, nanos: 342293613 }
   0.208517125s  INFO prepare_target{force=false package_id=rustc-main v0.0.0 (/Users/girivs/src/rust-tantraos/compiler/rustc) target="rustc-main"}: cargo::core::compiler::fingerprint: fingerprint dirty for rustc-main v0.0.0 (/Users/girivs/src/rust-tantraos/compiler/rustc)/Build/TargetInner { name: "rustc-main", doc: true, ..: with_path("/Users/girivs/src/rust-tantraos/compiler/rustc/src/main.rs", Edition2024) }
   0.208540834s  INFO prepare_target{force=false package_id=rustc-main v0.0.0 (/Users/girivs/src/rust-tantraos/compiler/rustc) target="rustc-main"}: cargo::core::compiler::fingerprint:     dirty: FsStatusOutdated(StaleDepFingerprint { name: "rustc_public_bridge" })
   0.210373792s  INFO prepare_target{force=false package_id=rustc_codegen_ssa v0.0.0 (/Users/girivs/src/rust-tantraos/compiler/rustc_codegen_ssa) target="rustc_codegen_ssa"}: cargo::core::compiler::fingerprint: fingerprint dirty for rustc_codegen_ssa v0.0.0 (/Users/girivs/src/rust-tantraos/compiler/rustc_codegen_ssa)/Build/TargetInner { name_inferred: true, ..: lib_target("rustc_codegen_ssa", ["lib"], "/Users/girivs/src/rust-tantraos/compiler/rustc_codegen_ssa/src/lib.rs", Edition2024) }
   0.210382334s  INFO prepare_target{force=false package_id=rustc_codegen_ssa v0.0.0 (/Users/girivs/src/rust-tantraos/compiler/rustc_codegen_ssa) target="rustc_codegen_ssa"}: cargo::core::compiler::fingerprint:     dirty: FsStatusOutdated(StaleDepFingerprint { name: "rustc_target" })
   0.237168209s  INFO prepare_target{force=false package_id=rustc_attr_parsing v0.0.0 (/Users/girivs/src/rust-tantraos/compiler/rustc_attr_parsing) target="rustc_attr_parsing"}: cargo::core::compiler::fingerprint: fingerprint dirty for rustc_attr_parsing v0.0.0 (/Users/girivs/src/rust-tantraos/compiler/rustc_attr_parsing)/Build/TargetInner { name_inferred: true, ..: lib_target("rustc_attr_parsing", ["lib"], "/Users/girivs/src/rust-tantraos/compiler/rustc_attr_parsing/src/lib.rs", Edition2024) }
   0.237175625s  INFO prepare_target{force=false package_id=rustc_attr_parsing v0.0.0 (/Users/girivs/src/rust-tantraos/compiler/rustc_attr_parsing) target="rustc_attr_parsing"}: cargo::core::compiler::fingerprint:     dirty: FsStatusOutdated(StaleDepFingerprint { name: "rustc_target" })
   0.244020667s  INFO prepare_target{force=false package_id=rustc_feature v0.0.0 (/Users/girivs/src/rust-tantraos/compiler/rustc_feature) target="rustc_feature"}: cargo::core::compiler::fingerprint: fingerprint dirty for rustc_feature v0.0.0 (/Users/girivs/src/rust-tantraos/compiler/rustc_feature)/Build/TargetInner { name_inferred: true, ..: lib_target("rustc_feature", ["lib"], "/Users/girivs/src/rust-tantraos/compiler/rustc_feature/src/lib.rs", Edition2024) }
   0.244025667s  INFO prepare_target{force=false package_id=rustc_feature v0.0.0 (/Users/girivs/src/rust-tantraos/compiler/rustc_feature) target="rustc_feature"}: cargo::core::compiler::fingerprint:     dirty: FsStatusOutdated(StaleDepFingerprint { name: "rustc_hir" })
   0.244297625s  INFO prepare_target{force=false package_id=rustc_hir v0.0.0 (/Users/girivs/src/rust-tantraos/compiler/rustc_hir) target="rustc_hir"}: cargo::core::compiler::fingerprint: fingerprint dirty for rustc_hir v0.0.0 (/Users/girivs/src/rust-tantraos/compiler/rustc_hir)/Build/TargetInner { name_inferred: true, ..: lib_target("rustc_hir", ["lib"], "/Users/girivs/src/rust-tantraos/compiler/rustc_hir/src/lib.rs", Edition2024) }
   0.244301125s  INFO prepare_target{force=false package_id=rustc_hir v0.0.0 (/Users/girivs/src/rust-tantraos/compiler/rustc_hir) target="rustc_hir"}: cargo::core::compiler::fingerprint:     dirty: FsStatusOutdated(StaleDepFingerprint { name: "rustc_target" })
   0.244686500s  INFO prepare_target{force=false package_id=rustc_target v0.0.0 (/Users/girivs/src/rust-tantraos/compiler/rustc_target) target="rustc_target"}: cargo::core::compiler::fingerprint: fingerprint dirty for rustc_target v0.0.0 (/Users/girivs/src/rust-tantraos/compiler/rustc_target)/Build/TargetInner { name_inferred: true, ..: lib_target("rustc_target", ["lib"], "/Users/girivs/src/rust-tantraos/compiler/rustc_target/src/lib.rs", Edition2024) }
   0.244693042s  INFO prepare_target{force=false package_id=rustc_target v0.0.0 (/Users/girivs/src/rust-tantraos/compiler/rustc_target) target="rustc_target"}: cargo::core::compiler::fingerprint:     dirty: FsStatusOutdated(StaleItem(ChangedFile { reference: "/Users/girivs/src/rust-tantraos/build/aarch64-apple-darwin/stage1-rustc/aarch64-apple-darwin/debug/.fingerprint/rustc_target-35cf86096f412775/dep-lib-rustc_target", reference_mtime: FileTime { seconds: 1758007699, nanos: 238833704 }, stale: "/Users/girivs/src/rust-tantraos/compiler/rustc_target/src/spec/targets/aarch64_tantraos.rs", stale_mtime: FileTime { seconds: 1758008033, nanos: 342293613 } }))
   0.246244084s  INFO prepare_target{force=false package_id=rustc_parse v0.0.0 (/Users/girivs/src/rust-tantraos/compiler/rustc_parse) target="rustc_parse"}: cargo::core::compiler::fingerprint: fingerprint dirty for rustc_parse v0.0.0 (/Users/girivs/src/rust-tantraos/compiler/rustc_parse)/Build/TargetInner { name_inferred: true, ..: lib_target("rustc_parse", ["lib"], "/Users/girivs/src/rust-tantraos/compiler/rustc_parse/src/lib.rs", Edition2024) }
   0.246247625s  INFO prepare_target{force=false package_id=rustc_parse v0.0.0 (/Users/girivs/src/rust-tantraos/compiler/rustc_parse) target="rustc_parse"}: cargo::core::compiler::fingerprint:     dirty: FsStatusOutdated(StaleDepFingerprint { name: "rustc_feature" })
   0.246543500s  INFO prepare_target{force=false package_id=rustc_session v0.0.0 (/Users/girivs/src/rust-tantraos/compiler/rustc_session) target="rustc_session"}: cargo::core::compiler::fingerprint: fingerprint dirty for rustc_session v0.0.0 (/Users/girivs/src/rust-tantraos/compiler/rustc_session)/Build/TargetInner { name_inferred: true, ..: lib_target("rustc_session", ["lib"], "/Users/girivs/src/rust-tantraos/compiler/rustc_session/src/lib.rs", Edition2024) }
   0.246546792s  INFO prepare_target{force=false package_id=rustc_session v0.0.0 (/Users/girivs/src/rust-tantraos/compiler/rustc_session) target="rustc_session"}: cargo::core::compiler::fingerprint:     dirty: FsStatusOutdated(StaleDepFingerprint { name: "rustc_target" })
   0.247459709s  INFO prepare_target{force=false package_id=rustc_incremental v0.0.0 (/Users/girivs/src/rust-tantraos/compiler/rustc_incremental) target="rustc_incremental"}: cargo::core::compiler::fingerprint: fingerprint dirty for rustc_incremental v0.0.0 (/Users/girivs/src/rust-tantraos/compiler/rustc_incremental)/Build/TargetInner { name_inferred: true, ..: lib_target("rustc_incremental", ["lib"], "/Users/girivs/src/rust-tantraos/compiler/rustc_incremental/src/lib.rs", Edition2024) }
   0.247462834s  INFO prepare_target{force=false package_id=rustc_incremental v0.0.0 (/Users/girivs/src/rust-tantraos/compiler/rustc_incremental) target="rustc_incremental"}: cargo::core::compiler::fingerprint:     dirty: FsStatusOutdated(StaleDepFingerprint { name: "rustc_session" })
   0.248080834s  INFO prepare_target{force=false package_id=rustc_middle v0.0.0 (/Users/girivs/src/rust-tantraos/compiler/rustc_middle) target="rustc_middle"}: cargo::core::compiler::fingerprint: fingerprint dirty for rustc_middle v0.0.0 (/Users/girivs/src/rust-tantraos/compiler/rustc_middle)/Build/TargetInner { name_inferred: true, ..: lib_target("rustc_middle", ["lib"], "/Users/girivs/src/rust-tantraos/compiler/rustc_middle/src/lib.rs", Edition2024) }
   0.248084000s  INFO prepare_target{force=false package_id=rustc_middle v0.0.0 (/Users/girivs/src/rust-tantraos/compiler/rustc_middle) target="rustc_middle"}: cargo::core::compiler::fingerprint:     dirty: FsStatusOutdated(StaleDepFingerprint { name: "rustc_target" })
   0.249383750s  INFO prepare_target{force=false package_id=rustc_hir_pretty v0.0.0 (/Users/girivs/src/rust-tantraos/compiler/rustc_hir_pretty) target="rustc_hir_pretty"}: cargo::core::compiler::fingerprint: fingerprint dirty for rustc_hir_pretty v0.0.0 (/Users/girivs/src/rust-tantraos/compiler/rustc_hir_pretty)/Build/TargetInner { name_inferred: true, ..: lib_target("rustc_hir_pretty", ["lib"], "/Users/girivs/src/rust-tantraos/compiler/rustc_hir_pretty/src/lib.rs", Edition2024) }
   0.249386834s  INFO prepare_target{force=false package_id=rustc_hir_pretty v0.0.0 (/Users/girivs/src/rust-tantraos/compiler/rustc_hir_pretty) target="rustc_hir_pretty"}: cargo::core::compiler::fingerprint:     dirty: FsStatusOutdated(StaleDepFingerprint { name: "rustc_hir" })
   0.250040417s  INFO prepare_target{force=false package_id=rustc_query_system v0.0.0 (/Users/girivs/src/rust-tantraos/compiler/rustc_query_system) target="rustc_query_system"}: cargo::core::compiler::fingerprint: fingerprint dirty for rustc_query_system v0.0.0 (/Users/girivs/src/rust-tantraos/compiler/rustc_query_system)/Build/TargetInner { name_inferred: true, ..: lib_target("rustc_query_system", ["lib"], "/Users/girivs/src/rust-tantraos/compiler/rustc_query_system/src/lib.rs", Edition2024) }
   0.250043625s  INFO prepare_target{force=false package_id=rustc_query_system v0.0.0 (/Users/girivs/src/rust-tantraos/compiler/rustc_query_system) target="rustc_query_system"}: cargo::core::compiler::fingerprint:     dirty: FsStatusOutdated(StaleDepFingerprint { name: "rustc_feature" })
   0.250536250s  INFO prepare_target{force=false package_id=rustc_metadata v0.0.0 (/Users/girivs/src/rust-tantraos/compiler/rustc_metadata) target="rustc_metadata"}: cargo::core::compiler::fingerprint: fingerprint dirty for rustc_metadata v0.0.0 (/Users/girivs/src/rust-tantraos/compiler/rustc_metadata)/Build/TargetInner { name_inferred: true, ..: lib_target("rustc_metadata", ["lib"], "/Users/girivs/src/rust-tantraos/compiler/rustc_metadata/src/lib.rs", Edition2024) }
   0.250538917s  INFO prepare_target{force=false package_id=rustc_metadata v0.0.0 (/Users/girivs/src/rust-tantraos/compiler/rustc_metadata) target="rustc_metadata"}: cargo::core::compiler::fingerprint:     dirty: FsStatusOutdated(StaleDepFingerprint { name: "rustc_target" })
   0.250983125s  INFO prepare_target{force=false package_id=rustc_expand v0.0.0 (/Users/girivs/src/rust-tantraos/compiler/rustc_expand) target="rustc_expand"}: cargo::core::compiler::fingerprint: fingerprint dirty for rustc_expand v0.0.0 (/Users/girivs/src/rust-tantraos/compiler/rustc_expand)/Build/TargetInner { name_inferred: true, doctest: false, ..: lib_target("rustc_expand", ["lib"], "/Users/girivs/src/rust-tantraos/compiler/rustc_expand/src/lib.rs", Edition2024) }
   0.250985542s  INFO prepare_target{force=false package_id=rustc_expand v0.0.0 (/Users/girivs/src/rust-tantraos/compiler/rustc_expand) target="rustc_expand"}: cargo::core::compiler::fingerprint:     dirty: FsStatusOutdated(StaleDepFingerprint { name: "rustc_feature" })
   0.251239542s  INFO prepare_target{force=false package_id=rustc_ast_passes v0.0.0 (/Users/girivs/src/rust-tantraos/compiler/rustc_ast_passes) target="rustc_ast_passes"}: cargo::core::compiler::fingerprint: fingerprint dirty for rustc_ast_passes v0.0.0 (/Users/girivs/src/rust-tantraos/compiler/rustc_ast_passes)/Build/TargetInner { name_inferred: true, ..: lib_target("rustc_ast_passes", ["lib"], "/Users/girivs/src/rust-tantraos/compiler/rustc_ast_passes/src/lib.rs", Edition2024) }
   0.251242417s  INFO prepare_target{force=false package_id=rustc_ast_passes v0.0.0 (/Users/girivs/src/rust-tantraos/compiler/rustc_ast_passes) target="rustc_ast_passes"}: cargo::core::compiler::fingerprint:     dirty: FsStatusOutdated(StaleDepFingerprint { name: "rustc_target" })
   0.251662459s  INFO prepare_target{force=false package_id=rustc_symbol_mangling v0.0.0 (/Users/girivs/src/rust-tantraos/compiler/rustc_symbol_mangling) target="rustc_symbol_mangling"}: cargo::core::compiler::fingerprint: fingerprint dirty for rustc_symbol_mangling v0.0.0 (/Users/girivs/src/rust-tantraos/compiler/rustc_symbol_mangling)/Build/TargetInner { name_inferred: true, ..: lib_target("rustc_symbol_mangling", ["lib"], "/Users/girivs/src/rust-tantraos/compiler/rustc_symbol_mangling/src/lib.rs", Edition2024) }
   0.251665084s  INFO prepare_target{force=false package_id=rustc_symbol_mangling v0.0.0 (/Users/girivs/src/rust-tantraos/compiler/rustc_symbol_mangling) target="rustc_symbol_mangling"}: cargo::core::compiler::fingerprint:     dirty: FsStatusOutdated(StaleDepFingerprint { name: "rustc_session" })
   0.252213209s  INFO prepare_target{force=false package_id=rustc_trait_selection v0.0.0 (/Users/girivs/src/rust-tantraos/compiler/rustc_trait_selection) target="rustc_trait_selection"}: cargo::core::compiler::fingerprint: fingerprint dirty for rustc_trait_selection v0.0.0 (/Users/girivs/src/rust-tantraos/compiler/rustc_trait_selection)/Build/TargetInner { name_inferred: true, ..: lib_target("rustc_trait_selection", ["lib"], "/Users/girivs/src/rust-tantraos/compiler/rustc_trait_selection/src/lib.rs", Edition2024) }
   0.252216459s  INFO prepare_target{force=false package_id=rustc_trait_selection v0.0.0 (/Users/girivs/src/rust-tantraos/compiler/rustc_trait_selection) target="rustc_trait_selection"}: cargo::core::compiler::fingerprint:     dirty: FsStatusOutdated(StaleDepFingerprint { name: "rustc_transmute" })
   0.252485417s  INFO prepare_target{force=false package_id=rustc_infer v0.0.0 (/Users/girivs/src/rust-tantraos/compiler/rustc_infer) target="rustc_infer"}: cargo::core::compiler::fingerprint: fingerprint dirty for rustc_infer v0.0.0 (/Users/girivs/src/rust-tantraos/compiler/rustc_infer)/Build/TargetInner { name_inferred: true, doctest: false, ..: lib_target("rustc_infer", ["lib"], "/Users/girivs/src/rust-tantraos/compiler/rustc_infer/src/lib.rs", Edition2024) }
   0.252488125s  INFO prepare_target{force=false package_id=rustc_infer v0.0.0 (/Users/girivs/src/rust-tantraos/compiler/rustc_infer) target="rustc_infer"}: cargo::core::compiler::fingerprint:     dirty: FsStatusOutdated(StaleDepFingerprint { name: "rustc_hir" })
   0.252836834s  INFO prepare_target{force=false package_id=rustc_transmute v0.0.0 (/Users/girivs/src/rust-tantraos/compiler/rustc_transmute) target="rustc_transmute"}: cargo::core::compiler::fingerprint: fingerprint dirty for rustc_transmute v0.0.0 (/Users/girivs/src/rust-tantraos/compiler/rustc_transmute)/Build/TargetInner { name_inferred: true, ..: lib_target("rustc_transmute", ["lib"], "/Users/girivs/src/rust-tantraos/compiler/rustc_transmute/src/lib.rs", Edition2024) }
   0.252839542s  INFO prepare_target{force=false package_id=rustc_transmute v0.0.0 (/Users/girivs/src/rust-tantraos/compiler/rustc_transmute) target="rustc_transmute"}: cargo::core::compiler::fingerprint:     dirty: FsStatusOutdated(StaleDepFingerprint { name: "rustc_hir" })
   0.255651875s  INFO prepare_target{force=false package_id=rustc_driver v0.0.0 (/Users/girivs/src/rust-tantraos/compiler/rustc_driver) target="rustc_driver"}: cargo::core::compiler::fingerprint: fingerprint dirty for rustc_driver v0.0.0 (/Users/girivs/src/rust-tantraos/compiler/rustc_driver)/Build/TargetInner { name_inferred: true, ..: lib_target("rustc_driver", ["dylib"], "/Users/girivs/src/rust-tantraos/compiler/rustc_driver/src/lib.rs", Edition2024) }
   0.255655167s  INFO prepare_target{force=false package_id=rustc_driver v0.0.0 (/Users/girivs/src/rust-tantraos/compiler/rustc_driver) target="rustc_driver"}: cargo::core::compiler::fingerprint:     dirty: FsStatusOutdated(StaleDepFingerprint { name: "rustc_driver_impl" })
   0.256590542s  INFO prepare_target{force=false package_id=rustc_driver_impl v0.0.0 (/Users/girivs/src/rust-tantraos/compiler/rustc_driver_impl) target="rustc_driver_impl"}: cargo::core::compiler::fingerprint: fingerprint dirty for rustc_driver_impl v0.0.0 (/Users/girivs/src/rust-tantraos/compiler/rustc_driver_impl)/Build/TargetInner { name_inferred: true, ..: lib_target("rustc_driver_impl", ["lib"], "/Users/girivs/src/rust-tantraos/compiler/rustc_driver_impl/src/lib.rs", Edition2024) }
   0.256593459s  INFO prepare_target{force=false package_id=rustc_driver_impl v0.0.0 (/Users/girivs/src/rust-tantraos/compiler/rustc_driver_impl) target="rustc_driver_impl"}: cargo::core::compiler::fingerprint:     dirty: FsStatusOutdated(StaleDepFingerprint { name: "rustc_passes" })
   0.257963000s  INFO prepare_target{force=false package_id=rustc_ast_lowering v0.0.0 (/Users/girivs/src/rust-tantraos/compiler/rustc_ast_lowering) target="rustc_ast_lowering"}: cargo::core::compiler::fingerprint: fingerprint dirty for rustc_ast_lowering v0.0.0 (/Users/girivs/src/rust-tantraos/compiler/rustc_ast_lowering)/Build/TargetInner { name_inferred: true, doctest: false, ..: lib_target("rustc_ast_lowering", ["lib"], "/Users/girivs/src/rust-tantraos/compiler/rustc_ast_lowering/src/lib.rs", Edition2024) }
   0.257965792s  INFO prepare_target{force=false package_id=rustc_ast_lowering v0.0.0 (/Users/girivs/src/rust-tantraos/compiler/rustc_ast_lowering) target="rustc_ast_lowering"}: cargo::core::compiler::fingerprint:     dirty: FsStatusOutdated(StaleDepFingerprint { name: "rustc_target" })
   0.258377667s  INFO prepare_target{force=false package_id=rustc_borrowck v0.0.0 (/Users/girivs/src/rust-tantraos/compiler/rustc_borrowck) target="rustc_borrowck"}: cargo::core::compiler::fingerprint: fingerprint dirty for rustc_borrowck v0.0.0 (/Users/girivs/src/rust-tantraos/compiler/rustc_borrowck)/Build/TargetInner { name_inferred: true, ..: lib_target("rustc_borrowck", ["lib"], "/Users/girivs/src/rust-tantraos/compiler/rustc_borrowck/src/lib.rs", Edition2024) }
   0.258380584s  INFO prepare_target{force=false package_id=rustc_borrowck v0.0.0 (/Users/girivs/src/rust-tantraos/compiler/rustc_borrowck) target="rustc_borrowck"}: cargo::core::compiler::fingerprint:     dirty: FsStatusOutdated(StaleDepFingerprint { name: "rustc_session" })
   0.258669875s  INFO prepare_target{force=false package_id=rustc_mir_dataflow v0.0.0 (/Users/girivs/src/rust-tantraos/compiler/rustc_mir_dataflow) target="rustc_mir_dataflow"}: cargo::core::compiler::fingerprint: fingerprint dirty for rustc_mir_dataflow v0.0.0 (/Users/girivs/src/rust-tantraos/compiler/rustc_mir_dataflow)/Build/TargetInner { name_inferred: true, ..: lib_target("rustc_mir_dataflow", ["lib"], "/Users/girivs/src/rust-tantraos/compiler/rustc_mir_dataflow/src/lib.rs", Edition2024) }
   0.258672834s  INFO prepare_target{force=false package_id=rustc_mir_dataflow v0.0.0 (/Users/girivs/src/rust-tantraos/compiler/rustc_mir_dataflow) target="rustc_mir_dataflow"}: cargo::core::compiler::fingerprint:     dirty: FsStatusOutdated(StaleDepFingerprint { name: "rustc_middle" })
   0.258930792s  INFO prepare_target{force=false package_id=rustc_traits v0.0.0 (/Users/girivs/src/rust-tantraos/compiler/rustc_traits) target="rustc_traits"}: cargo::core::compiler::fingerprint: fingerprint dirty for rustc_traits v0.0.0 (/Users/girivs/src/rust-tantraos/compiler/rustc_traits)/Build/TargetInner { name_inferred: true, ..: lib_target("rustc_traits", ["lib"], "/Users/girivs/src/rust-tantraos/compiler/rustc_traits/src/lib.rs", Edition2024) }
   0.258933459s  INFO prepare_target{force=false package_id=rustc_traits v0.0.0 (/Users/girivs/src/rust-tantraos/compiler/rustc_traits) target="rustc_traits"}: cargo::core::compiler::fingerprint:     dirty: FsStatusOutdated(StaleDepFingerprint { name: "rustc_trait_selection" })
   0.259195500s  INFO prepare_target{force=false package_id=rustc_builtin_macros v0.0.0 (/Users/girivs/src/rust-tantraos/compiler/rustc_builtin_macros) target="rustc_builtin_macros"}: cargo::core::compiler::fingerprint: fingerprint dirty for rustc_builtin_macros v0.0.0 (/Users/girivs/src/rust-tantraos/compiler/rustc_builtin_macros)/Build/TargetInner { name_inferred: true, doctest: false, ..: lib_target("rustc_builtin_macros", ["lib"], "/Users/girivs/src/rust-tantraos/compiler/rustc_builtin_macros/src/lib.rs", Edition2024) }
   0.259198667s  INFO prepare_target{force=false package_id=rustc_builtin_macros v0.0.0 (/Users/girivs/src/rust-tantraos/compiler/rustc_builtin_macros) target="rustc_builtin_macros"}: cargo::core::compiler::fingerprint:     dirty: FsStatusOutdated(StaleDepFingerprint { name: "rustc_target" })
   0.259466000s  INFO prepare_target{force=false package_id=rustc_const_eval v0.0.0 (/Users/girivs/src/rust-tantraos/compiler/rustc_const_eval) target="rustc_const_eval"}: cargo::core::compiler::fingerprint: fingerprint dirty for rustc_const_eval v0.0.0 (/Users/girivs/src/rust-tantraos/compiler/rustc_const_eval)/Build/TargetInner { name_inferred: true, ..: lib_target("rustc_const_eval", ["lib"], "/Users/girivs/src/rust-tantraos/compiler/rustc_const_eval/src/lib.rs", Edition2024) }
   0.259468792s  INFO prepare_target{force=false package_id=rustc_const_eval v0.0.0 (/Users/girivs/src/rust-tantraos/compiler/rustc_const_eval) target="rustc_const_eval"}: cargo::core::compiler::fingerprint:     dirty: FsStatusOutdated(StaleDepFingerprint { name: "rustc_target" })
   0.259751750s  INFO prepare_target{force=false package_id=rustc_hir_analysis v0.0.0 (/Users/girivs/src/rust-tantraos/compiler/rustc_hir_analysis) target="rustc_hir_analysis"}: cargo::core::compiler::fingerprint: fingerprint dirty for rustc_hir_analysis v0.0.0 (/Users/girivs/src/rust-tantraos/compiler/rustc_hir_analysis)/Build/TargetInner { name_inferred: true, tested: false, doctest: false, ..: lib_target("rustc_hir_analysis", ["lib"], "/Users/girivs/src/rust-tantraos/compiler/rustc_hir_analysis/src/lib.rs", Edition2024) }
   0.259757584s  INFO prepare_target{force=false package_id=rustc_hir_analysis v0.0.0 (/Users/girivs/src/rust-tantraos/compiler/rustc_hir_analysis) target="rustc_hir_analysis"}: cargo::core::compiler::fingerprint:     dirty: FsStatusOutdated(StaleDepFingerprint { name: "rustc_target" })
   0.260029042s  INFO prepare_target{force=false package_id=rustc_hir_typeck v0.0.0 (/Users/girivs/src/rust-tantraos/compiler/rustc_hir_typeck) target="rustc_hir_typeck"}: cargo::core::compiler::fingerprint: fingerprint dirty for rustc_hir_typeck v0.0.0 (/Users/girivs/src/rust-tantraos/compiler/rustc_hir_typeck)/Build/TargetInner { name_inferred: true, ..: lib_target("rustc_hir_typeck", ["lib"], "/Users/girivs/src/rust-tantraos/compiler/rustc_hir_typeck/src/lib.rs", Edition2024) }
   0.260032917s  INFO prepare_target{force=false package_id=rustc_hir_typeck v0.0.0 (/Users/girivs/src/rust-tantraos/compiler/rustc_hir_typeck) target="rustc_hir_typeck"}: cargo::core::compiler::fingerprint:     dirty: FsStatusOutdated(StaleDepFingerprint { name: "rustc_target" })
   0.260331709s  INFO prepare_target{force=false package_id=rustc_lint v0.0.0 (/Users/girivs/src/rust-tantraos/compiler/rustc_lint) target="rustc_lint"}: cargo::core::compiler::fingerprint: fingerprint dirty for rustc_lint v0.0.0 (/Users/girivs/src/rust-tantraos/compiler/rustc_lint)/Build/TargetInner { name_inferred: true, ..: lib_target("rustc_lint", ["lib"], "/Users/girivs/src/rust-tantraos/compiler/rustc_lint/src/lib.rs", Edition2024) }
   0.260335167s  INFO prepare_target{force=false package_id=rustc_lint v0.0.0 (/Users/girivs/src/rust-tantraos/compiler/rustc_lint) target="rustc_lint"}: cargo::core::compiler::fingerprint:     dirty: FsStatusOutdated(StaleDepFingerprint { name: "rustc_target" })
   0.260871667s  INFO prepare_target{force=false package_id=rustc_interface v0.0.0 (/Users/girivs/src/rust-tantraos/compiler/rustc_interface) target="rustc_interface"}: cargo::core::compiler::fingerprint: fingerprint dirty for rustc_interface v0.0.0 (/Users/girivs/src/rust-tantraos/compiler/rustc_interface)/Build/TargetInner { name_inferred: true, ..: lib_target("rustc_interface", ["lib"], "/Users/girivs/src/rust-tantraos/compiler/rustc_interface/src/lib.rs", Edition2024) }
   0.260874667s  INFO prepare_target{force=false package_id=rustc_interface v0.0.0 (/Users/girivs/src/rust-tantraos/compiler/rustc_interface) target="rustc_interface"}: cargo::core::compiler::fingerprint:     dirty: FsStatusOutdated(StaleDepFingerprint { name: "rustc_passes" })
   0.261240667s  INFO prepare_target{force=false package_id=rustc_codegen_llvm v0.0.0 (/Users/girivs/src/rust-tantraos/compiler/rustc_codegen_llvm) target="rustc_codegen_llvm"}: cargo::core::compiler::fingerprint: fingerprint dirty for rustc_codegen_llvm v0.0.0 (/Users/girivs/src/rust-tantraos/compiler/rustc_codegen_llvm)/Build/TargetInner { name_inferred: true, tested: false, ..: lib_target("rustc_codegen_llvm", ["lib"], "/Users/girivs/src/rust-tantraos/compiler/rustc_codegen_llvm/src/lib.rs", Edition2024) }
   0.261243500s  INFO prepare_target{force=false package_id=rustc_codegen_llvm v0.0.0 (/Users/girivs/src/rust-tantraos/compiler/rustc_codegen_llvm) target="rustc_codegen_llvm"}: cargo::core::compiler::fingerprint:     dirty: FsStatusOutdated(StaleDepFingerprint { name: "rustc_sanitizers" })
   0.262059542s  INFO prepare_target{force=false package_id=rustc_sanitizers v0.0.0 (/Users/girivs/src/rust-tantraos/compiler/rustc_sanitizers) target="rustc_sanitizers"}: cargo::core::compiler::fingerprint: fingerprint dirty for rustc_sanitizers v0.0.0 (/Users/girivs/src/rust-tantraos/compiler/rustc_sanitizers)/Build/TargetInner { name_inferred: true, ..: lib_target("rustc_sanitizers", ["lib"], "/Users/girivs/src/rust-tantraos/compiler/rustc_sanitizers/src/lib.rs", Edition2024) }
   0.262062834s  INFO prepare_target{force=false package_id=rustc_sanitizers v0.0.0 (/Users/girivs/src/rust-tantraos/compiler/rustc_sanitizers) target="rustc_sanitizers"}: cargo::core::compiler::fingerprint:     dirty: FsStatusOutdated(StaleDepFingerprint { name: "rustc_target" })
   0.262325084s  INFO prepare_target{force=false package_id=rustc_mir_build v0.0.0 (/Users/girivs/src/rust-tantraos/compiler/rustc_mir_build) target="rustc_mir_build"}: cargo::core::compiler::fingerprint: fingerprint dirty for rustc_mir_build v0.0.0 (/Users/girivs/src/rust-tantraos/compiler/rustc_mir_build)/Build/TargetInner { name_inferred: true, ..: lib_target("rustc_mir_build", ["lib"], "/Users/girivs/src/rust-tantraos/compiler/rustc_mir_build/src/lib.rs", Edition2024) }
   0.262327625s  INFO prepare_target{force=false package_id=rustc_mir_build v0.0.0 (/Users/girivs/src/rust-tantraos/compiler/rustc_mir_build) target="rustc_mir_build"}: cargo::core::compiler::fingerprint:     dirty: FsStatusOutdated(StaleDepFingerprint { name: "rustc_lint" })
   0.262591750s  INFO prepare_target{force=false package_id=rustc_pattern_analysis v0.0.0 (/Users/girivs/src/rust-tantraos/compiler/rustc_pattern_analysis) target="rustc_pattern_analysis"}: cargo::core::compiler::fingerprint: fingerprint dirty for rustc_pattern_analysis v0.0.0 (/Users/girivs/src/rust-tantraos/compiler/rustc_pattern_analysis)/Build/TargetInner { name_inferred: true, ..: lib_target("rustc_pattern_analysis", ["lib"], "/Users/girivs/src/rust-tantraos/compiler/rustc_pattern_analysis/src/lib.rs", Edition2024) }
   0.262594875s  INFO prepare_target{force=false package_id=rustc_pattern_analysis v0.0.0 (/Users/girivs/src/rust-tantraos/compiler/rustc_pattern_analysis) target="rustc_pattern_analysis"}: cargo::core::compiler::fingerprint:     dirty: FsStatusOutdated(StaleDepFingerprint { name: "rustc_session" })
   0.262847542s  INFO prepare_target{force=false package_id=rustc_mir_transform v0.0.0 (/Users/girivs/src/rust-tantraos/compiler/rustc_mir_transform) target="rustc_mir_transform"}: cargo::core::compiler::fingerprint: fingerprint dirty for rustc_mir_transform v0.0.0 (/Users/girivs/src/rust-tantraos/compiler/rustc_mir_transform)/Build/TargetInner { name_inferred: true, ..: lib_target("rustc_mir_transform", ["lib"], "/Users/girivs/src/rust-tantraos/compiler/rustc_mir_transform/src/lib.rs", Edition2024) }
   0.262850167s  INFO prepare_target{force=false package_id=rustc_mir_transform v0.0.0 (/Users/girivs/src/rust-tantraos/compiler/rustc_mir_transform) target="rustc_mir_transform"}: cargo::core::compiler::fingerprint:     dirty: FsStatusOutdated(StaleDepFingerprint { name: "rustc_target" })
   0.263113459s  INFO prepare_target{force=false package_id=rustc_monomorphize v0.0.0 (/Users/girivs/src/rust-tantraos/compiler/rustc_monomorphize) target="rustc_monomorphize"}: cargo::core::compiler::fingerprint: fingerprint dirty for rustc_monomorphize v0.0.0 (/Users/girivs/src/rust-tantraos/compiler/rustc_monomorphize)/Build/TargetInner { name_inferred: true, ..: lib_target("rustc_monomorphize", ["lib"], "/Users/girivs/src/rust-tantraos/compiler/rustc_monomorphize/src/lib.rs", Edition2024) }
   0.263115875s  INFO prepare_target{force=false package_id=rustc_monomorphize v0.0.0 (/Users/girivs/src/rust-tantraos/compiler/rustc_monomorphize) target="rustc_monomorphize"}: cargo::core::compiler::fingerprint:     dirty: FsStatusOutdated(StaleDepFingerprint { name: "rustc_target" })
   0.263361959s  INFO prepare_target{force=false package_id=rustc_passes v0.0.0 (/Users/girivs/src/rust-tantraos/compiler/rustc_passes) target="rustc_passes"}: cargo::core::compiler::fingerprint: fingerprint dirty for rustc_passes v0.0.0 (/Users/girivs/src/rust-tantraos/compiler/rustc_passes)/Build/TargetInner { name_inferred: true, ..: lib_target("rustc_passes", ["lib"], "/Users/girivs/src/rust-tantraos/compiler/rustc_passes/src/lib.rs", Edition2024) }
   0.263364584s  INFO prepare_target{force=false package_id=rustc_passes v0.0.0 (/Users/girivs/src/rust-tantraos/compiler/rustc_passes) target="rustc_passes"}: cargo::core::compiler::fingerprint:     dirty: FsStatusOutdated(StaleDepFingerprint { name: "rustc_target" })
   0.263623250s  INFO prepare_target{force=false package_id=rustc_privacy v0.0.0 (/Users/girivs/src/rust-tantraos/compiler/rustc_privacy) target="rustc_privacy"}: cargo::core::compiler::fingerprint: fingerprint dirty for rustc_privacy v0.0.0 (/Users/girivs/src/rust-tantraos/compiler/rustc_privacy)/Build/TargetInner { name_inferred: true, ..: lib_target("rustc_privacy", ["lib"], "/Users/girivs/src/rust-tantraos/compiler/rustc_privacy/src/lib.rs", Edition2024) }
   0.263625834s  INFO prepare_target{force=false package_id=rustc_privacy v0.0.0 (/Users/girivs/src/rust-tantraos/compiler/rustc_privacy) target="rustc_privacy"}: cargo::core::compiler::fingerprint:     dirty: FsStatusOutdated(StaleDepFingerprint { name: "rustc_session" })
   0.263867292s  INFO prepare_target{force=false package_id=rustc_ty_utils v0.0.0 (/Users/girivs/src/rust-tantraos/compiler/rustc_ty_utils) target="rustc_ty_utils"}: cargo::core::compiler::fingerprint: fingerprint dirty for rustc_ty_utils v0.0.0 (/Users/girivs/src/rust-tantraos/compiler/rustc_ty_utils)/Build/TargetInner { name_inferred: true, ..: lib_target("rustc_ty_utils", ["lib"], "/Users/girivs/src/rust-tantraos/compiler/rustc_ty_utils/src/lib.rs", Edition2024) }
   0.263869750s  INFO prepare_target{force=false package_id=rustc_ty_utils v0.0.0 (/Users/girivs/src/rust-tantraos/compiler/rustc_ty_utils) target="rustc_ty_utils"}: cargo::core::compiler::fingerprint:     dirty: FsStatusOutdated(StaleDepFingerprint { name: "rustc_target" })
   0.264114459s  INFO prepare_target{force=false package_id=rustc_query_impl v0.0.0 (/Users/girivs/src/rust-tantraos/compiler/rustc_query_impl) target="rustc_query_impl"}: cargo::core::compiler::fingerprint: fingerprint dirty for rustc_query_impl v0.0.0 (/Users/girivs/src/rust-tantraos/compiler/rustc_query_impl)/Build/TargetInner { name_inferred: true, ..: lib_target("rustc_query_impl", ["lib"], "/Users/girivs/src/rust-tantraos/compiler/rustc_query_impl/src/lib.rs", Edition2024) }
   0.264116834s  INFO prepare_target{force=false package_id=rustc_query_impl v0.0.0 (/Users/girivs/src/rust-tantraos/compiler/rustc_query_impl) target="rustc_query_impl"}: cargo::core::compiler::fingerprint:     dirty: FsStatusOutdated(StaleDepFingerprint { name: "rustc_hir" })
   0.264362542s  INFO prepare_target{force=false package_id=rustc_resolve v0.0.0 (/Users/girivs/src/rust-tantraos/compiler/rustc_resolve) target="rustc_resolve"}: cargo::core::compiler::fingerprint: fingerprint dirty for rustc_resolve v0.0.0 (/Users/girivs/src/rust-tantraos/compiler/rustc_resolve)/Build/TargetInner { name_inferred: true, ..: lib_target("rustc_resolve", ["lib"], "/Users/girivs/src/rust-tantraos/compiler/rustc_resolve/src/lib.rs", Edition2024) }
   0.264365000s  INFO prepare_target{force=false package_id=rustc_resolve v0.0.0 (/Users/girivs/src/rust-tantraos/compiler/rustc_resolve) target="rustc_resolve"}: cargo::core::compiler::fingerprint:     dirty: FsStatusOutdated(StaleDepFingerprint { name: "rustc_feature" })
   0.266487209s  INFO prepare_target{force=false package_id=rustc_public v0.1.0-preview (/Users/girivs/src/rust-tantraos/compiler/rustc_public) target="rustc_public"}: cargo::core::compiler::fingerprint: fingerprint dirty for rustc_public v0.1.0-preview (/Users/girivs/src/rust-tantraos/compiler/rustc_public)/Build/TargetInner { name_inferred: true, ..: lib_target("rustc_public", ["lib"], "/Users/girivs/src/rust-tantraos/compiler/rustc_public/src/lib.rs", Edition2024) }
   0.266490084s  INFO prepare_target{force=false package_id=rustc_public v0.1.0-preview (/Users/girivs/src/rust-tantraos/compiler/rustc_public) target="rustc_public"}: cargo::core::compiler::fingerprint:     dirty: FsStatusOutdated(StaleDepFingerprint { name: "rustc_target" })
   0.266740167s  INFO prepare_target{force=false package_id=rustc_public_bridge v0.0.0 (/Users/girivs/src/rust-tantraos/compiler/rustc_public_bridge) target="rustc_public_bridge"}: cargo::core::compiler::fingerprint: fingerprint dirty for rustc_public_bridge v0.0.0 (/Users/girivs/src/rust-tantraos/compiler/rustc_public_bridge)/Build/TargetInner { name_inferred: true, ..: lib_target("rustc_public_bridge", ["lib"], "/Users/girivs/src/rust-tantraos/compiler/rustc_public_bridge/src/lib.rs", Edition2024) }
   0.266742875s  INFO prepare_target{force=false package_id=rustc_public_bridge v0.0.0 (/Users/girivs/src/rust-tantraos/compiler/rustc_public_bridge) target="rustc_public_bridge"}: cargo::core::compiler::fingerprint:     dirty: FsStatusOutdated(StaleDepFingerprint { name: "rustc_target" })
       Fresh unicode-ident v1.0.18
       Fresh cfg-if v1.0.1
       Fresh stable_deref_trait v1.2.0
       Fresh bitflags v2.9.3
       Fresh proc-macro2 v1.0.101
       Fresh equivalent v1.0.2
       Fresh foldhash v0.1.5
       Fresh once_cell v1.21.3
       Fresh allocator-api2 v0.2.21
       Fresh version_check v0.9.5
       Fresh quote v1.0.40
       Fresh libc v0.2.174
       Fresh proc-macro-hack v0.5.20+deprecated
       Fresh hashbrown v0.15.5
       Fresh autocfg v1.5.0
       Fresh tracing-core v0.1.34
       Fresh syn v2.0.106
       Fresh indexmap v2.10.0
       Fresh getrandom v0.3.3
       Fresh scopeguard v1.2.0
       Fresh log v0.4.27
       Fresh synstructure v0.13.2
       Fresh displaydoc v0.2.5
       Fresh zerovec-derive v0.11.1
       Fresh typenum v1.18.0
       Fresh parking_lot_core v0.9.11
       Fresh tracing-attributes v0.1.30
       Fresh pin-project-lite v0.2.16
       Fresh zerofrom-derive v0.1.6
       Fresh yoke-derive v0.8.0
       Fresh generic-array v0.14.7
       Fresh lock_api v0.4.13
       Fresh tracing v0.1.41
       Fresh crossbeam-utils v0.8.21
       Fresh errno v0.3.13
       Fresh zerofrom v0.1.6
       Fresh parking_lot v0.12.4
       Fresh crypto-common v0.1.6
       Fresh block-buffer v0.10.4
       Fresh rustc-stable-hash v0.1.2
       Fresh yoke v0.8.0
       Fresh unic-langid-macros-impl v0.9.6
       Fresh rustc_hashes v0.0.0 (/Users/girivs/src/rust-tantraos/compiler/rustc_hashes)
       Fresh digest v0.10.7
       Fresh rustix v1.0.8
       Fresh crossbeam-epoch v0.9.18
       Fresh aho-corasick v1.1.3
       Fresh regex-syntax v0.8.5
       Fresh zerovec v0.11.4
       Fresh fastrand v2.3.0
       Fresh itoa v1.0.15
       Fresh thin-vec v0.2.14
       Fresh rustc-hash v1.1.0
       Fresh rustc_macros v0.0.0 (/Users/girivs/src/rust-tantraos/compiler/rustc_macros)
       Fresh crossbeam-deque v0.8.6
       Fresh regex-automata v0.4.9
       Fresh psm v0.1.26
       Fresh tinystr v0.8.1
       Fresh tempfile v3.20.0
       Fresh rustc_serialize v0.0.0 (/Users/girivs/src/rust-tantraos/compiler/rustc_serialize)
       Fresh thiserror-impl v2.0.15
       Fresh rustc_index_macros v0.0.0 (/Users/girivs/src/rust-tantraos/compiler/rustc_index_macros)
       Fresh cpufeatures v0.2.17
       Fresh either v1.15.0
       Fresh arrayvec v0.7.6
       Fresh rustc_index v0.0.0 (/Users/girivs/src/rust-tantraos/compiler/rustc_index)
       Fresh unic-langid-impl v0.9.6
       Fresh stacker v0.1.21
       Fresh measureme v12.0.3
       Fresh rustc_thread_pool v0.0.0 (/Users/girivs/src/rust-tantraos/compiler/rustc_thread_pool)
       Fresh ena v0.14.3
       Fresh jobserver v0.1.33
       Fresh memmap2 v0.2.3
       Fresh elsa v1.11.2
       Fresh rustc_arena v0.0.0 (/Users/girivs/src/rust-tantraos/compiler/rustc_arena)
       Fresh rustc_graphviz v0.0.0 (/Users/girivs/src/rust-tantraos/compiler/rustc_graphviz)
       Fresh arrayref v0.3.9
       Fresh constant_time_eq v0.3.1
       Fresh zerocopy v0.8.26
       Fresh sha2 v0.10.9
       Fresh sha1 v0.10.6
       Fresh rustc_data_structures v0.0.0 (/Users/girivs/src/rust-tantraos/compiler/rustc_data_structures)
       Fresh blake3 v1.8.2
       Fresh md-5 v0.10.6
       Fresh derive-where v1.6.0
       Fresh litemap v0.8.0
       Fresh writeable v0.6.1
       Fresh scoped-tls v1.0.1
       Fresh ppv-lite86 v0.2.21
       Fresh zerotrie v0.2.2
       Fresh icu_locale_core v2.0.0
       Fresh rustc_span v0.0.0 (/Users/girivs/src/rust-tantraos/compiler/rustc_span)
       Fresh rustc-literal-escaper v0.0.5
       Fresh potential_utf v0.1.2
       Fresh unicode-properties v0.1.3
       Fresh unicode-xid v0.2.6
       Fresh icu_provider v2.0.0
       Fresh icu_collections v2.0.0
       Fresh rustc_ast_ir v0.0.0 (/Users/girivs/src/rust-tantraos/compiler/rustc_ast_ir)
       Fresh rustc_lexer v0.0.0 (/Users/girivs/src/rust-tantraos/compiler/rustc_lexer)
       Fresh icu_locale_data v2.0.0
       Fresh rustc_ast v0.0.0 (/Users/girivs/src/rust-tantraos/compiler/rustc_ast)
       Fresh icu_list v2.0.0
       Fresh itertools v0.12.1
       Fresh serde_derive v1.0.219
       Fresh rand_core v0.9.3
       Fresh icu_locale v2.0.0
       Fresh serde v1.0.219
       Fresh rustc_ast_pretty v0.0.0 (/Users/girivs/src/rust-tantraos/compiler/rustc_ast_pretty)
       Fresh rand_chacha v0.9.0
       Fresh unic-langid-macros v0.9.6
       Fresh rustc_baked_icu_data v0.0.0 (/Users/girivs/src/rust-tantraos/compiler/rustc_baked_icu_data)
       Fresh crc32fast v1.5.0
       Fresh ryu v1.0.20
       Fresh unic-langid v0.9.6
       Fresh rand v0.9.2
       Fresh rand_xoshiro v0.7.0
       Fresh serde_derive_internals v0.29.1
       Fresh rustc_error_messages v0.0.0 (/Users/girivs/src/rust-tantraos/compiler/rustc_error_messages)
       Fresh serde_json v1.0.142
       Fresh wasmparser v0.236.1
       Fresh ref-cast-impl v1.0.24
       Fresh schemars_derive v1.0.4
       Fresh rustc_hir_id v0.0.0 (/Users/girivs/src/rust-tantraos/compiler/rustc_hir_id)
       Fresh fnv v1.0.7
       Fresh rustc-hash v2.1.1
       Fresh rustc_abi v0.0.0 (/Users/girivs/src/rust-tantraos/compiler/rustc_abi)
       Fresh object v0.37.3
       Fresh ref-cast v1.0.24
       Fresh ident_case v1.0.1
       Fresh dyn-clone v1.0.19
       Fresh strsim v0.11.1
       Fresh thiserror v2.0.15
       Fresh type-map v0.5.1
       Fresh serde_path_to_error v0.1.17
       Fresh rustc_fs_util v0.0.0 (/Users/girivs/src/rust-tantraos/compiler/rustc_fs_util)
       Fresh schemars v1.0.4
       Fresh darling_core v0.20.11
       Fresh memchr v2.7.5
       Fresh intl-memoizer v0.5.3
       Fresh intl_pluralrules v7.0.2
       Fresh fluent-langneg v0.13.0
       Fresh odht v0.3.1
       Fresh smallvec v1.15.1
       Fresh self_cell v1.2.0
       Dirty rustc_target v0.0.0 (/Users/girivs/src/rust-tantraos/compiler/rustc_target): the file `compiler/rustc_target/src/spec/targets/aarch64_tantraos.rs` has changed (1758008033.342293613s, 5m 34s after last build at 1758007699.238833704s)
   Compiling rustc_target v0.0.0 (/Users/girivs/src/rust-tantraos/compiler/rustc_target)
       Fresh fluent-syntax v0.12.0
       Fresh darling_macro v0.20.11
       Fresh unicode-width v0.2.1
       Fresh anstyle v1.0.11
       Fresh rustc_lint_defs v0.0.0 (/Users/girivs/src/rust-tantraos/compiler/rustc_lint_defs)
       Fresh termize v0.2.0
       Fresh termcolor v1.4.1
       Fresh rustc_error_codes v0.0.0 (/Users/girivs/src/rust-tantraos/compiler/rustc_error_codes)
       Fresh getopts v0.2.24
     Running `/Users/girivs/src/rust-tantraos/build/bootstrap/debug/rustc /Users/girivs/src/rust-tantraos/build/bootstrap/debug/rustc --crate-name rustc_target --edition=2024 compiler/rustc_target/src/lib.rs --error-format=json --json=diagnostic-rendered-ansi,artifacts,future-incompat --crate-type lib --emit=dep-info,metadata,link -C embed-bitcode=no -C codegen-units=16 -C debug-assertions=off --check-cfg 'cfg(docsrs,test)' --check-cfg 'cfg(feature, values())' -C metadata=f2c6f19f26442bd0 -C extra-filename=-35cf86096f412775 --out-dir /Users/girivs/src/rust-tantraos/build/aarch64-apple-darwin/stage1-rustc/aarch64-apple-darwin/debug/deps --target aarch64-apple-darwin -L dependency=/Users/girivs/src/rust-tantraos/build/aarch64-apple-darwin/stage1-rustc/aarch64-apple-darwin/debug/deps -L dependency=/Users/girivs/src/rust-tantraos/build/aarch64-apple-darwin/stage1-rustc/debug/deps --extern bitflags=/Users/girivs/src/rust-tantraos/build/aarch64-apple-darwin/stage1-rustc/aarch64-apple-darwin/debug/deps/libbitflags-135f596f25eed33e.rmeta --extern object=/Users/girivs/src/rust-tantraos/build/aarch64-apple-darwin/stage1-rustc/aarch64-apple-darwin/debug/deps/libobject-e37ebecb3728463b.rmeta --extern rustc_abi=/Users/girivs/src/rust-tantraos/build/aarch64-apple-darwin/stage1-rustc/aarch64-apple-darwin/debug/deps/librustc_abi-09e488c880f2e0a3.rmeta --extern rustc_data_structures=/Users/girivs/src/rust-tantraos/build/aarch64-apple-darwin/stage1-rustc/aarch64-apple-darwin/debug/deps/librustc_data_structures-53324afa57622985.rmeta --extern rustc_error_messages=/Users/girivs/src/rust-tantraos/build/aarch64-apple-darwin/stage1-rustc/aarch64-apple-darwin/debug/deps/librustc_error_messages-0036603d8f3b4898.rmeta --extern rustc_fs_util=/Users/girivs/src/rust-tantraos/build/aarch64-apple-darwin/stage1-rustc/aarch64-apple-darwin/debug/deps/librustc_fs_util-15cace19e9869a25.rmeta --extern rustc_macros=/Users/girivs/src/rust-tantraos/build/aarch64-apple-darwin/stage1-rustc/debug/deps/librustc_macros-82fd4294dca5b57c.dylib --extern rustc_serialize=/Users/girivs/src/rust-tantraos/build/aarch64-apple-darwin/stage1-rustc/aarch64-apple-darwin/debug/deps/librustc_serialize-5a0faa3d5df4fc89.rmeta --extern rustc_span=/Users/girivs/src/rust-tantraos/build/aarch64-apple-darwin/stage1-rustc/aarch64-apple-darwin/debug/deps/librustc_span-d6bec53b237ec4c4.rmeta --extern schemars=/Users/girivs/src/rust-tantraos/build/aarch64-apple-darwin/stage1-rustc/aarch64-apple-darwin/debug/deps/libschemars-f93c8be56e9f69f4.rmeta --extern serde=/Users/girivs/src/rust-tantraos/build/aarch64-apple-darwin/stage1-rustc/aarch64-apple-darwin/debug/deps/libserde-2bd80ce89840e1ef.rmeta --extern serde_derive=/Users/girivs/src/rust-tantraos/build/aarch64-apple-darwin/stage1-rustc/debug/deps/libserde_derive-f921f5e53fe61646.dylib --extern serde_json=/Users/girivs/src/rust-tantraos/build/aarch64-apple-darwin/stage1-rustc/aarch64-apple-darwin/debug/deps/libserde_json-3c3126d7da243026.rmeta --extern serde_path_to_error=/Users/girivs/src/rust-tantraos/build/aarch64-apple-darwin/stage1-rustc/aarch64-apple-darwin/debug/deps/libserde_path_to_error-6376b4ad595709ec.rmeta --extern tracing=/Users/girivs/src/rust-tantraos/build/aarch64-apple-darwin/stage1-rustc/aarch64-apple-darwin/debug/deps/libtracing-5605f2f867fad977.rmeta --cfg=bootstrap --cfg=windows_raw_dylib -Csymbol-mangling-version=v0 -Zunstable-options '--check-cfg=cfg(bootstrap)' '--check-cfg=cfg(llvm_enzyme)' -Zmacro-backtrace -Csplit-debuginfo=unpacked -Zosx-rpath-install-name '-Clink-args=-Wl,-rpath,@loader_path/../lib' -Alinker-messages -Zon-broken-pipe=kill -Clto=off -Z binary-dep-depinfo -L native=/Users/girivs/src/rust-tantraos/build/aarch64-apple-darwin/stage1-rustc/aarch64-apple-darwin/debug/build/psm-4644cc58932be6af/out -L native=/Users/girivs/src/rust-tantraos/build/aarch64-apple-darwin/stage1-rustc/aarch64-apple-darwin/debug/build/blake3-486d38906040b2a9/out`
       Fresh fluent-bundle v0.16.0
       Fresh darling v0.20.11
       Fresh annotate-snippets v0.11.5
       Fresh rustc_type_ir_macros v0.0.0 (/Users/girivs/src/rust-tantraos/compiler/rustc_type_ir_macros)
       Fresh datafrog v2.0.1
       Fresh gsgdt v0.1.2
       Fresh tinyvec_macros v0.1.1
       Fresh derive_setters v0.1.8
       Fresh rustc_fluent_macro v0.0.0 (/Users/girivs/src/rust-tantraos/compiler/rustc_fluent_macro)
       Fresh rustc_type_ir v0.0.0 (/Users/girivs/src/rust-tantraos/compiler/rustc_type_ir)
       Fresh polonius-engine v0.13.0
       Fresh tinyvec v1.9.0
       Fresh rustc_parse_format v0.0.0 (/Users/girivs/src/rust-tantraos/compiler/rustc_parse_format)
       Fresh getrandom v0.2.16
       Fresh regex v1.11.1
       Fresh rustc_errors v0.0.0 (/Users/girivs/src/rust-tantraos/compiler/rustc_errors)
       Fresh rustc_apfloat v0.2.3+llvm-462a31f5a5ab
       Fresh unicode-normalization v0.1.24
       Fresh rustc_next_trait_solver v0.0.0 (/Users/girivs/src/rust-tantraos/compiler/rustc_next_trait_solver)
       Fresh rand_core v0.6.4
       Fresh rustc_proc_macro v0.0.0 (/Users/girivs/src/rust-tantraos/compiler/rustc_proc_macro)
       Fresh static_assertions v1.1.0
       Fresh adler2 v2.0.1
       Fresh rand_chacha v0.3.1
       Fresh miniz_oxide v0.8.9
       Fresh unicode-script v0.5.7
       Fresh libloading v0.8.8
       Fresh fallible-iterator v0.3.0
       Fresh regex-syntax v0.6.29
       Fresh lazy_static v1.5.0
       Fresh rand v0.8.5
       Fresh unicode-security v0.1.2
       Fresh flate2 v1.1.2
       Fresh regex-automata v0.1.10
       Fresh gimli v0.31.1
       Fresh overload v0.1.1
       Fresh shlex v1.3.0
       Fresh punycode v0.4.1
       Fresh twox-hash v1.6.3
       Fresh leb128 v0.2.5
       Fresh rustc-demangle v0.1.26
       Fresh cfg_aliases v0.2.1
       Fresh nu-ansi-term v0.46.0
       Fresh matchers v0.1.0
       Fresh cc v1.2.16
       Fresh ruzstd v0.7.3
       Fresh wasm-encoder v0.219.2
       Fresh sharded-slab v0.1.7
       Fresh ar_archive_writer v0.5.1
       Fresh bstr v1.12.0
       Fresh rustc_windows_rc v0.0.0 (/Users/girivs/src/rust-tantraos/compiler/rustc_windows_rc)
       Fresh thread_local v1.1.9
       Fresh pulldown-cmark-escape v0.11.0
       Fresh object v0.36.7
       Fresh unicase v2.8.1
       Fresh pathdiff v0.2.3
       Fresh tracing-subscriber v0.3.18
       Fresh rustc_llvm v0.0.0 (/Users/girivs/src/rust-tantraos/compiler/rustc_llvm)
       Fresh tracing-log v0.2.0
       Fresh nu-ansi-term v0.50.1
       Fresh thorin-dwp v0.9.0
       Fresh pulldown-cmark v0.11.3
       Fresh tracing-tree v0.3.1
       Fresh nix v0.30.1
       Fresh jiff v0.2.15
       Fresh ctrlc v3.4.7
       Fresh rustc_log v0.0.0 (/Users/girivs/src/rust-tantraos/compiler/rustc_log)
       Dirty rustc_hir v0.0.0 (/Users/girivs/src/rust-tantraos/compiler/rustc_hir): the dependency rustc_target was rebuilt
   Compiling rustc_hir v0.0.0 (/Users/girivs/src/rust-tantraos/compiler/rustc_hir)
     Running `/Users/girivs/src/rust-tantraos/build/bootstrap/debug/rustc /Users/girivs/src/rust-tantraos/build/bootstrap/debug/rustc --crate-name rustc_hir --edition=2024 compiler/rustc_hir/src/lib.rs --error-format=json --json=diagnostic-rendered-ansi,artifacts,future-incompat --crate-type lib --emit=dep-info,metadata,link -C embed-bitcode=no -C codegen-units=16 -C debug-assertions=off --check-cfg 'cfg(docsrs,test)' --check-cfg 'cfg(feature, values())' -C metadata=774ba59de1b2491c -C extra-filename=-48fcfc8b9aa9f89a --out-dir /Users/girivs/src/rust-tantraos/build/aarch64-apple-darwin/stage1-rustc/aarch64-apple-darwin/debug/deps --target aarch64-apple-darwin -L dependency=/Users/girivs/src/rust-tantraos/build/aarch64-apple-darwin/stage1-rustc/aarch64-apple-darwin/debug/deps -L dependency=/Users/girivs/src/rust-tantraos/build/aarch64-apple-darwin/stage1-rustc/debug/deps --extern bitflags=/Users/girivs/src/rust-tantraos/build/aarch64-apple-darwin/stage1-rustc/aarch64-apple-darwin/debug/deps/libbitflags-135f596f25eed33e.rmeta --extern odht=/Users/girivs/src/rust-tantraos/build/aarch64-apple-darwin/stage1-rustc/aarch64-apple-darwin/debug/deps/libodht-940d2f0f57d1e5ed.rmeta --extern rustc_abi=/Users/girivs/src/rust-tantraos/build/aarch64-apple-darwin/stage1-rustc/aarch64-apple-darwin/debug/deps/librustc_abi-09e488c880f2e0a3.rmeta --extern rustc_arena=/Users/girivs/src/rust-tantraos/build/aarch64-apple-darwin/stage1-rustc/aarch64-apple-darwin/debug/deps/librustc_arena-82fa9f5058c00acb.rmeta --extern rustc_ast=/Users/girivs/src/rust-tantraos/build/aarch64-apple-darwin/stage1-rustc/aarch64-apple-darwin/debug/deps/librustc_ast-986d44ba93a5512b.rmeta --extern rustc_ast_pretty=/Users/girivs/src/rust-tantraos/build/aarch64-apple-darwin/stage1-rustc/aarch64-apple-darwin/debug/deps/librustc_ast_pretty-e5f9988db04cd780.rmeta --extern rustc_data_structures=/Users/girivs/src/rust-tantraos/build/aarch64-apple-darwin/stage1-rustc/aarch64-apple-darwin/debug/deps/librustc_data_structures-53324afa57622985.rmeta --extern rustc_error_messages=/Users/girivs/src/rust-tantraos/build/aarch64-apple-darwin/stage1-rustc/aarch64-apple-darwin/debug/deps/librustc_error_messages-0036603d8f3b4898.rmeta --extern rustc_hashes=/Users/girivs/src/rust-tantraos/build/aarch64-apple-darwin/stage1-rustc/aarch64-apple-darwin/debug/deps/librustc_hashes-f21b6e9214cef269.rmeta --extern rustc_hir_id=/Users/girivs/src/rust-tantraos/build/aarch64-apple-darwin/stage1-rustc/aarch64-apple-darwin/debug/deps/librustc_hir_id-51e80d0f4d037757.rmeta --extern rustc_index=/Users/girivs/src/rust-tantraos/build/aarch64-apple-darwin/stage1-rustc/aarch64-apple-darwin/debug/deps/librustc_index-2bf14f55015abfd3.rmeta --extern rustc_macros=/Users/girivs/src/rust-tantraos/build/aarch64-apple-darwin/stage1-rustc/debug/deps/librustc_macros-82fd4294dca5b57c.dylib --extern rustc_serialize=/Users/girivs/src/rust-tantraos/build/aarch64-apple-darwin/stage1-rustc/aarch64-apple-darwin/debug/deps/librustc_serialize-5a0faa3d5df4fc89.rmeta --extern rustc_span=/Users/girivs/src/rust-tantraos/build/aarch64-apple-darwin/stage1-rustc/aarch64-apple-darwin/debug/deps/librustc_span-d6bec53b237ec4c4.rmeta --extern rustc_target=/Users/girivs/src/rust-tantraos/build/aarch64-apple-darwin/stage1-rustc/aarch64-apple-darwin/debug/deps/librustc_target-35cf86096f412775.rmeta --extern smallvec=/Users/girivs/src/rust-tantraos/build/aarch64-apple-darwin/stage1-rustc/aarch64-apple-darwin/debug/deps/libsmallvec-47fd9e70f2e35cd9.rmeta --extern thin_vec=/Users/girivs/src/rust-tantraos/build/aarch64-apple-darwin/stage1-rustc/aarch64-apple-darwin/debug/deps/libthin_vec-3f8b2fc9c896cfb1.rmeta --extern tracing=/Users/girivs/src/rust-tantraos/build/aarch64-apple-darwin/stage1-rustc/aarch64-apple-darwin/debug/deps/libtracing-5605f2f867fad977.rmeta --cfg=bootstrap --cfg=windows_raw_dylib -Csymbol-mangling-version=v0 -Zunstable-options '--check-cfg=cfg(bootstrap)' '--check-cfg=cfg(llvm_enzyme)' -Zmacro-backtrace -Csplit-debuginfo=unpacked -Zosx-rpath-install-name '-Clink-args=-Wl,-rpath,@loader_path/../lib' -Alinker-messages -Zon-broken-pipe=kill -Clto=off -Z binary-dep-depinfo -L native=/Users/girivs/src/rust-tantraos/build/aarch64-apple-darwin/stage1-rustc/aarch64-apple-darwin/debug/build/psm-4644cc58932be6af/out -L native=/Users/girivs/src/rust-tantraos/build/aarch64-apple-darwin/stage1-rustc/aarch64-apple-darwin/debug/build/blake3-486d38906040b2a9/out`
       Dirty rustc_feature v0.0.0 (/Users/girivs/src/rust-tantraos/compiler/rustc_feature): the dependency rustc_hir was rebuilt
   Compiling rustc_feature v0.0.0 (/Users/girivs/src/rust-tantraos/compiler/rustc_feature)
       Dirty rustc_hir_pretty v0.0.0 (/Users/girivs/src/rust-tantraos/compiler/rustc_hir_pretty): the dependency rustc_hir was rebuilt
   Compiling rustc_hir_pretty v0.0.0 (/Users/girivs/src/rust-tantraos/compiler/rustc_hir_pretty)
     Running `/Users/girivs/src/rust-tantraos/build/bootstrap/debug/rustc /Users/girivs/src/rust-tantraos/build/bootstrap/debug/rustc --crate-name rustc_feature --edition=2024 compiler/rustc_feature/src/lib.rs --error-format=json --json=diagnostic-rendered-ansi,artifacts,future-incompat --crate-type lib --emit=dep-info,metadata,link -C embed-bitcode=no -C codegen-units=16 -C debug-assertions=off --check-cfg 'cfg(docsrs,test)' --check-cfg 'cfg(feature, values())' -C metadata=76dc59edf31bf455 -C extra-filename=-408fdd73cabbcdd5 --out-dir /Users/girivs/src/rust-tantraos/build/aarch64-apple-darwin/stage1-rustc/aarch64-apple-darwin/debug/deps --target aarch64-apple-darwin -L dependency=/Users/girivs/src/rust-tantraos/build/aarch64-apple-darwin/stage1-rustc/aarch64-apple-darwin/debug/deps -L dependency=/Users/girivs/src/rust-tantraos/build/aarch64-apple-darwin/stage1-rustc/debug/deps --extern rustc_data_structures=/Users/girivs/src/rust-tantraos/build/aarch64-apple-darwin/stage1-rustc/aarch64-apple-darwin/debug/deps/librustc_data_structures-53324afa57622985.rmeta --extern rustc_hir=/Users/girivs/src/rust-tantraos/build/aarch64-apple-darwin/stage1-rustc/aarch64-apple-darwin/debug/deps/librustc_hir-48fcfc8b9aa9f89a.rmeta --extern rustc_span=/Users/girivs/src/rust-tantraos/build/aarch64-apple-darwin/stage1-rustc/aarch64-apple-darwin/debug/deps/librustc_span-d6bec53b237ec4c4.rmeta --extern serde=/Users/girivs/src/rust-tantraos/build/aarch64-apple-darwin/stage1-rustc/aarch64-apple-darwin/debug/deps/libserde-2bd80ce89840e1ef.rmeta --extern serde_json=/Users/girivs/src/rust-tantraos/build/aarch64-apple-darwin/stage1-rustc/aarch64-apple-darwin/debug/deps/libserde_json-3c3126d7da243026.rmeta --cfg=bootstrap --cfg=windows_raw_dylib -Csymbol-mangling-version=v0 -Zunstable-options '--check-cfg=cfg(bootstrap)' '--check-cfg=cfg(llvm_enzyme)' -Zmacro-backtrace -Csplit-debuginfo=unpacked -Zosx-rpath-install-name '-Clink-args=-Wl,-rpath,@loader_path/../lib' -Alinker-messages -Zon-broken-pipe=kill -Clto=off -Z binary-dep-depinfo -L native=/Users/girivs/src/rust-tantraos/build/aarch64-apple-darwin/stage1-rustc/aarch64-apple-darwin/debug/build/psm-4644cc58932be6af/out -L native=/Users/girivs/src/rust-tantraos/build/aarch64-apple-darwin/stage1-rustc/aarch64-apple-darwin/debug/build/blake3-486d38906040b2a9/out`
     Running `/Users/girivs/src/rust-tantraos/build/bootstrap/debug/rustc /Users/girivs/src/rust-tantraos/build/bootstrap/debug/rustc --crate-name rustc_hir_pretty --edition=2024 compiler/rustc_hir_pretty/src/lib.rs --error-format=json --json=diagnostic-rendered-ansi,artifacts,future-incompat --crate-type lib --emit=dep-info,metadata,link -C embed-bitcode=no -C codegen-units=16 -C debug-assertions=off --check-cfg 'cfg(docsrs,test)' --check-cfg 'cfg(feature, values())' -C metadata=145747b9a9ebb085 -C extra-filename=-ce09053d6a05e15c --out-dir /Users/girivs/src/rust-tantraos/build/aarch64-apple-darwin/stage1-rustc/aarch64-apple-darwin/debug/deps --target aarch64-apple-darwin -L dependency=/Users/girivs/src/rust-tantraos/build/aarch64-apple-darwin/stage1-rustc/aarch64-apple-darwin/debug/deps -L dependency=/Users/girivs/src/rust-tantraos/build/aarch64-apple-darwin/stage1-rustc/debug/deps --extern rustc_abi=/Users/girivs/src/rust-tantraos/build/aarch64-apple-darwin/stage1-rustc/aarch64-apple-darwin/debug/deps/librustc_abi-09e488c880f2e0a3.rmeta --extern rustc_ast=/Users/girivs/src/rust-tantraos/build/aarch64-apple-darwin/stage1-rustc/aarch64-apple-darwin/debug/deps/librustc_ast-986d44ba93a5512b.rmeta --extern rustc_ast_pretty=/Users/girivs/src/rust-tantraos/build/aarch64-apple-darwin/stage1-rustc/aarch64-apple-darwin/debug/deps/librustc_ast_pretty-e5f9988db04cd780.rmeta --extern rustc_hir=/Users/girivs/src/rust-tantraos/build/aarch64-apple-darwin/stage1-rustc/aarch64-apple-darwin/debug/deps/librustc_hir-48fcfc8b9aa9f89a.rmeta --extern rustc_span=/Users/girivs/src/rust-tantraos/build/aarch64-apple-darwin/stage1-rustc/aarch64-apple-darwin/debug/deps/librustc_span-d6bec53b237ec4c4.rmeta --cfg=bootstrap --cfg=windows_raw_dylib -Csymbol-mangling-version=v0 -Zunstable-options '--check-cfg=cfg(bootstrap)' '--check-cfg=cfg(llvm_enzyme)' -Zmacro-backtrace -Csplit-debuginfo=unpacked -Zosx-rpath-install-name '-Clink-args=-Wl,-rpath,@loader_path/../lib' -Alinker-messages -Zon-broken-pipe=kill -Clto=off -Z binary-dep-depinfo -L native=/Users/girivs/src/rust-tantraos/build/aarch64-apple-darwin/stage1-rustc/aarch64-apple-darwin/debug/build/psm-4644cc58932be6af/out -L native=/Users/girivs/src/rust-tantraos/build/aarch64-apple-darwin/stage1-rustc/aarch64-apple-darwin/debug/build/blake3-486d38906040b2a9/out`
       Dirty rustc_session v0.0.0 (/Users/girivs/src/rust-tantraos/compiler/rustc_session): the dependency rustc_target was rebuilt
   Compiling rustc_session v0.0.0 (/Users/girivs/src/rust-tantraos/compiler/rustc_session)
     Running `/Users/girivs/src/rust-tantraos/build/bootstrap/debug/rustc /Users/girivs/src/rust-tantraos/build/bootstrap/debug/rustc --crate-name rustc_session --edition=2024 compiler/rustc_session/src/lib.rs --error-format=json --json=diagnostic-rendered-ansi,artifacts,future-incompat --crate-type lib --emit=dep-info,metadata,link -C embed-bitcode=no -C codegen-units=16 -C debug-assertions=off --check-cfg 'cfg(docsrs,test)' --check-cfg 'cfg(feature, values())' -C metadata=8337e29033df688d -C extra-filename=-a2f907dc0b7ee91b --out-dir /Users/girivs/src/rust-tantraos/build/aarch64-apple-darwin/stage1-rustc/aarch64-apple-darwin/debug/deps --target aarch64-apple-darwin -L dependency=/Users/girivs/src/rust-tantraos/build/aarch64-apple-darwin/stage1-rustc/aarch64-apple-darwin/debug/deps -L dependency=/Users/girivs/src/rust-tantraos/build/aarch64-apple-darwin/stage1-rustc/debug/deps --extern bitflags=/Users/girivs/src/rust-tantraos/build/aarch64-apple-darwin/stage1-rustc/aarch64-apple-darwin/debug/deps/libbitflags-135f596f25eed33e.rmeta --extern getopts=/Users/girivs/src/rust-tantraos/build/aarch64-apple-darwin/stage1-rustc/aarch64-apple-darwin/debug/deps/libgetopts-11f1c900ad403b00.rmeta --extern libc=/Users/girivs/src/rust-tantraos/build/aarch64-apple-darwin/stage1-rustc/aarch64-apple-darwin/debug/deps/liblibc-44678f8c97d89ee4.rmeta --extern rand=/Users/girivs/src/rust-tantraos/build/aarch64-apple-darwin/stage1-rustc/aarch64-apple-darwin/debug/deps/librand-eaff6722d4d0be2a.rmeta --extern rustc_abi=/Users/girivs/src/rust-tantraos/build/aarch64-apple-darwin/stage1-rustc/aarch64-apple-darwin/debug/deps/librustc_abi-09e488c880f2e0a3.rmeta --extern rustc_ast=/Users/girivs/src/rust-tantraos/build/aarch64-apple-darwin/stage1-rustc/aarch64-apple-darwin/debug/deps/librustc_ast-986d44ba93a5512b.rmeta --extern rustc_data_structures=/Users/girivs/src/rust-tantraos/build/aarch64-apple-darwin/stage1-rustc/aarch64-apple-darwin/debug/deps/librustc_data_structures-53324afa57622985.rmeta --extern rustc_errors=/Users/girivs/src/rust-tantraos/build/aarch64-apple-darwin/stage1-rustc/aarch64-apple-darwin/debug/deps/librustc_errors-89d154c028688311.rmeta --extern rustc_feature=/Users/girivs/src/rust-tantraos/build/aarch64-apple-darwin/stage1-rustc/aarch64-apple-darwin/debug/deps/librustc_feature-408fdd73cabbcdd5.rmeta --extern rustc_fluent_macro=/Users/girivs/src/rust-tantraos/build/aarch64-apple-darwin/stage1-rustc/debug/deps/librustc_fluent_macro-6a93aa79dabde813.dylib --extern rustc_fs_util=/Users/girivs/src/rust-tantraos/build/aarch64-apple-darwin/stage1-rustc/aarch64-apple-darwin/debug/deps/librustc_fs_util-15cace19e9869a25.rmeta --extern rustc_hashes=/Users/girivs/src/rust-tantraos/build/aarch64-apple-darwin/stage1-rustc/aarch64-apple-darwin/debug/deps/librustc_hashes-f21b6e9214cef269.rmeta --extern rustc_hir=/Users/girivs/src/rust-tantraos/build/aarch64-apple-darwin/stage1-rustc/aarch64-apple-darwin/debug/deps/librustc_hir-48fcfc8b9aa9f89a.rmeta --extern rustc_lint_defs=/Users/girivs/src/rust-tantraos/build/aarch64-apple-darwin/stage1-rustc/aarch64-apple-darwin/debug/deps/librustc_lint_defs-964ebbc4d3457239.rmeta --extern rustc_macros=/Users/girivs/src/rust-tantraos/build/aarch64-apple-darwin/stage1-rustc/debug/deps/librustc_macros-82fd4294dca5b57c.dylib --extern rustc_serialize=/Users/girivs/src/rust-tantraos/build/aarch64-apple-darwin/stage1-rustc/aarch64-apple-darwin/debug/deps/librustc_serialize-5a0faa3d5df4fc89.rmeta --extern rustc_span=/Users/girivs/src/rust-tantraos/build/aarch64-apple-darwin/stage1-rustc/aarch64-apple-darwin/debug/deps/librustc_span-d6bec53b237ec4c4.rmeta --extern rustc_target=/Users/girivs/src/rust-tantraos/build/aarch64-apple-darwin/stage1-rustc/aarch64-apple-darwin/debug/deps/librustc_target-35cf86096f412775.rmeta --extern termize=/Users/girivs/src/rust-tantraos/build/aarch64-apple-darwin/stage1-rustc/aarch64-apple-darwin/debug/deps/libtermize-c2cdec436b66ada6.rmeta --extern tracing=/Users/girivs/src/rust-tantraos/build/aarch64-apple-darwin/stage1-rustc/aarch64-apple-darwin/debug/deps/libtracing-5605f2f867fad977.rmeta --cfg=bootstrap --cfg=windows_raw_dylib -Csymbol-mangling-version=v0 -Zunstable-options '--check-cfg=cfg(bootstrap)' '--check-cfg=cfg(llvm_enzyme)' -Zmacro-backtrace -Csplit-debuginfo=unpacked -Zosx-rpath-install-name '-Clink-args=-Wl,-rpath,@loader_path/../lib' -Alinker-messages -Zon-broken-pipe=kill -Clto=off -Z binary-dep-depinfo -L native=/Users/girivs/src/rust-tantraos/build/aarch64-apple-darwin/stage1-rustc/aarch64-apple-darwin/debug/build/psm-4644cc58932be6af/out -L native=/Users/girivs/src/rust-tantraos/build/aarch64-apple-darwin/stage1-rustc/aarch64-apple-darwin/debug/build/blake3-486d38906040b2a9/out`
       Dirty rustc_query_system v0.0.0 (/Users/girivs/src/rust-tantraos/compiler/rustc_query_system): the dependency rustc_feature was rebuilt
   Compiling rustc_query_system v0.0.0 (/Users/girivs/src/rust-tantraos/compiler/rustc_query_system)
       Dirty rustc_parse v0.0.0 (/Users/girivs/src/rust-tantraos/compiler/rustc_parse): the dependency rustc_feature was rebuilt
   Compiling rustc_parse v0.0.0 (/Users/girivs/src/rust-tantraos/compiler/rustc_parse)
     Running `/Users/girivs/src/rust-tantraos/build/bootstrap/debug/rustc /Users/girivs/src/rust-tantraos/build/bootstrap/debug/rustc --crate-name rustc_query_system --edition=2024 compiler/rustc_query_system/src/lib.rs --error-format=json --json=diagnostic-rendered-ansi,artifacts,future-incompat --crate-type lib --emit=dep-info,metadata,link -C embed-bitcode=no -C codegen-units=16 -C debug-assertions=off --check-cfg 'cfg(docsrs,test)' --check-cfg 'cfg(feature, values())' -C metadata=40e3c83d58b6048e -C extra-filename=-48bb7dd372d0b900 --out-dir /Users/girivs/src/rust-tantraos/build/aarch64-apple-darwin/stage1-rustc/aarch64-apple-darwin/debug/deps --target aarch64-apple-darwin -L dependency=/Users/girivs/src/rust-tantraos/build/aarch64-apple-darwin/stage1-rustc/aarch64-apple-darwin/debug/deps -L dependency=/Users/girivs/src/rust-tantraos/build/aarch64-apple-darwin/stage1-rustc/debug/deps --extern hashbrown=/Users/girivs/src/rust-tantraos/build/aarch64-apple-darwin/stage1-rustc/aarch64-apple-darwin/debug/deps/libhashbrown-f2b2664654b023ad.rmeta --extern parking_lot=/Users/girivs/src/rust-tantraos/build/aarch64-apple-darwin/stage1-rustc/aarch64-apple-darwin/debug/deps/libparking_lot-4f99274dc5a3bc2a.rmeta --extern rustc_abi=/Users/girivs/src/rust-tantraos/build/aarch64-apple-darwin/stage1-rustc/aarch64-apple-darwin/debug/deps/librustc_abi-09e488c880f2e0a3.rmeta --extern rustc_ast=/Users/girivs/src/rust-tantraos/build/aarch64-apple-darwin/stage1-rustc/aarch64-apple-darwin/debug/deps/librustc_ast-986d44ba93a5512b.rmeta --extern rustc_data_structures=/Users/girivs/src/rust-tantraos/build/aarch64-apple-darwin/stage1-rustc/aarch64-apple-darwin/debug/deps/librustc_data_structures-53324afa57622985.rmeta --extern rustc_errors=/Users/girivs/src/rust-tantraos/build/aarch64-apple-darwin/stage1-rustc/aarch64-apple-darwin/debug/deps/librustc_errors-89d154c028688311.rmeta --extern rustc_feature=/Users/girivs/src/rust-tantraos/build/aarch64-apple-darwin/stage1-rustc/aarch64-apple-darwin/debug/deps/librustc_feature-408fdd73cabbcdd5.rmeta --extern rustc_fluent_macro=/Users/girivs/src/rust-tantraos/build/aarch64-apple-darwin/stage1-rustc/debug/deps/librustc_fluent_macro-6a93aa79dabde813.dylib --extern rustc_hashes=/Users/girivs/src/rust-tantraos/build/aarch64-apple-darwin/stage1-rustc/aarch64-apple-darwin/debug/deps/librustc_hashes-f21b6e9214cef269.rmeta --extern rustc_hir=/Users/girivs/src/rust-tantraos/build/aarch64-apple-darwin/stage1-rustc/aarch64-apple-darwin/debug/deps/librustc_hir-48fcfc8b9aa9f89a.rmeta --extern rustc_index=/Users/girivs/src/rust-tantraos/build/aarch64-apple-darwin/stage1-rustc/aarch64-apple-darwin/debug/deps/librustc_index-2bf14f55015abfd3.rmeta --extern rustc_macros=/Users/girivs/src/rust-tantraos/build/aarch64-apple-darwin/stage1-rustc/debug/deps/librustc_macros-82fd4294dca5b57c.dylib --extern rustc_serialize=/Users/girivs/src/rust-tantraos/build/aarch64-apple-darwin/stage1-rustc/aarch64-apple-darwin/debug/deps/librustc_serialize-5a0faa3d5df4fc89.rmeta --extern rustc_session=/Users/girivs/src/rust-tantraos/build/aarch64-apple-darwin/stage1-rustc/aarch64-apple-darwin/debug/deps/librustc_session-a2f907dc0b7ee91b.rmeta --extern rustc_span=/Users/girivs/src/rust-tantraos/build/aarch64-apple-darwin/stage1-rustc/aarch64-apple-darwin/debug/deps/librustc_span-d6bec53b237ec4c4.rmeta --extern rustc_thread_pool=/Users/girivs/src/rust-tantraos/build/aarch64-apple-darwin/stage1-rustc/aarch64-apple-darwin/debug/deps/librustc_thread_pool-d378f618fb477099.rmeta --extern smallvec=/Users/girivs/src/rust-tantraos/build/aarch64-apple-darwin/stage1-rustc/aarch64-apple-darwin/debug/deps/libsmallvec-47fd9e70f2e35cd9.rmeta --extern tracing=/Users/girivs/src/rust-tantraos/build/aarch64-apple-darwin/stage1-rustc/aarch64-apple-darwin/debug/deps/libtracing-5605f2f867fad977.rmeta --cfg=bootstrap --cfg=windows_raw_dylib -Csymbol-mangling-version=v0 -Zunstable-options '--check-cfg=cfg(bootstrap)' '--check-cfg=cfg(llvm_enzyme)' -Zmacro-backtrace -Csplit-debuginfo=unpacked -Zosx-rpath-install-name '-Clink-args=-Wl,-rpath,@loader_path/../lib' -Alinker-messages -Zon-broken-pipe=kill -Clto=off -Z binary-dep-depinfo -L native=/Users/girivs/src/rust-tantraos/build/aarch64-apple-darwin/stage1-rustc/aarch64-apple-darwin/debug/build/psm-4644cc58932be6af/out -L native=/Users/girivs/src/rust-tantraos/build/aarch64-apple-darwin/stage1-rustc/aarch64-apple-darwin/debug/build/blake3-486d38906040b2a9/out`
     Running `/Users/girivs/src/rust-tantraos/build/bootstrap/debug/rustc /Users/girivs/src/rust-tantraos/build/bootstrap/debug/rustc --crate-name rustc_parse --edition=2024 compiler/rustc_parse/src/lib.rs --error-format=json --json=diagnostic-rendered-ansi,artifacts,future-incompat --crate-type lib --emit=dep-info,metadata,link -C embed-bitcode=no -C codegen-units=16 -C debug-assertions=off --check-cfg 'cfg(docsrs,test)' --check-cfg 'cfg(feature, values())' -C metadata=4aed41d31dcc4c4b -C extra-filename=-d0ade8b6f510f5cb --out-dir /Users/girivs/src/rust-tantraos/build/aarch64-apple-darwin/stage1-rustc/aarch64-apple-darwin/debug/deps --target aarch64-apple-darwin -L dependency=/Users/girivs/src/rust-tantraos/build/aarch64-apple-darwin/stage1-rustc/aarch64-apple-darwin/debug/deps -L dependency=/Users/girivs/src/rust-tantraos/build/aarch64-apple-darwin/stage1-rustc/debug/deps --extern bitflags=/Users/girivs/src/rust-tantraos/build/aarch64-apple-darwin/stage1-rustc/aarch64-apple-darwin/debug/deps/libbitflags-135f596f25eed33e.rmeta --extern rustc_literal_escaper=/Users/girivs/src/rust-tantraos/build/aarch64-apple-darwin/stage1-rustc/aarch64-apple-darwin/debug/deps/librustc_literal_escaper-8991a4bbfee2e635.rmeta --extern rustc_ast=/Users/girivs/src/rust-tantraos/build/aarch64-apple-darwin/stage1-rustc/aarch64-apple-darwin/debug/deps/librustc_ast-986d44ba93a5512b.rmeta --extern rustc_ast_pretty=/Users/girivs/src/rust-tantraos/build/aarch64-apple-darwin/stage1-rustc/aarch64-apple-darwin/debug/deps/librustc_ast_pretty-e5f9988db04cd780.rmeta --extern rustc_data_structures=/Users/girivs/src/rust-tantraos/build/aarch64-apple-darwin/stage1-rustc/aarch64-apple-darwin/debug/deps/librustc_data_structures-53324afa57622985.rmeta --extern rustc_errors=/Users/girivs/src/rust-tantraos/build/aarch64-apple-darwin/stage1-rustc/aarch64-apple-darwin/debug/deps/librustc_errors-89d154c028688311.rmeta --extern rustc_feature=/Users/girivs/src/rust-tantraos/build/aarch64-apple-darwin/stage1-rustc/aarch64-apple-darwin/debug/deps/librustc_feature-408fdd73cabbcdd5.rmeta --extern rustc_fluent_macro=/Users/girivs/src/rust-tantraos/build/aarch64-apple-darwin/stage1-rustc/debug/deps/librustc_fluent_macro-6a93aa79dabde813.dylib --extern rustc_index=/Users/girivs/src/rust-tantraos/build/aarch64-apple-darwin/stage1-rustc/aarch64-apple-darwin/debug/deps/librustc_index-2bf14f55015abfd3.rmeta --extern rustc_lexer=/Users/girivs/src/rust-tantraos/build/aarch64-apple-darwin/stage1-rustc/aarch64-apple-darwin/debug/deps/librustc_lexer-b988e895f018640a.rmeta --extern rustc_macros=/Users/girivs/src/rust-tantraos/build/aarch64-apple-darwin/stage1-rustc/debug/deps/librustc_macros-82fd4294dca5b57c.dylib --extern rustc_session=/Users/girivs/src/rust-tantraos/build/aarch64-apple-darwin/stage1-rustc/aarch64-apple-darwin/debug/deps/librustc_session-a2f907dc0b7ee91b.rmeta --extern rustc_span=/Users/girivs/src/rust-tantraos/build/aarch64-apple-darwin/stage1-rustc/aarch64-apple-darwin/debug/deps/librustc_span-d6bec53b237ec4c4.rmeta --extern thin_vec=/Users/girivs/src/rust-tantraos/build/aarch64-apple-darwin/stage1-rustc/aarch64-apple-darwin/debug/deps/libthin_vec-3f8b2fc9c896cfb1.rmeta --extern tracing=/Users/girivs/src/rust-tantraos/build/aarch64-apple-darwin/stage1-rustc/aarch64-apple-darwin/debug/deps/libtracing-5605f2f867fad977.rmeta --extern unicode_normalization=/Users/girivs/src/rust-tantraos/build/aarch64-apple-darwin/stage1-rustc/aarch64-apple-darwin/debug/deps/libunicode_normalization-00a2cda81b7b9179.rmeta --extern unicode_width=/Users/girivs/src/rust-tantraos/build/aarch64-apple-darwin/stage1-rustc/aarch64-apple-darwin/debug/deps/libunicode_width-0ca3ed53dcdb7a75.rmeta --cfg=bootstrap --cfg=windows_raw_dylib -Csymbol-mangling-version=v0 -Zunstable-options '--check-cfg=cfg(bootstrap)' '--check-cfg=cfg(llvm_enzyme)' -Zmacro-backtrace -Csplit-debuginfo=unpacked -Zosx-rpath-install-name '-Clink-args=-Wl,-rpath,@loader_path/../lib' -Alinker-messages -Zon-broken-pipe=kill -Clto=off -Z binary-dep-depinfo -L native=/Users/girivs/src/rust-tantraos/build/aarch64-apple-darwin/stage1-rustc/aarch64-apple-darwin/debug/build/psm-4644cc58932be6af/out -L native=/Users/girivs/src/rust-tantraos/build/aarch64-apple-darwin/stage1-rustc/aarch64-apple-darwin/debug/build/blake3-486d38906040b2a9/out`
       Dirty rustc_middle v0.0.0 (/Users/girivs/src/rust-tantraos/compiler/rustc_middle): the dependency rustc_target was rebuilt
   Compiling rustc_middle v0.0.0 (/Users/girivs/src/rust-tantraos/compiler/rustc_middle)
     Running `/Users/girivs/src/rust-tantraos/build/bootstrap/debug/rustc /Users/girivs/src/rust-tantraos/build/bootstrap/debug/rustc --crate-name rustc_middle --edition=2024 compiler/rustc_middle/src/lib.rs --error-format=json --json=diagnostic-rendered-ansi,artifacts,future-incompat --crate-type lib --emit=dep-info,metadata,link -C embed-bitcode=no -C codegen-units=16 -C debug-assertions=off --check-cfg 'cfg(docsrs,test)' --check-cfg 'cfg(feature, values("rustc_randomized_layouts"))' -C metadata=a61c5a0fed0a6ac1 -C extra-filename=-4856c36a9d44bf79 --out-dir /Users/girivs/src/rust-tantraos/build/aarch64-apple-darwin/stage1-rustc/aarch64-apple-darwin/debug/deps --target aarch64-apple-darwin -L dependency=/Users/girivs/src/rust-tantraos/build/aarch64-apple-darwin/stage1-rustc/aarch64-apple-darwin/debug/deps -L dependency=/Users/girivs/src/rust-tantraos/build/aarch64-apple-darwin/stage1-rustc/debug/deps --extern bitflags=/Users/girivs/src/rust-tantraos/build/aarch64-apple-darwin/stage1-rustc/aarch64-apple-darwin/debug/deps/libbitflags-135f596f25eed33e.rmeta --extern either=/Users/girivs/src/rust-tantraos/build/aarch64-apple-darwin/stage1-rustc/aarch64-apple-darwin/debug/deps/libeither-9a752f8f23defb52.rmeta --extern gsgdt=/Users/girivs/src/rust-tantraos/build/aarch64-apple-darwin/stage1-rustc/aarch64-apple-darwin/debug/deps/libgsgdt-0a15c4ef388025cd.rmeta --extern polonius_engine=/Users/girivs/src/rust-tantraos/build/aarch64-apple-darwin/stage1-rustc/aarch64-apple-darwin/debug/deps/libpolonius_engine-6dc856885141011f.rmeta --extern rustc_abi=/Users/girivs/src/rust-tantraos/build/aarch64-apple-darwin/stage1-rustc/aarch64-apple-darwin/debug/deps/librustc_abi-09e488c880f2e0a3.rmeta --extern rustc_apfloat=/Users/girivs/src/rust-tantraos/build/aarch64-apple-darwin/stage1-rustc/aarch64-apple-darwin/debug/deps/librustc_apfloat-7309ed1b79fd32a3.rmeta --extern rustc_arena=/Users/girivs/src/rust-tantraos/build/aarch64-apple-darwin/stage1-rustc/aarch64-apple-darwin/debug/deps/librustc_arena-82fa9f5058c00acb.rmeta --extern rustc_ast=/Users/girivs/src/rust-tantraos/build/aarch64-apple-darwin/stage1-rustc/aarch64-apple-darwin/debug/deps/librustc_ast-986d44ba93a5512b.rmeta --extern rustc_ast_ir=/Users/girivs/src/rust-tantraos/build/aarch64-apple-darwin/stage1-rustc/aarch64-apple-darwin/debug/deps/librustc_ast_ir-fb042e813e76b589.rmeta --extern rustc_data_structures=/Users/girivs/src/rust-tantraos/build/aarch64-apple-darwin/stage1-rustc/aarch64-apple-darwin/debug/deps/librustc_data_structures-53324afa57622985.rmeta --extern rustc_error_messages=/Users/girivs/src/rust-tantraos/build/aarch64-apple-darwin/stage1-rustc/aarch64-apple-darwin/debug/deps/librustc_error_messages-0036603d8f3b4898.rmeta --extern rustc_errors=/Users/girivs/src/rust-tantraos/build/aarch64-apple-darwin/stage1-rustc/aarch64-apple-darwin/debug/deps/librustc_errors-89d154c028688311.rmeta --extern rustc_feature=/Users/girivs/src/rust-tantraos/build/aarch64-apple-darwin/stage1-rustc/aarch64-apple-darwin/debug/deps/librustc_feature-408fdd73cabbcdd5.rmeta --extern rustc_fluent_macro=/Users/girivs/src/rust-tantraos/build/aarch64-apple-darwin/stage1-rustc/debug/deps/librustc_fluent_macro-6a93aa79dabde813.dylib --extern rustc_graphviz=/Users/girivs/src/rust-tantraos/build/aarch64-apple-darwin/stage1-rustc/aarch64-apple-darwin/debug/deps/librustc_graphviz-1fddc535a76729a1.rmeta --extern rustc_hashes=/Users/girivs/src/rust-tantraos/build/aarch64-apple-darwin/stage1-rustc/aarch64-apple-darwin/debug/deps/librustc_hashes-f21b6e9214cef269.rmeta --extern rustc_hir=/Users/girivs/src/rust-tantraos/build/aarch64-apple-darwin/stage1-rustc/aarch64-apple-darwin/debug/deps/librustc_hir-48fcfc8b9aa9f89a.rmeta --extern rustc_hir_pretty=/Users/girivs/src/rust-tantraos/build/aarch64-apple-darwin/stage1-rustc/aarch64-apple-darwin/debug/deps/librustc_hir_pretty-ce09053d6a05e15c.rmeta --extern rustc_index=/Users/girivs/src/rust-tantraos/build/aarch64-apple-darwin/stage1-rustc/aarch64-apple-darwin/debug/deps/librustc_index-2bf14f55015abfd3.rmeta --extern rustc_lint_defs=/Users/girivs/src/rust-tantraos/build/aarch64-apple-darwin/stage1-rustc/aarch64-apple-darwin/debug/deps/librustc_lint_defs-964ebbc4d3457239.rmeta --extern rustc_macros=/Users/girivs/src/rust-tantraos/build/aarch64-apple-darwin/stage1-rustc/debug/deps/librustc_macros-82fd4294dca5b57c.dylib --extern rustc_query_system=/Users/girivs/src/rust-tantraos/build/aarch64-apple-darwin/stage1-rustc/aarch64-apple-darwin/debug/deps/librustc_query_system-48bb7dd372d0b900.rmeta --extern rustc_serialize=/Users/girivs/src/rust-tantraos/build/aarch64-apple-darwin/stage1-rustc/aarch64-apple-darwin/debug/deps/librustc_serialize-5a0faa3d5df4fc89.rmeta --extern rustc_session=/Users/girivs/src/rust-tantraos/build/aarch64-apple-darwin/stage1-rustc/aarch64-apple-darwin/debug/deps/librustc_session-a2f907dc0b7ee91b.rmeta --extern rustc_span=/Users/girivs/src/rust-tantraos/build/aarch64-apple-darwin/stage1-rustc/aarch64-apple-darwin/debug/deps/librustc_span-d6bec53b237ec4c4.rmeta --extern rustc_target=/Users/girivs/src/rust-tantraos/build/aarch64-apple-darwin/stage1-rustc/aarch64-apple-darwin/debug/deps/librustc_target-35cf86096f412775.rmeta --extern rustc_thread_pool=/Users/girivs/src/rust-tantraos/build/aarch64-apple-darwin/stage1-rustc/aarch64-apple-darwin/debug/deps/librustc_thread_pool-d378f618fb477099.rmeta --extern rustc_type_ir=/Users/girivs/src/rust-tantraos/build/aarch64-apple-darwin/stage1-rustc/aarch64-apple-darwin/debug/deps/librustc_type_ir-100eaeb3aab77e1b.rmeta --extern smallvec=/Users/girivs/src/rust-tantraos/build/aarch64-apple-darwin/stage1-rustc/aarch64-apple-darwin/debug/deps/libsmallvec-47fd9e70f2e35cd9.rmeta --extern thin_vec=/Users/girivs/src/rust-tantraos/build/aarch64-apple-darwin/stage1-rustc/aarch64-apple-darwin/debug/deps/libthin_vec-3f8b2fc9c896cfb1.rmeta --extern tracing=/Users/girivs/src/rust-tantraos/build/aarch64-apple-darwin/stage1-rustc/aarch64-apple-darwin/debug/deps/libtracing-5605f2f867fad977.rmeta --cfg=bootstrap --cfg=windows_raw_dylib -Csymbol-mangling-version=v0 -Zunstable-options '--check-cfg=cfg(bootstrap)' '--check-cfg=cfg(llvm_enzyme)' -Zmacro-backtrace -Csplit-debuginfo=unpacked -Zosx-rpath-install-name '-Clink-args=-Wl,-rpath,@loader_path/../lib' -Alinker-messages -Zon-broken-pipe=kill -Clto=off -Z binary-dep-depinfo -L native=/Users/girivs/src/rust-tantraos/build/aarch64-apple-darwin/stage1-rustc/aarch64-apple-darwin/debug/build/psm-4644cc58932be6af/out -L native=/Users/girivs/src/rust-tantraos/build/aarch64-apple-darwin/stage1-rustc/aarch64-apple-darwin/debug/build/blake3-486d38906040b2a9/out`
       Dirty rustc_attr_parsing v0.0.0 (/Users/girivs/src/rust-tantraos/compiler/rustc_attr_parsing): the dependency rustc_target was rebuilt
   Compiling rustc_attr_parsing v0.0.0 (/Users/girivs/src/rust-tantraos/compiler/rustc_attr_parsing)
     Running `/Users/girivs/src/rust-tantraos/build/bootstrap/debug/rustc /Users/girivs/src/rust-tantraos/build/bootstrap/debug/rustc --crate-name rustc_attr_parsing --edition=2024 compiler/rustc_attr_parsing/src/lib.rs --error-format=json --json=diagnostic-rendered-ansi,artifacts,future-incompat --crate-type lib --emit=dep-info,metadata,link -C embed-bitcode=no -C codegen-units=16 -C debug-assertions=off --check-cfg 'cfg(docsrs,test)' --check-cfg 'cfg(feature, values())' -C metadata=11e9454eae6d183d -C extra-filename=-362765332dccbe89 --out-dir /Users/girivs/src/rust-tantraos/build/aarch64-apple-darwin/stage1-rustc/aarch64-apple-darwin/debug/deps --target aarch64-apple-darwin -L dependency=/Users/girivs/src/rust-tantraos/build/aarch64-apple-darwin/stage1-rustc/aarch64-apple-darwin/debug/deps -L dependency=/Users/girivs/src/rust-tantraos/build/aarch64-apple-darwin/stage1-rustc/debug/deps --extern rustc_abi=/Users/girivs/src/rust-tantraos/build/aarch64-apple-darwin/stage1-rustc/aarch64-apple-darwin/debug/deps/librustc_abi-09e488c880f2e0a3.rmeta --extern rustc_ast=/Users/girivs/src/rust-tantraos/build/aarch64-apple-darwin/stage1-rustc/aarch64-apple-darwin/debug/deps/librustc_ast-986d44ba93a5512b.rmeta --extern rustc_ast_pretty=/Users/girivs/src/rust-tantraos/build/aarch64-apple-darwin/stage1-rustc/aarch64-apple-darwin/debug/deps/librustc_ast_pretty-e5f9988db04cd780.rmeta --extern rustc_errors=/Users/girivs/src/rust-tantraos/build/aarch64-apple-darwin/stage1-rustc/aarch64-apple-darwin/debug/deps/librustc_errors-89d154c028688311.rmeta --extern rustc_feature=/Users/girivs/src/rust-tantraos/build/aarch64-apple-darwin/stage1-rustc/aarch64-apple-darwin/debug/deps/librustc_feature-408fdd73cabbcdd5.rmeta --extern rustc_fluent_macro=/Users/girivs/src/rust-tantraos/build/aarch64-apple-darwin/stage1-rustc/debug/deps/librustc_fluent_macro-6a93aa79dabde813.dylib --extern rustc_hir=/Users/girivs/src/rust-tantraos/build/aarch64-apple-darwin/stage1-rustc/aarch64-apple-darwin/debug/deps/librustc_hir-48fcfc8b9aa9f89a.rmeta --extern rustc_lexer=/Users/girivs/src/rust-tantraos/build/aarch64-apple-darwin/stage1-rustc/aarch64-apple-darwin/debug/deps/librustc_lexer-b988e895f018640a.rmeta --extern rustc_macros=/Users/girivs/src/rust-tantraos/build/aarch64-apple-darwin/stage1-rustc/debug/deps/librustc_macros-82fd4294dca5b57c.dylib --extern rustc_parse=/Users/girivs/src/rust-tantraos/build/aarch64-apple-darwin/stage1-rustc/aarch64-apple-darwin/debug/deps/librustc_parse-d0ade8b6f510f5cb.rmeta --extern rustc_session=/Users/girivs/src/rust-tantraos/build/aarch64-apple-darwin/stage1-rustc/aarch64-apple-darwin/debug/deps/librustc_session-a2f907dc0b7ee91b.rmeta --extern rustc_span=/Users/girivs/src/rust-tantraos/build/aarch64-apple-darwin/stage1-rustc/aarch64-apple-darwin/debug/deps/librustc_span-d6bec53b237ec4c4.rmeta --extern rustc_target=/Users/girivs/src/rust-tantraos/build/aarch64-apple-darwin/stage1-rustc/aarch64-apple-darwin/debug/deps/librustc_target-35cf86096f412775.rmeta --extern thin_vec=/Users/girivs/src/rust-tantraos/build/aarch64-apple-darwin/stage1-rustc/aarch64-apple-darwin/debug/deps/libthin_vec-3f8b2fc9c896cfb1.rmeta --cfg=bootstrap --cfg=windows_raw_dylib -Csymbol-mangling-version=v0 -Zunstable-options '--check-cfg=cfg(bootstrap)' '--check-cfg=cfg(llvm_enzyme)' -Zmacro-backtrace -Csplit-debuginfo=unpacked -Zosx-rpath-install-name '-Clink-args=-Wl,-rpath,@loader_path/../lib' -Alinker-messages -Zon-broken-pipe=kill -Clto=off -Z binary-dep-depinfo -L native=/Users/girivs/src/rust-tantraos/build/aarch64-apple-darwin/stage1-rustc/aarch64-apple-darwin/debug/build/psm-4644cc58932be6af/out -L native=/Users/girivs/src/rust-tantraos/build/aarch64-apple-darwin/stage1-rustc/aarch64-apple-darwin/debug/build/blake3-486d38906040b2a9/out`
       Dirty rustc_ast_passes v0.0.0 (/Users/girivs/src/rust-tantraos/compiler/rustc_ast_passes): the dependency rustc_target was rebuilt
   Compiling rustc_ast_passes v0.0.0 (/Users/girivs/src/rust-tantraos/compiler/rustc_ast_passes)
     Running `/Users/girivs/src/rust-tantraos/build/bootstrap/debug/rustc /Users/girivs/src/rust-tantraos/build/bootstrap/debug/rustc --crate-name rustc_ast_passes --edition=2024 compiler/rustc_ast_passes/src/lib.rs --error-format=json --json=diagnostic-rendered-ansi,artifacts,future-incompat --crate-type lib --emit=dep-info,metadata,link -C embed-bitcode=no -C codegen-units=16 -C debug-assertions=off --check-cfg 'cfg(docsrs,test)' --check-cfg 'cfg(feature, values())' -C metadata=da61a7ad97c4a8bc -C extra-filename=-38fc80fedba07bb2 --out-dir /Users/girivs/src/rust-tantraos/build/aarch64-apple-darwin/stage1-rustc/aarch64-apple-darwin/debug/deps --target aarch64-apple-darwin -L dependency=/Users/girivs/src/rust-tantraos/build/aarch64-apple-darwin/stage1-rustc/aarch64-apple-darwin/debug/deps -L dependency=/Users/girivs/src/rust-tantraos/build/aarch64-apple-darwin/stage1-rustc/debug/deps --extern itertools=/Users/girivs/src/rust-tantraos/build/aarch64-apple-darwin/stage1-rustc/aarch64-apple-darwin/debug/deps/libitertools-bb5340b0f82f4fc5.rmeta --extern rustc_abi=/Users/girivs/src/rust-tantraos/build/aarch64-apple-darwin/stage1-rustc/aarch64-apple-darwin/debug/deps/librustc_abi-09e488c880f2e0a3.rmeta --extern rustc_ast=/Users/girivs/src/rust-tantraos/build/aarch64-apple-darwin/stage1-rustc/aarch64-apple-darwin/debug/deps/librustc_ast-986d44ba93a5512b.rmeta --extern rustc_ast_pretty=/Users/girivs/src/rust-tantraos/build/aarch64-apple-darwin/stage1-rustc/aarch64-apple-darwin/debug/deps/librustc_ast_pretty-e5f9988db04cd780.rmeta --extern rustc_attr_parsing=/Users/girivs/src/rust-tantraos/build/aarch64-apple-darwin/stage1-rustc/aarch64-apple-darwin/debug/deps/librustc_attr_parsing-362765332dccbe89.rmeta --extern rustc_data_structures=/Users/girivs/src/rust-tantraos/build/aarch64-apple-darwin/stage1-rustc/aarch64-apple-darwin/debug/deps/librustc_data_structures-53324afa57622985.rmeta --extern rustc_errors=/Users/girivs/src/rust-tantraos/build/aarch64-apple-darwin/stage1-rustc/aarch64-apple-darwin/debug/deps/librustc_errors-89d154c028688311.rmeta --extern rustc_feature=/Users/girivs/src/rust-tantraos/build/aarch64-apple-darwin/stage1-rustc/aarch64-apple-darwin/debug/deps/librustc_feature-408fdd73cabbcdd5.rmeta --extern rustc_fluent_macro=/Users/girivs/src/rust-tantraos/build/aarch64-apple-darwin/stage1-rustc/debug/deps/librustc_fluent_macro-6a93aa79dabde813.dylib --extern rustc_macros=/Users/girivs/src/rust-tantraos/build/aarch64-apple-darwin/stage1-rustc/debug/deps/librustc_macros-82fd4294dca5b57c.dylib --extern rustc_session=/Users/girivs/src/rust-tantraos/build/aarch64-apple-darwin/stage1-rustc/aarch64-apple-darwin/debug/deps/librustc_session-a2f907dc0b7ee91b.rmeta --extern rustc_span=/Users/girivs/src/rust-tantraos/build/aarch64-apple-darwin/stage1-rustc/aarch64-apple-darwin/debug/deps/librustc_span-d6bec53b237ec4c4.rmeta --extern rustc_target=/Users/girivs/src/rust-tantraos/build/aarch64-apple-darwin/stage1-rustc/aarch64-apple-darwin/debug/deps/librustc_target-35cf86096f412775.rmeta --extern thin_vec=/Users/girivs/src/rust-tantraos/build/aarch64-apple-darwin/stage1-rustc/aarch64-apple-darwin/debug/deps/libthin_vec-3f8b2fc9c896cfb1.rmeta --cfg=bootstrap --cfg=windows_raw_dylib -Csymbol-mangling-version=v0 -Zunstable-options '--check-cfg=cfg(bootstrap)' '--check-cfg=cfg(llvm_enzyme)' -Zmacro-backtrace -Csplit-debuginfo=unpacked -Zosx-rpath-install-name '-Clink-args=-Wl,-rpath,@loader_path/../lib' -Alinker-messages -Zon-broken-pipe=kill -Clto=off -Z binary-dep-depinfo -L native=/Users/girivs/src/rust-tantraos/build/aarch64-apple-darwin/stage1-rustc/aarch64-apple-darwin/debug/build/psm-4644cc58932be6af/out -L native=/Users/girivs/src/rust-tantraos/build/aarch64-apple-darwin/stage1-rustc/aarch64-apple-darwin/debug/build/blake3-486d38906040b2a9/out`
       Dirty rustc_expand v0.0.0 (/Users/girivs/src/rust-tantraos/compiler/rustc_expand): the dependency rustc_feature was rebuilt
   Compiling rustc_expand v0.0.0 (/Users/girivs/src/rust-tantraos/compiler/rustc_expand)
     Running `/Users/girivs/src/rust-tantraos/build/bootstrap/debug/rustc /Users/girivs/src/rust-tantraos/build/bootstrap/debug/rustc --crate-name rustc_expand --edition=2024 compiler/rustc_expand/src/lib.rs --error-format=json --json=diagnostic-rendered-ansi,artifacts,future-incompat --crate-type lib --emit=dep-info,metadata,link -C embed-bitcode=no -C codegen-units=16 -C debug-assertions=off --check-cfg 'cfg(docsrs,test)' --check-cfg 'cfg(feature, values())' -C metadata=84182765ffa440c8 -C extra-filename=-f1c9eba824dcfc81 --out-dir /Users/girivs/src/rust-tantraos/build/aarch64-apple-darwin/stage1-rustc/aarch64-apple-darwin/debug/deps --target aarch64-apple-darwin -L dependency=/Users/girivs/src/rust-tantraos/build/aarch64-apple-darwin/stage1-rustc/aarch64-apple-darwin/debug/deps -L dependency=/Users/girivs/src/rust-tantraos/build/aarch64-apple-darwin/stage1-rustc/debug/deps --extern rustc_ast=/Users/girivs/src/rust-tantraos/build/aarch64-apple-darwin/stage1-rustc/aarch64-apple-darwin/debug/deps/librustc_ast-986d44ba93a5512b.rmeta --extern rustc_ast_passes=/Users/girivs/src/rust-tantraos/build/aarch64-apple-darwin/stage1-rustc/aarch64-apple-darwin/debug/deps/librustc_ast_passes-38fc80fedba07bb2.rmeta --extern rustc_ast_pretty=/Users/girivs/src/rust-tantraos/build/aarch64-apple-darwin/stage1-rustc/aarch64-apple-darwin/debug/deps/librustc_ast_pretty-e5f9988db04cd780.rmeta --extern rustc_attr_parsing=/Users/girivs/src/rust-tantraos/build/aarch64-apple-darwin/stage1-rustc/aarch64-apple-darwin/debug/deps/librustc_attr_parsing-362765332dccbe89.rmeta --extern rustc_data_structures=/Users/girivs/src/rust-tantraos/build/aarch64-apple-darwin/stage1-rustc/aarch64-apple-darwin/debug/deps/librustc_data_structures-53324afa57622985.rmeta --extern rustc_errors=/Users/girivs/src/rust-tantraos/build/aarch64-apple-darwin/stage1-rustc/aarch64-apple-darwin/debug/deps/librustc_errors-89d154c028688311.rmeta --extern rustc_feature=/Users/girivs/src/rust-tantraos/build/aarch64-apple-darwin/stage1-rustc/aarch64-apple-darwin/debug/deps/librustc_feature-408fdd73cabbcdd5.rmeta --extern rustc_fluent_macro=/Users/girivs/src/rust-tantraos/build/aarch64-apple-darwin/stage1-rustc/debug/deps/librustc_fluent_macro-6a93aa79dabde813.dylib --extern rustc_hir=/Users/girivs/src/rust-tantraos/build/aarch64-apple-darwin/stage1-rustc/aarch64-apple-darwin/debug/deps/librustc_hir-48fcfc8b9aa9f89a.rmeta --extern rustc_lexer=/Users/girivs/src/rust-tantraos/build/aarch64-apple-darwin/stage1-rustc/aarch64-apple-darwin/debug/deps/librustc_lexer-b988e895f018640a.rmeta --extern rustc_lint_defs=/Users/girivs/src/rust-tantraos/build/aarch64-apple-darwin/stage1-rustc/aarch64-apple-darwin/debug/deps/librustc_lint_defs-964ebbc4d3457239.rmeta --extern rustc_macros=/Users/girivs/src/rust-tantraos/build/aarch64-apple-darwin/stage1-rustc/debug/deps/librustc_macros-82fd4294dca5b57c.dylib --extern rustc_parse=/Users/girivs/src/rust-tantraos/build/aarch64-apple-darwin/stage1-rustc/aarch64-apple-darwin/debug/deps/librustc_parse-d0ade8b6f510f5cb.rmeta --extern rustc_proc_macro=/Users/girivs/src/rust-tantraos/build/aarch64-apple-darwin/stage1-rustc/aarch64-apple-darwin/debug/deps/librustc_proc_macro-e492ef19f776a004.rmeta --extern rustc_serialize=/Users/girivs/src/rust-tantraos/build/aarch64-apple-darwin/stage1-rustc/aarch64-apple-darwin/debug/deps/librustc_serialize-5a0faa3d5df4fc89.rmeta --extern rustc_session=/Users/girivs/src/rust-tantraos/build/aarch64-apple-darwin/stage1-rustc/aarch64-apple-darwin/debug/deps/librustc_session-a2f907dc0b7ee91b.rmeta --extern rustc_span=/Users/girivs/src/rust-tantraos/build/aarch64-apple-darwin/stage1-rustc/aarch64-apple-darwin/debug/deps/librustc_span-d6bec53b237ec4c4.rmeta --extern smallvec=/Users/girivs/src/rust-tantraos/build/aarch64-apple-darwin/stage1-rustc/aarch64-apple-darwin/debug/deps/libsmallvec-47fd9e70f2e35cd9.rmeta --extern thin_vec=/Users/girivs/src/rust-tantraos/build/aarch64-apple-darwin/stage1-rustc/aarch64-apple-darwin/debug/deps/libthin_vec-3f8b2fc9c896cfb1.rmeta --extern tracing=/Users/girivs/src/rust-tantraos/build/aarch64-apple-darwin/stage1-rustc/aarch64-apple-darwin/debug/deps/libtracing-5605f2f867fad977.rmeta --cfg=bootstrap --cfg=windows_raw_dylib -Csymbol-mangling-version=v0 -Zunstable-options '--check-cfg=cfg(bootstrap)' '--check-cfg=cfg(llvm_enzyme)' -Zmacro-backtrace -Csplit-debuginfo=unpacked -Zosx-rpath-install-name '-Clink-args=-Wl,-rpath,@loader_path/../lib' -Alinker-messages -Zon-broken-pipe=kill -Clto=off -Z binary-dep-depinfo -L native=/Users/girivs/src/rust-tantraos/build/aarch64-apple-darwin/stage1-rustc/aarch64-apple-darwin/debug/build/psm-4644cc58932be6af/out -L native=/Users/girivs/src/rust-tantraos/build/aarch64-apple-darwin/stage1-rustc/aarch64-apple-darwin/debug/build/blake3-486d38906040b2a9/out`
       Dirty rustc_builtin_macros v0.0.0 (/Users/girivs/src/rust-tantraos/compiler/rustc_builtin_macros): the dependency rustc_target was rebuilt
   Compiling rustc_builtin_macros v0.0.0 (/Users/girivs/src/rust-tantraos/compiler/rustc_builtin_macros)
     Running `/Users/girivs/src/rust-tantraos/build/bootstrap/debug/rustc /Users/girivs/src/rust-tantraos/build/bootstrap/debug/rustc --crate-name rustc_builtin_macros --edition=2024 compiler/rustc_builtin_macros/src/lib.rs --error-format=json --json=diagnostic-rendered-ansi,artifacts,future-incompat --crate-type lib --emit=dep-info,metadata,link -C embed-bitcode=no -C codegen-units=16 -C debug-assertions=off --check-cfg 'cfg(docsrs,test)' --check-cfg 'cfg(feature, values())' -C metadata=9abde218fccf7dd1 -C extra-filename=-fabec34a1763cbd7 --out-dir /Users/girivs/src/rust-tantraos/build/aarch64-apple-darwin/stage1-rustc/aarch64-apple-darwin/debug/deps --target aarch64-apple-darwin -L dependency=/Users/girivs/src/rust-tantraos/build/aarch64-apple-darwin/stage1-rustc/aarch64-apple-darwin/debug/deps -L dependency=/Users/girivs/src/rust-tantraos/build/aarch64-apple-darwin/stage1-rustc/debug/deps --extern rustc_ast=/Users/girivs/src/rust-tantraos/build/aarch64-apple-darwin/stage1-rustc/aarch64-apple-darwin/debug/deps/librustc_ast-986d44ba93a5512b.rmeta --extern rustc_ast_pretty=/Users/girivs/src/rust-tantraos/build/aarch64-apple-darwin/stage1-rustc/aarch64-apple-darwin/debug/deps/librustc_ast_pretty-e5f9988db04cd780.rmeta --extern rustc_attr_parsing=/Users/girivs/src/rust-tantraos/build/aarch64-apple-darwin/stage1-rustc/aarch64-apple-darwin/debug/deps/librustc_attr_parsing-362765332dccbe89.rmeta --extern rustc_data_structures=/Users/girivs/src/rust-tantraos/build/aarch64-apple-darwin/stage1-rustc/aarch64-apple-darwin/debug/deps/librustc_data_structures-53324afa57622985.rmeta --extern rustc_errors=/Users/girivs/src/rust-tantraos/build/aarch64-apple-darwin/stage1-rustc/aarch64-apple-darwin/debug/deps/librustc_errors-89d154c028688311.rmeta --extern rustc_expand=/Users/girivs/src/rust-tantraos/build/aarch64-apple-darwin/stage1-rustc/aarch64-apple-darwin/debug/deps/librustc_expand-f1c9eba824dcfc81.rmeta --extern rustc_feature=/Users/girivs/src/rust-tantraos/build/aarch64-apple-darwin/stage1-rustc/aarch64-apple-darwin/debug/deps/librustc_feature-408fdd73cabbcdd5.rmeta --extern rustc_fluent_macro=/Users/girivs/src/rust-tantraos/build/aarch64-apple-darwin/stage1-rustc/debug/deps/librustc_fluent_macro-6a93aa79dabde813.dylib --extern rustc_hir=/Users/girivs/src/rust-tantraos/build/aarch64-apple-darwin/stage1-rustc/aarch64-apple-darwin/debug/deps/librustc_hir-48fcfc8b9aa9f89a.rmeta --extern rustc_index=/Users/girivs/src/rust-tantraos/build/aarch64-apple-darwin/stage1-rustc/aarch64-apple-darwin/debug/deps/librustc_index-2bf14f55015abfd3.rmeta --extern rustc_lexer=/Users/girivs/src/rust-tantraos/build/aarch64-apple-darwin/stage1-rustc/aarch64-apple-darwin/debug/deps/librustc_lexer-b988e895f018640a.rmeta --extern rustc_lint_defs=/Users/girivs/src/rust-tantraos/build/aarch64-apple-darwin/stage1-rustc/aarch64-apple-darwin/debug/deps/librustc_lint_defs-964ebbc4d3457239.rmeta --extern rustc_macros=/Users/girivs/src/rust-tantraos/build/aarch64-apple-darwin/stage1-rustc/debug/deps/librustc_macros-82fd4294dca5b57c.dylib --extern rustc_parse=/Users/girivs/src/rust-tantraos/build/aarch64-apple-darwin/stage1-rustc/aarch64-apple-darwin/debug/deps/librustc_parse-d0ade8b6f510f5cb.rmeta --extern rustc_parse_format=/Users/girivs/src/rust-tantraos/build/aarch64-apple-darwin/stage1-rustc/aarch64-apple-darwin/debug/deps/librustc_parse_format-8df52de1aa822d64.rmeta --extern rustc_proc_macro=/Users/girivs/src/rust-tantraos/build/aarch64-apple-darwin/stage1-rustc/aarch64-apple-darwin/debug/deps/librustc_proc_macro-e492ef19f776a004.rmeta --extern rustc_session=/Users/girivs/src/rust-tantraos/build/aarch64-apple-darwin/stage1-rustc/aarch64-apple-darwin/debug/deps/librustc_session-a2f907dc0b7ee91b.rmeta --extern rustc_span=/Users/girivs/src/rust-tantraos/build/aarch64-apple-darwin/stage1-rustc/aarch64-apple-darwin/debug/deps/librustc_span-d6bec53b237ec4c4.rmeta --extern rustc_target=/Users/girivs/src/rust-tantraos/build/aarch64-apple-darwin/stage1-rustc/aarch64-apple-darwin/debug/deps/librustc_target-35cf86096f412775.rmeta --extern smallvec=/Users/girivs/src/rust-tantraos/build/aarch64-apple-darwin/stage1-rustc/aarch64-apple-darwin/debug/deps/libsmallvec-47fd9e70f2e35cd9.rmeta --extern thin_vec=/Users/girivs/src/rust-tantraos/build/aarch64-apple-darwin/stage1-rustc/aarch64-apple-darwin/debug/deps/libthin_vec-3f8b2fc9c896cfb1.rmeta --extern tracing=/Users/girivs/src/rust-tantraos/build/aarch64-apple-darwin/stage1-rustc/aarch64-apple-darwin/debug/deps/libtracing-5605f2f867fad977.rmeta --cfg=bootstrap --cfg=windows_raw_dylib -Csymbol-mangling-version=v0 -Zunstable-options '--check-cfg=cfg(bootstrap)' '--check-cfg=cfg(llvm_enzyme)' -Zmacro-backtrace -Csplit-debuginfo=unpacked -Zosx-rpath-install-name '-Clink-args=-Wl,-rpath,@loader_path/../lib' -Alinker-messages -Zon-broken-pipe=kill -Clto=off -Z binary-dep-depinfo -L native=/Users/girivs/src/rust-tantraos/build/aarch64-apple-darwin/stage1-rustc/aarch64-apple-darwin/debug/build/psm-4644cc58932be6af/out -L native=/Users/girivs/src/rust-tantraos/build/aarch64-apple-darwin/stage1-rustc/aarch64-apple-darwin/debug/build/blake3-486d38906040b2a9/out`
       Dirty rustc_infer v0.0.0 (/Users/girivs/src/rust-tantraos/compiler/rustc_infer): the dependency rustc_hir was rebuilt
   Compiling rustc_infer v0.0.0 (/Users/girivs/src/rust-tantraos/compiler/rustc_infer)
       Dirty rustc_transmute v0.0.0 (/Users/girivs/src/rust-tantraos/compiler/rustc_transmute): the dependency rustc_hir was rebuilt
   Compiling rustc_transmute v0.0.0 (/Users/girivs/src/rust-tantraos/compiler/rustc_transmute)
       Dirty rustc_incremental v0.0.0 (/Users/girivs/src/rust-tantraos/compiler/rustc_incremental): the dependency rustc_session was rebuilt
   Compiling rustc_incremental v0.0.0 (/Users/girivs/src/rust-tantraos/compiler/rustc_incremental)
       Dirty rustc_mir_dataflow v0.0.0 (/Users/girivs/src/rust-tantraos/compiler/rustc_mir_dataflow): the dependency rustc_middle was rebuilt
   Compiling rustc_mir_dataflow v0.0.0 (/Users/girivs/src/rust-tantraos/compiler/rustc_mir_dataflow)
       Dirty rustc_symbol_mangling v0.0.0 (/Users/girivs/src/rust-tantraos/compiler/rustc_symbol_mangling): the dependency rustc_session was rebuilt
   Compiling rustc_symbol_mangling v0.0.0 (/Users/girivs/src/rust-tantraos/compiler/rustc_symbol_mangling)
       Dirty rustc_pattern_analysis v0.0.0 (/Users/girivs/src/rust-tantraos/compiler/rustc_pattern_analysis): the dependency rustc_session was rebuilt
   Compiling rustc_pattern_analysis v0.0.0 (/Users/girivs/src/rust-tantraos/compiler/rustc_pattern_analysis)
       Dirty rustc_ast_lowering v0.0.0 (/Users/girivs/src/rust-tantraos/compiler/rustc_ast_lowering): the dependency rustc_target was rebuilt
   Compiling rustc_ast_lowering v0.0.0 (/Users/girivs/src/rust-tantraos/compiler/rustc_ast_lowering)
       Dirty rustc_monomorphize v0.0.0 (/Users/girivs/src/rust-tantraos/compiler/rustc_monomorphize): the dependency rustc_target was rebuilt
   Compiling rustc_monomorphize v0.0.0 (/Users/girivs/src/rust-tantraos/compiler/rustc_monomorphize)
       Dirty rustc_query_impl v0.0.0 (/Users/girivs/src/rust-tantraos/compiler/rustc_query_impl): the dependency rustc_hir was rebuilt
   Compiling rustc_query_impl v0.0.0 (/Users/girivs/src/rust-tantraos/compiler/rustc_query_impl)
     Running `/Users/girivs/src/rust-tantraos/build/bootstrap/debug/rustc /Users/girivs/src/rust-tantraos/build/bootstrap/debug/rustc --crate-name rustc_infer --edition=2024 compiler/rustc_infer/src/lib.rs --error-format=json --json=diagnostic-rendered-ansi,artifacts,future-incompat --crate-type lib --emit=dep-info,metadata,link -C embed-bitcode=no -C codegen-units=16 -C debug-assertions=off --check-cfg 'cfg(docsrs,test)' --check-cfg 'cfg(feature, values())' -C metadata=e732a2e002b740b1 -C extra-filename=-c26c8f4fe6f1661c --out-dir /Users/girivs/src/rust-tantraos/build/aarch64-apple-darwin/stage1-rustc/aarch64-apple-darwin/debug/deps --target aarch64-apple-darwin -L dependency=/Users/girivs/src/rust-tantraos/build/aarch64-apple-darwin/stage1-rustc/aarch64-apple-darwin/debug/deps -L dependency=/Users/girivs/src/rust-tantraos/build/aarch64-apple-darwin/stage1-rustc/debug/deps --extern rustc_data_structures=/Users/girivs/src/rust-tantraos/build/aarch64-apple-darwin/stage1-rustc/aarch64-apple-darwin/debug/deps/librustc_data_structures-53324afa57622985.rmeta --extern rustc_errors=/Users/girivs/src/rust-tantraos/build/aarch64-apple-darwin/stage1-rustc/aarch64-apple-darwin/debug/deps/librustc_errors-89d154c028688311.rmeta --extern rustc_fluent_macro=/Users/girivs/src/rust-tantraos/build/aarch64-apple-darwin/stage1-rustc/debug/deps/librustc_fluent_macro-6a93aa79dabde813.dylib --extern rustc_hir=/Users/girivs/src/rust-tantraos/build/aarch64-apple-darwin/stage1-rustc/aarch64-apple-darwin/debug/deps/librustc_hir-48fcfc8b9aa9f89a.rmeta --extern rustc_index=/Users/girivs/src/rust-tantraos/build/aarch64-apple-darwin/stage1-rustc/aarch64-apple-darwin/debug/deps/librustc_index-2bf14f55015abfd3.rmeta --extern rustc_macros=/Users/girivs/src/rust-tantraos/build/aarch64-apple-darwin/stage1-rustc/debug/deps/librustc_macros-82fd4294dca5b57c.dylib --extern rustc_middle=/Users/girivs/src/rust-tantraos/build/aarch64-apple-darwin/stage1-rustc/aarch64-apple-darwin/debug/deps/librustc_middle-4856c36a9d44bf79.rmeta --extern rustc_span=/Users/girivs/src/rust-tantraos/build/aarch64-apple-darwin/stage1-rustc/aarch64-apple-darwin/debug/deps/librustc_span-d6bec53b237ec4c4.rmeta --extern rustc_type_ir=/Users/girivs/src/rust-tantraos/build/aarch64-apple-darwin/stage1-rustc/aarch64-apple-darwin/debug/deps/librustc_type_ir-100eaeb3aab77e1b.rmeta --extern smallvec=/Users/girivs/src/rust-tantraos/build/aarch64-apple-darwin/stage1-rustc/aarch64-apple-darwin/debug/deps/libsmallvec-47fd9e70f2e35cd9.rmeta --extern thin_vec=/Users/girivs/src/rust-tantraos/build/aarch64-apple-darwin/stage1-rustc/aarch64-apple-darwin/debug/deps/libthin_vec-3f8b2fc9c896cfb1.rmeta --extern tracing=/Users/girivs/src/rust-tantraos/build/aarch64-apple-darwin/stage1-rustc/aarch64-apple-darwin/debug/deps/libtracing-5605f2f867fad977.rmeta --cfg=bootstrap --cfg=windows_raw_dylib -Csymbol-mangling-version=v0 -Zunstable-options '--check-cfg=cfg(bootstrap)' '--check-cfg=cfg(llvm_enzyme)' -Zmacro-backtrace -Csplit-debuginfo=unpacked -Zosx-rpath-install-name '-Clink-args=-Wl,-rpath,@loader_path/../lib' -Alinker-messages -Zon-broken-pipe=kill -Clto=off -Z binary-dep-depinfo -L native=/Users/girivs/src/rust-tantraos/build/aarch64-apple-darwin/stage1-rustc/aarch64-apple-darwin/debug/build/psm-4644cc58932be6af/out -L native=/Users/girivs/src/rust-tantraos/build/aarch64-apple-darwin/stage1-rustc/aarch64-apple-darwin/debug/build/blake3-486d38906040b2a9/out`
     Running `/Users/girivs/src/rust-tantraos/build/bootstrap/debug/rustc /Users/girivs/src/rust-tantraos/build/bootstrap/debug/rustc --crate-name rustc_incremental --edition=2024 compiler/rustc_incremental/src/lib.rs --error-format=json --json=diagnostic-rendered-ansi,artifacts,future-incompat --crate-type lib --emit=dep-info,metadata,link -C embed-bitcode=no -C codegen-units=16 -C debug-assertions=off --check-cfg 'cfg(docsrs,test)' --check-cfg 'cfg(feature, values())' -C metadata=3b7bd438fd9afcb7 -C extra-filename=-0403c0da8cf745b1 --out-dir /Users/girivs/src/rust-tantraos/build/aarch64-apple-darwin/stage1-rustc/aarch64-apple-darwin/debug/deps --target aarch64-apple-darwin -L dependency=/Users/girivs/src/rust-tantraos/build/aarch64-apple-darwin/stage1-rustc/aarch64-apple-darwin/debug/deps -L dependency=/Users/girivs/src/rust-tantraos/build/aarch64-apple-darwin/stage1-rustc/debug/deps --extern rand=/Users/girivs/src/rust-tantraos/build/aarch64-apple-darwin/stage1-rustc/aarch64-apple-darwin/debug/deps/librand-eaff6722d4d0be2a.rmeta --extern rustc_ast=/Users/girivs/src/rust-tantraos/build/aarch64-apple-darwin/stage1-rustc/aarch64-apple-darwin/debug/deps/librustc_ast-986d44ba93a5512b.rmeta --extern rustc_data_structures=/Users/girivs/src/rust-tantraos/build/aarch64-apple-darwin/stage1-rustc/aarch64-apple-darwin/debug/deps/librustc_data_structures-53324afa57622985.rmeta --extern rustc_errors=/Users/girivs/src/rust-tantraos/build/aarch64-apple-darwin/stage1-rustc/aarch64-apple-darwin/debug/deps/librustc_errors-89d154c028688311.rmeta --extern rustc_fluent_macro=/Users/girivs/src/rust-tantraos/build/aarch64-apple-darwin/stage1-rustc/debug/deps/librustc_fluent_macro-6a93aa79dabde813.dylib --extern rustc_fs_util=/Users/girivs/src/rust-tantraos/build/aarch64-apple-darwin/stage1-rustc/aarch64-apple-darwin/debug/deps/librustc_fs_util-15cace19e9869a25.rmeta --extern rustc_graphviz=/Users/girivs/src/rust-tantraos/build/aarch64-apple-darwin/stage1-rustc/aarch64-apple-darwin/debug/deps/librustc_graphviz-1fddc535a76729a1.rmeta --extern rustc_hashes=/Users/girivs/src/rust-tantraos/build/aarch64-apple-darwin/stage1-rustc/aarch64-apple-darwin/debug/deps/librustc_hashes-f21b6e9214cef269.rmeta --extern rustc_hir=/Users/girivs/src/rust-tantraos/build/aarch64-apple-darwin/stage1-rustc/aarch64-apple-darwin/debug/deps/librustc_hir-48fcfc8b9aa9f89a.rmeta --extern rustc_macros=/Users/girivs/src/rust-tantraos/build/aarch64-apple-darwin/stage1-rustc/debug/deps/librustc_macros-82fd4294dca5b57c.dylib --extern rustc_middle=/Users/girivs/src/rust-tantraos/build/aarch64-apple-darwin/stage1-rustc/aarch64-apple-darwin/debug/deps/librustc_middle-4856c36a9d44bf79.rmeta --extern rustc_serialize=/Users/girivs/src/rust-tantraos/build/aarch64-apple-darwin/stage1-rustc/aarch64-apple-darwin/debug/deps/librustc_serialize-5a0faa3d5df4fc89.rmeta --extern rustc_session=/Users/girivs/src/rust-tantraos/build/aarch64-apple-darwin/stage1-rustc/aarch64-apple-darwin/debug/deps/librustc_session-a2f907dc0b7ee91b.rmeta --extern rustc_span=/Users/girivs/src/rust-tantraos/build/aarch64-apple-darwin/stage1-rustc/aarch64-apple-darwin/debug/deps/librustc_span-d6bec53b237ec4c4.rmeta --extern thin_vec=/Users/girivs/src/rust-tantraos/build/aarch64-apple-darwin/stage1-rustc/aarch64-apple-darwin/debug/deps/libthin_vec-3f8b2fc9c896cfb1.rmeta --extern tracing=/Users/girivs/src/rust-tantraos/build/aarch64-apple-darwin/stage1-rustc/aarch64-apple-darwin/debug/deps/libtracing-5605f2f867fad977.rmeta --cfg=bootstrap --cfg=windows_raw_dylib -Csymbol-mangling-version=v0 -Zunstable-options '--check-cfg=cfg(bootstrap)' '--check-cfg=cfg(llvm_enzyme)' -Zmacro-backtrace -Csplit-debuginfo=unpacked -Zosx-rpath-install-name '-Clink-args=-Wl,-rpath,@loader_path/../lib' -Alinker-messages -Zon-broken-pipe=kill -Clto=off -Z binary-dep-depinfo -L native=/Users/girivs/src/rust-tantraos/build/aarch64-apple-darwin/stage1-rustc/aarch64-apple-darwin/debug/build/psm-4644cc58932be6af/out -L native=/Users/girivs/src/rust-tantraos/build/aarch64-apple-darwin/stage1-rustc/aarch64-apple-darwin/debug/build/blake3-486d38906040b2a9/out`
     Running `/Users/girivs/src/rust-tantraos/build/bootstrap/debug/rustc /Users/girivs/src/rust-tantraos/build/bootstrap/debug/rustc --crate-name rustc_transmute --edition=2024 compiler/rustc_transmute/src/lib.rs --error-format=json --json=diagnostic-rendered-ansi,artifacts,future-incompat --crate-type lib --emit=dep-info,metadata,link -C embed-bitcode=no -C codegen-units=16 -C debug-assertions=off --cfg 'feature="rustc"' --check-cfg 'cfg(docsrs,test)' --check-cfg 'cfg(feature, values("rustc"))' -C metadata=16b2e00a99309f8a -C extra-filename=-3bc913eea30d3574 --out-dir /Users/girivs/src/rust-tantraos/build/aarch64-apple-darwin/stage1-rustc/aarch64-apple-darwin/debug/deps --target aarch64-apple-darwin -L dependency=/Users/girivs/src/rust-tantraos/build/aarch64-apple-darwin/stage1-rustc/aarch64-apple-darwin/debug/deps -L dependency=/Users/girivs/src/rust-tantraos/build/aarch64-apple-darwin/stage1-rustc/debug/deps --extern rustc_abi=/Users/girivs/src/rust-tantraos/build/aarch64-apple-darwin/stage1-rustc/aarch64-apple-darwin/debug/deps/librustc_abi-09e488c880f2e0a3.rmeta --extern rustc_data_structures=/Users/girivs/src/rust-tantraos/build/aarch64-apple-darwin/stage1-rustc/aarch64-apple-darwin/debug/deps/librustc_data_structures-53324afa57622985.rmeta --extern rustc_hir=/Users/girivs/src/rust-tantraos/build/aarch64-apple-darwin/stage1-rustc/aarch64-apple-darwin/debug/deps/librustc_hir-48fcfc8b9aa9f89a.rmeta --extern rustc_middle=/Users/girivs/src/rust-tantraos/build/aarch64-apple-darwin/stage1-rustc/aarch64-apple-darwin/debug/deps/librustc_middle-4856c36a9d44bf79.rmeta --extern rustc_span=/Users/girivs/src/rust-tantraos/build/aarch64-apple-darwin/stage1-rustc/aarch64-apple-darwin/debug/deps/librustc_span-d6bec53b237ec4c4.rmeta --extern smallvec=/Users/girivs/src/rust-tantraos/build/aarch64-apple-darwin/stage1-rustc/aarch64-apple-darwin/debug/deps/libsmallvec-47fd9e70f2e35cd9.rmeta --extern tracing=/Users/girivs/src/rust-tantraos/build/aarch64-apple-darwin/stage1-rustc/aarch64-apple-darwin/debug/deps/libtracing-5605f2f867fad977.rmeta --cfg=bootstrap --cfg=windows_raw_dylib -Csymbol-mangling-version=v0 -Zunstable-options '--check-cfg=cfg(bootstrap)' '--check-cfg=cfg(llvm_enzyme)' -Zmacro-backtrace -Csplit-debuginfo=unpacked -Zosx-rpath-install-name '-Clink-args=-Wl,-rpath,@loader_path/../lib' -Alinker-messages -Zon-broken-pipe=kill -Clto=off -Z binary-dep-depinfo -L native=/Users/girivs/src/rust-tantraos/build/aarch64-apple-darwin/stage1-rustc/aarch64-apple-darwin/debug/build/psm-4644cc58932be6af/out -L native=/Users/girivs/src/rust-tantraos/build/aarch64-apple-darwin/stage1-rustc/aarch64-apple-darwin/debug/build/blake3-486d38906040b2a9/out`
     Running `/Users/girivs/src/rust-tantraos/build/bootstrap/debug/rustc /Users/girivs/src/rust-tantraos/build/bootstrap/debug/rustc --crate-name rustc_ast_lowering --edition=2024 compiler/rustc_ast_lowering/src/lib.rs --error-format=json --json=diagnostic-rendered-ansi,artifacts,future-incompat --crate-type lib --emit=dep-info,metadata,link -C embed-bitcode=no -C codegen-units=16 -C debug-assertions=off --check-cfg 'cfg(docsrs,test)' --check-cfg 'cfg(feature, values())' -C metadata=2b687d2ca026ae63 -C extra-filename=-e2a5d3f5b909baa8 --out-dir /Users/girivs/src/rust-tantraos/build/aarch64-apple-darwin/stage1-rustc/aarch64-apple-darwin/debug/deps --target aarch64-apple-darwin -L dependency=/Users/girivs/src/rust-tantraos/build/aarch64-apple-darwin/stage1-rustc/aarch64-apple-darwin/debug/deps -L dependency=/Users/girivs/src/rust-tantraos/build/aarch64-apple-darwin/stage1-rustc/debug/deps --extern rustc_abi=/Users/girivs/src/rust-tantraos/build/aarch64-apple-darwin/stage1-rustc/aarch64-apple-darwin/debug/deps/librustc_abi-09e488c880f2e0a3.rmeta --extern rustc_ast=/Users/girivs/src/rust-tantraos/build/aarch64-apple-darwin/stage1-rustc/aarch64-apple-darwin/debug/deps/librustc_ast-986d44ba93a5512b.rmeta --extern rustc_ast_pretty=/Users/girivs/src/rust-tantraos/build/aarch64-apple-darwin/stage1-rustc/aarch64-apple-darwin/debug/deps/librustc_ast_pretty-e5f9988db04cd780.rmeta --extern rustc_attr_parsing=/Users/girivs/src/rust-tantraos/build/aarch64-apple-darwin/stage1-rustc/aarch64-apple-darwin/debug/deps/librustc_attr_parsing-362765332dccbe89.rmeta --extern rustc_data_structures=/Users/girivs/src/rust-tantraos/build/aarch64-apple-darwin/stage1-rustc/aarch64-apple-darwin/debug/deps/librustc_data_structures-53324afa57622985.rmeta --extern rustc_errors=/Users/girivs/src/rust-tantraos/build/aarch64-apple-darwin/stage1-rustc/aarch64-apple-darwin/debug/deps/librustc_errors-89d154c028688311.rmeta --extern rustc_feature=/Users/girivs/src/rust-tantraos/build/aarch64-apple-darwin/stage1-rustc/aarch64-apple-darwin/debug/deps/librustc_feature-408fdd73cabbcdd5.rmeta --extern rustc_fluent_macro=/Users/girivs/src/rust-tantraos/build/aarch64-apple-darwin/stage1-rustc/debug/deps/librustc_fluent_macro-6a93aa79dabde813.dylib --extern rustc_hir=/Users/girivs/src/rust-tantraos/build/aarch64-apple-darwin/stage1-rustc/aarch64-apple-darwin/debug/deps/librustc_hir-48fcfc8b9aa9f89a.rmeta --extern rustc_index=/Users/girivs/src/rust-tantraos/build/aarch64-apple-darwin/stage1-rustc/aarch64-apple-darwin/debug/deps/librustc_index-2bf14f55015abfd3.rmeta --extern rustc_macros=/Users/girivs/src/rust-tantraos/build/aarch64-apple-darwin/stage1-rustc/debug/deps/librustc_macros-82fd4294dca5b57c.dylib --extern rustc_middle=/Users/girivs/src/rust-tantraos/build/aarch64-apple-darwin/stage1-rustc/aarch64-apple-darwin/debug/deps/librustc_middle-4856c36a9d44bf79.rmeta --extern rustc_session=/Users/girivs/src/rust-tantraos/build/aarch64-apple-darwin/stage1-rustc/aarch64-apple-darwin/debug/deps/librustc_session-a2f907dc0b7ee91b.rmeta --extern rustc_span=/Users/girivs/src/rust-tantraos/build/aarch64-apple-darwin/stage1-rustc/aarch64-apple-darwin/debug/deps/librustc_span-d6bec53b237ec4c4.rmeta --extern rustc_target=/Users/girivs/src/rust-tantraos/build/aarch64-apple-darwin/stage1-rustc/aarch64-apple-darwin/debug/deps/librustc_target-35cf86096f412775.rmeta --extern smallvec=/Users/girivs/src/rust-tantraos/build/aarch64-apple-darwin/stage1-rustc/aarch64-apple-darwin/debug/deps/libsmallvec-47fd9e70f2e35cd9.rmeta --extern thin_vec=/Users/girivs/src/rust-tantraos/build/aarch64-apple-darwin/stage1-rustc/aarch64-apple-darwin/debug/deps/libthin_vec-3f8b2fc9c896cfb1.rmeta --extern tracing=/Users/girivs/src/rust-tantraos/build/aarch64-apple-darwin/stage1-rustc/aarch64-apple-darwin/debug/deps/libtracing-5605f2f867fad977.rmeta --cfg=bootstrap --cfg=windows_raw_dylib -Csymbol-mangling-version=v0 -Zunstable-options '--check-cfg=cfg(bootstrap)' '--check-cfg=cfg(llvm_enzyme)' -Zmacro-backtrace -Csplit-debuginfo=unpacked -Zosx-rpath-install-name '-Clink-args=-Wl,-rpath,@loader_path/../lib' -Alinker-messages -Zon-broken-pipe=kill -Clto=off -Z binary-dep-depinfo -L native=/Users/girivs/src/rust-tantraos/build/aarch64-apple-darwin/stage1-rustc/aarch64-apple-darwin/debug/build/psm-4644cc58932be6af/out -L native=/Users/girivs/src/rust-tantraos/build/aarch64-apple-darwin/stage1-rustc/aarch64-apple-darwin/debug/build/blake3-486d38906040b2a9/out`
     Running `/Users/girivs/src/rust-tantraos/build/bootstrap/debug/rustc /Users/girivs/src/rust-tantraos/build/bootstrap/debug/rustc --crate-name rustc_query_impl --edition=2024 compiler/rustc_query_impl/src/lib.rs --error-format=json --json=diagnostic-rendered-ansi,artifacts,future-incompat --crate-type lib --emit=dep-info,metadata,link -C embed-bitcode=no -C codegen-units=16 -C debug-assertions=off --check-cfg 'cfg(docsrs,test)' --check-cfg 'cfg(feature, values())' -C metadata=cd99ad0b01157e02 -C extra-filename=-9f96679472d93131 --out-dir /Users/girivs/src/rust-tantraos/build/aarch64-apple-darwin/stage1-rustc/aarch64-apple-darwin/debug/deps --target aarch64-apple-darwin -L dependency=/Users/girivs/src/rust-tantraos/build/aarch64-apple-darwin/stage1-rustc/aarch64-apple-darwin/debug/deps -L dependency=/Users/girivs/src/rust-tantraos/build/aarch64-apple-darwin/stage1-rustc/debug/deps --extern measureme=/Users/girivs/src/rust-tantraos/build/aarch64-apple-darwin/stage1-rustc/aarch64-apple-darwin/debug/deps/libmeasureme-c53afd3aa998f0e1.rmeta --extern rustc_data_structures=/Users/girivs/src/rust-tantraos/build/aarch64-apple-darwin/stage1-rustc/aarch64-apple-darwin/debug/deps/librustc_data_structures-53324afa57622985.rmeta --extern rustc_hashes=/Users/girivs/src/rust-tantraos/build/aarch64-apple-darwin/stage1-rustc/aarch64-apple-darwin/debug/deps/librustc_hashes-f21b6e9214cef269.rmeta --extern rustc_hir=/Users/girivs/src/rust-tantraos/build/aarch64-apple-darwin/stage1-rustc/aarch64-apple-darwin/debug/deps/librustc_hir-48fcfc8b9aa9f89a.rmeta --extern rustc_index=/Users/girivs/src/rust-tantraos/build/aarch64-apple-darwin/stage1-rustc/aarch64-apple-darwin/debug/deps/librustc_index-2bf14f55015abfd3.rmeta --extern rustc_middle=/Users/girivs/src/rust-tantraos/build/aarch64-apple-darwin/stage1-rustc/aarch64-apple-darwin/debug/deps/librustc_middle-4856c36a9d44bf79.rmeta --extern rustc_query_system=/Users/girivs/src/rust-tantraos/build/aarch64-apple-darwin/stage1-rustc/aarch64-apple-darwin/debug/deps/librustc_query_system-48bb7dd372d0b900.rmeta --extern rustc_serialize=/Users/girivs/src/rust-tantraos/build/aarch64-apple-darwin/stage1-rustc/aarch64-apple-darwin/debug/deps/librustc_serialize-5a0faa3d5df4fc89.rmeta --extern rustc_span=/Users/girivs/src/rust-tantraos/build/aarch64-apple-darwin/stage1-rustc/aarch64-apple-darwin/debug/deps/librustc_span-d6bec53b237ec4c4.rmeta --extern tracing=/Users/girivs/src/rust-tantraos/build/aarch64-apple-darwin/stage1-rustc/aarch64-apple-darwin/debug/deps/libtracing-5605f2f867fad977.rmeta --cfg=bootstrap --cfg=windows_raw_dylib -Csymbol-mangling-version=v0 -Zunstable-options '--check-cfg=cfg(bootstrap)' '--check-cfg=cfg(llvm_enzyme)' -Zmacro-backtrace -Csplit-debuginfo=unpacked -Zosx-rpath-install-name '-Clink-args=-Wl,-rpath,@loader_path/../lib' -Alinker-messages -Zon-broken-pipe=kill -Clto=off -Z binary-dep-depinfo -L native=/Users/girivs/src/rust-tantraos/build/aarch64-apple-darwin/stage1-rustc/aarch64-apple-darwin/debug/build/psm-4644cc58932be6af/out -L native=/Users/girivs/src/rust-tantraos/build/aarch64-apple-darwin/stage1-rustc/aarch64-apple-darwin/debug/build/blake3-486d38906040b2a9/out`
     Running `/Users/girivs/src/rust-tantraos/build/bootstrap/debug/rustc /Users/girivs/src/rust-tantraos/build/bootstrap/debug/rustc --crate-name rustc_symbol_mangling --edition=2024 compiler/rustc_symbol_mangling/src/lib.rs --error-format=json --json=diagnostic-rendered-ansi,artifacts,future-incompat --crate-type lib --emit=dep-info,metadata,link -C embed-bitcode=no -C codegen-units=16 -C debug-assertions=off --check-cfg 'cfg(docsrs,test)' --check-cfg 'cfg(feature, values())' -C metadata=c1f423b5b9228145 -C extra-filename=-afc9f98714ddb03c --out-dir /Users/girivs/src/rust-tantraos/build/aarch64-apple-darwin/stage1-rustc/aarch64-apple-darwin/debug/deps --target aarch64-apple-darwin -L dependency=/Users/girivs/src/rust-tantraos/build/aarch64-apple-darwin/stage1-rustc/aarch64-apple-darwin/debug/deps -L dependency=/Users/girivs/src/rust-tantraos/build/aarch64-apple-darwin/stage1-rustc/debug/deps --extern punycode=/Users/girivs/src/rust-tantraos/build/aarch64-apple-darwin/stage1-rustc/aarch64-apple-darwin/debug/deps/libpunycode-7afed16f2286f91b.rmeta --extern rustc_demangle=/Users/girivs/src/rust-tantraos/build/aarch64-apple-darwin/stage1-rustc/aarch64-apple-darwin/debug/deps/librustc_demangle-304bdd798810d54e.rmeta --extern rustc_abi=/Users/girivs/src/rust-tantraos/build/aarch64-apple-darwin/stage1-rustc/aarch64-apple-darwin/debug/deps/librustc_abi-09e488c880f2e0a3.rmeta --extern rustc_data_structures=/Users/girivs/src/rust-tantraos/build/aarch64-apple-darwin/stage1-rustc/aarch64-apple-darwin/debug/deps/librustc_data_structures-53324afa57622985.rmeta --extern rustc_errors=/Users/girivs/src/rust-tantraos/build/aarch64-apple-darwin/stage1-rustc/aarch64-apple-darwin/debug/deps/librustc_errors-89d154c028688311.rmeta --extern rustc_hashes=/Users/girivs/src/rust-tantraos/build/aarch64-apple-darwin/stage1-rustc/aarch64-apple-darwin/debug/deps/librustc_hashes-f21b6e9214cef269.rmeta --extern rustc_hir=/Users/girivs/src/rust-tantraos/build/aarch64-apple-darwin/stage1-rustc/aarch64-apple-darwin/debug/deps/librustc_hir-48fcfc8b9aa9f89a.rmeta --extern rustc_middle=/Users/girivs/src/rust-tantraos/build/aarch64-apple-darwin/stage1-rustc/aarch64-apple-darwin/debug/deps/librustc_middle-4856c36a9d44bf79.rmeta --extern rustc_session=/Users/girivs/src/rust-tantraos/build/aarch64-apple-darwin/stage1-rustc/aarch64-apple-darwin/debug/deps/librustc_session-a2f907dc0b7ee91b.rmeta --extern rustc_span=/Users/girivs/src/rust-tantraos/build/aarch64-apple-darwin/stage1-rustc/aarch64-apple-darwin/debug/deps/librustc_span-d6bec53b237ec4c4.rmeta --extern tracing=/Users/girivs/src/rust-tantraos/build/aarch64-apple-darwin/stage1-rustc/aarch64-apple-darwin/debug/deps/libtracing-5605f2f867fad977.rmeta --cfg=bootstrap --cfg=windows_raw_dylib -Csymbol-mangling-version=v0 -Zunstable-options '--check-cfg=cfg(bootstrap)' '--check-cfg=cfg(llvm_enzyme)' -Zmacro-backtrace -Csplit-debuginfo=unpacked -Zosx-rpath-install-name '-Clink-args=-Wl,-rpath,@loader_path/../lib' -Alinker-messages -Zon-broken-pipe=kill -Clto=off -Z binary-dep-depinfo -L native=/Users/girivs/src/rust-tantraos/build/aarch64-apple-darwin/stage1-rustc/aarch64-apple-darwin/debug/build/psm-4644cc58932be6af/out -L native=/Users/girivs/src/rust-tantraos/build/aarch64-apple-darwin/stage1-rustc/aarch64-apple-darwin/debug/build/blake3-486d38906040b2a9/out`
     Running `/Users/girivs/src/rust-tantraos/build/bootstrap/debug/rustc /Users/girivs/src/rust-tantraos/build/bootstrap/debug/rustc --crate-name rustc_monomorphize --edition=2024 compiler/rustc_monomorphize/src/lib.rs --error-format=json --json=diagnostic-rendered-ansi,artifacts,future-incompat --crate-type lib --emit=dep-info,metadata,link -C embed-bitcode=no -C codegen-units=16 -C debug-assertions=off --check-cfg 'cfg(docsrs,test)' --check-cfg 'cfg(feature, values())' -C metadata=ec524cadcdb2ff2b -C extra-filename=-9f3be6a72c911929 --out-dir /Users/girivs/src/rust-tantraos/build/aarch64-apple-darwin/stage1-rustc/aarch64-apple-darwin/debug/deps --target aarch64-apple-darwin -L dependency=/Users/girivs/src/rust-tantraos/build/aarch64-apple-darwin/stage1-rustc/aarch64-apple-darwin/debug/deps -L dependency=/Users/girivs/src/rust-tantraos/build/aarch64-apple-darwin/stage1-rustc/debug/deps --extern rustc_abi=/Users/girivs/src/rust-tantraos/build/aarch64-apple-darwin/stage1-rustc/aarch64-apple-darwin/debug/deps/librustc_abi-09e488c880f2e0a3.rmeta --extern rustc_data_structures=/Users/girivs/src/rust-tantraos/build/aarch64-apple-darwin/stage1-rustc/aarch64-apple-darwin/debug/deps/librustc_data_structures-53324afa57622985.rmeta --extern rustc_errors=/Users/girivs/src/rust-tantraos/build/aarch64-apple-darwin/stage1-rustc/aarch64-apple-darwin/debug/deps/librustc_errors-89d154c028688311.rmeta --extern rustc_fluent_macro=/Users/girivs/src/rust-tantraos/build/aarch64-apple-darwin/stage1-rustc/debug/deps/librustc_fluent_macro-6a93aa79dabde813.dylib --extern rustc_hir=/Users/girivs/src/rust-tantraos/build/aarch64-apple-darwin/stage1-rustc/aarch64-apple-darwin/debug/deps/librustc_hir-48fcfc8b9aa9f89a.rmeta --extern rustc_macros=/Users/girivs/src/rust-tantraos/build/aarch64-apple-darwin/stage1-rustc/debug/deps/librustc_macros-82fd4294dca5b57c.dylib --extern rustc_middle=/Users/girivs/src/rust-tantraos/build/aarch64-apple-darwin/stage1-rustc/aarch64-apple-darwin/debug/deps/librustc_middle-4856c36a9d44bf79.rmeta --extern rustc_session=/Users/girivs/src/rust-tantraos/build/aarch64-apple-darwin/stage1-rustc/aarch64-apple-darwin/debug/deps/librustc_session-a2f907dc0b7ee91b.rmeta --extern rustc_span=/Users/girivs/src/rust-tantraos/build/aarch64-apple-darwin/stage1-rustc/aarch64-apple-darwin/debug/deps/librustc_span-d6bec53b237ec4c4.rmeta --extern rustc_target=/Users/girivs/src/rust-tantraos/build/aarch64-apple-darwin/stage1-rustc/aarch64-apple-darwin/debug/deps/librustc_target-35cf86096f412775.rmeta --extern serde=/Users/girivs/src/rust-tantraos/build/aarch64-apple-darwin/stage1-rustc/aarch64-apple-darwin/debug/deps/libserde-2bd80ce89840e1ef.rmeta --extern serde_json=/Users/girivs/src/rust-tantraos/build/aarch64-apple-darwin/stage1-rustc/aarch64-apple-darwin/debug/deps/libserde_json-3c3126d7da243026.rmeta --extern tracing=/Users/girivs/src/rust-tantraos/build/aarch64-apple-darwin/stage1-rustc/aarch64-apple-darwin/debug/deps/libtracing-5605f2f867fad977.rmeta --cfg=bootstrap --cfg=windows_raw_dylib -Csymbol-mangling-version=v0 -Zunstable-options '--check-cfg=cfg(bootstrap)' '--check-cfg=cfg(llvm_enzyme)' -Zmacro-backtrace -Csplit-debuginfo=unpacked -Zosx-rpath-install-name '-Clink-args=-Wl,-rpath,@loader_path/../lib' -Alinker-messages -Zon-broken-pipe=kill -Clto=off -Z binary-dep-depinfo -L native=/Users/girivs/src/rust-tantraos/build/aarch64-apple-darwin/stage1-rustc/aarch64-apple-darwin/debug/build/psm-4644cc58932be6af/out -L native=/Users/girivs/src/rust-tantraos/build/aarch64-apple-darwin/stage1-rustc/aarch64-apple-darwin/debug/build/blake3-486d38906040b2a9/out`
     Running `/Users/girivs/src/rust-tantraos/build/bootstrap/debug/rustc /Users/girivs/src/rust-tantraos/build/bootstrap/debug/rustc --crate-name rustc_mir_dataflow --edition=2024 compiler/rustc_mir_dataflow/src/lib.rs --error-format=json --json=diagnostic-rendered-ansi,artifacts,future-incompat --crate-type lib --emit=dep-info,metadata,link -C embed-bitcode=no -C codegen-units=16 -C debug-assertions=off --check-cfg 'cfg(docsrs,test)' --check-cfg 'cfg(feature, values())' -C metadata=19887480fcd4a211 -C extra-filename=-eda3f45ee4844999 --out-dir /Users/girivs/src/rust-tantraos/build/aarch64-apple-darwin/stage1-rustc/aarch64-apple-darwin/debug/deps --target aarch64-apple-darwin -L dependency=/Users/girivs/src/rust-tantraos/build/aarch64-apple-darwin/stage1-rustc/aarch64-apple-darwin/debug/deps -L dependency=/Users/girivs/src/rust-tantraos/build/aarch64-apple-darwin/stage1-rustc/debug/deps --extern polonius_engine=/Users/girivs/src/rust-tantraos/build/aarch64-apple-darwin/stage1-rustc/aarch64-apple-darwin/debug/deps/libpolonius_engine-6dc856885141011f.rmeta --extern regex=/Users/girivs/src/rust-tantraos/build/aarch64-apple-darwin/stage1-rustc/aarch64-apple-darwin/debug/deps/libregex-eb8b8751f9b72e12.rmeta --extern rustc_abi=/Users/girivs/src/rust-tantraos/build/aarch64-apple-darwin/stage1-rustc/aarch64-apple-darwin/debug/deps/librustc_abi-09e488c880f2e0a3.rmeta --extern rustc_ast=/Users/girivs/src/rust-tantraos/build/aarch64-apple-darwin/stage1-rustc/aarch64-apple-darwin/debug/deps/librustc_ast-986d44ba93a5512b.rmeta --extern rustc_data_structures=/Users/girivs/src/rust-tantraos/build/aarch64-apple-darwin/stage1-rustc/aarch64-apple-darwin/debug/deps/librustc_data_structures-53324afa57622985.rmeta --extern rustc_errors=/Users/girivs/src/rust-tantraos/build/aarch64-apple-darwin/stage1-rustc/aarch64-apple-darwin/debug/deps/librustc_errors-89d154c028688311.rmeta --extern rustc_fluent_macro=/Users/girivs/src/rust-tantraos/build/aarch64-apple-darwin/stage1-rustc/debug/deps/librustc_fluent_macro-6a93aa79dabde813.dylib --extern rustc_graphviz=/Users/girivs/src/rust-tantraos/build/aarch64-apple-darwin/stage1-rustc/aarch64-apple-darwin/debug/deps/librustc_graphviz-1fddc535a76729a1.rmeta --extern rustc_index=/Users/girivs/src/rust-tantraos/build/aarch64-apple-darwin/stage1-rustc/aarch64-apple-darwin/debug/deps/librustc_index-2bf14f55015abfd3.rmeta --extern rustc_macros=/Users/girivs/src/rust-tantraos/build/aarch64-apple-darwin/stage1-rustc/debug/deps/librustc_macros-82fd4294dca5b57c.dylib --extern rustc_middle=/Users/girivs/src/rust-tantraos/build/aarch64-apple-darwin/stage1-rustc/aarch64-apple-darwin/debug/deps/librustc_middle-4856c36a9d44bf79.rmeta --extern rustc_span=/Users/girivs/src/rust-tantraos/build/aarch64-apple-darwin/stage1-rustc/aarch64-apple-darwin/debug/deps/librustc_span-d6bec53b237ec4c4.rmeta --extern smallvec=/Users/girivs/src/rust-tantraos/build/aarch64-apple-darwin/stage1-rustc/aarch64-apple-darwin/debug/deps/libsmallvec-47fd9e70f2e35cd9.rmeta --extern tracing=/Users/girivs/src/rust-tantraos/build/aarch64-apple-darwin/stage1-rustc/aarch64-apple-darwin/debug/deps/libtracing-5605f2f867fad977.rmeta --cfg=bootstrap --cfg=windows_raw_dylib -Csymbol-mangling-version=v0 -Zunstable-options '--check-cfg=cfg(bootstrap)' '--check-cfg=cfg(llvm_enzyme)' -Zmacro-backtrace -Csplit-debuginfo=unpacked -Zosx-rpath-install-name '-Clink-args=-Wl,-rpath,@loader_path/../lib' -Alinker-messages -Zon-broken-pipe=kill -Clto=off -Z binary-dep-depinfo -L native=/Users/girivs/src/rust-tantraos/build/aarch64-apple-darwin/stage1-rustc/aarch64-apple-darwin/debug/build/psm-4644cc58932be6af/out -L native=/Users/girivs/src/rust-tantraos/build/aarch64-apple-darwin/stage1-rustc/aarch64-apple-darwin/debug/build/blake3-486d38906040b2a9/out`
     Running `/Users/girivs/src/rust-tantraos/build/bootstrap/debug/rustc /Users/girivs/src/rust-tantraos/build/bootstrap/debug/rustc --crate-name rustc_pattern_analysis --edition=2024 compiler/rustc_pattern_analysis/src/lib.rs --error-format=json --json=diagnostic-rendered-ansi,artifacts,future-incompat --crate-type lib --emit=dep-info,metadata,link -C embed-bitcode=no -C codegen-units=16 -C debug-assertions=off --cfg 'feature="default"' --cfg 'feature="rustc"' --check-cfg 'cfg(docsrs,test)' --check-cfg 'cfg(feature, values("default", "rustc"))' -C metadata=bd447e407b3dfc3c -C extra-filename=-1a1206c75a50c3e2 --out-dir /Users/girivs/src/rust-tantraos/build/aarch64-apple-darwin/stage1-rustc/aarch64-apple-darwin/debug/deps --target aarch64-apple-darwin -L dependency=/Users/girivs/src/rust-tantraos/build/aarch64-apple-darwin/stage1-rustc/aarch64-apple-darwin/debug/deps -L dependency=/Users/girivs/src/rust-tantraos/build/aarch64-apple-darwin/stage1-rustc/debug/deps --extern rustc_hash=/Users/girivs/src/rust-tantraos/build/aarch64-apple-darwin/stage1-rustc/aarch64-apple-darwin/debug/deps/librustc_hash-23720359224c7ba6.rmeta --extern rustc_abi=/Users/girivs/src/rust-tantraos/build/aarch64-apple-darwin/stage1-rustc/aarch64-apple-darwin/debug/deps/librustc_abi-09e488c880f2e0a3.rmeta --extern rustc_apfloat=/Users/girivs/src/rust-tantraos/build/aarch64-apple-darwin/stage1-rustc/aarch64-apple-darwin/debug/deps/librustc_apfloat-7309ed1b79fd32a3.rmeta --extern rustc_arena=/Users/girivs/src/rust-tantraos/build/aarch64-apple-darwin/stage1-rustc/aarch64-apple-darwin/debug/deps/librustc_arena-82fa9f5058c00acb.rmeta --extern rustc_data_structures=/Users/girivs/src/rust-tantraos/build/aarch64-apple-darwin/stage1-rustc/aarch64-apple-darwin/debug/deps/librustc_data_structures-53324afa57622985.rmeta --extern rustc_errors=/Users/girivs/src/rust-tantraos/build/aarch64-apple-darwin/stage1-rustc/aarch64-apple-darwin/debug/deps/librustc_errors-89d154c028688311.rmeta --extern rustc_fluent_macro=/Users/girivs/src/rust-tantraos/build/aarch64-apple-darwin/stage1-rustc/debug/deps/librustc_fluent_macro-6a93aa79dabde813.dylib --extern rustc_hir=/Users/girivs/src/rust-tantraos/build/aarch64-apple-darwin/stage1-rustc/aarch64-apple-darwin/debug/deps/librustc_hir-48fcfc8b9aa9f89a.rmeta --extern rustc_index=/Users/girivs/src/rust-tantraos/build/aarch64-apple-darwin/stage1-rustc/aarch64-apple-darwin/debug/deps/librustc_index-2bf14f55015abfd3.rmeta --extern rustc_macros=/Users/girivs/src/rust-tantraos/build/aarch64-apple-darwin/stage1-rustc/debug/deps/librustc_macros-82fd4294dca5b57c.dylib --extern rustc_middle=/Users/girivs/src/rust-tantraos/build/aarch64-apple-darwin/stage1-rustc/aarch64-apple-darwin/debug/deps/librustc_middle-4856c36a9d44bf79.rmeta --extern rustc_session=/Users/girivs/src/rust-tantraos/build/aarch64-apple-darwin/stage1-rustc/aarch64-apple-darwin/debug/deps/librustc_session-a2f907dc0b7ee91b.rmeta --extern rustc_span=/Users/girivs/src/rust-tantraos/build/aarch64-apple-darwin/stage1-rustc/aarch64-apple-darwin/debug/deps/librustc_span-d6bec53b237ec4c4.rmeta --extern smallvec=/Users/girivs/src/rust-tantraos/build/aarch64-apple-darwin/stage1-rustc/aarch64-apple-darwin/debug/deps/libsmallvec-47fd9e70f2e35cd9.rmeta --extern tracing=/Users/girivs/src/rust-tantraos/build/aarch64-apple-darwin/stage1-rustc/aarch64-apple-darwin/debug/deps/libtracing-5605f2f867fad977.rmeta --cfg=bootstrap --cfg=windows_raw_dylib -Csymbol-mangling-version=v0 -Zunstable-options '--check-cfg=cfg(bootstrap)' '--check-cfg=cfg(llvm_enzyme)' -Zmacro-backtrace -Csplit-debuginfo=unpacked -Zosx-rpath-install-name '-Clink-args=-Wl,-rpath,@loader_path/../lib' -Alinker-messages -Zon-broken-pipe=kill -Clto=off -Z binary-dep-depinfo -L native=/Users/girivs/src/rust-tantraos/build/aarch64-apple-darwin/stage1-rustc/aarch64-apple-darwin/debug/build/psm-4644cc58932be6af/out -L native=/Users/girivs/src/rust-tantraos/build/aarch64-apple-darwin/stage1-rustc/aarch64-apple-darwin/debug/build/blake3-486d38906040b2a9/out`
       Dirty rustc_metadata v0.0.0 (/Users/girivs/src/rust-tantraos/compiler/rustc_metadata): the dependency rustc_target was rebuilt
   Compiling rustc_metadata v0.0.0 (/Users/girivs/src/rust-tantraos/compiler/rustc_metadata)
     Running `/Users/girivs/src/rust-tantraos/build/bootstrap/debug/rustc /Users/girivs/src/rust-tantraos/build/bootstrap/debug/rustc --crate-name rustc_metadata --edition=2024 compiler/rustc_metadata/src/lib.rs --error-format=json --json=diagnostic-rendered-ansi,artifacts,future-incompat --crate-type lib --emit=dep-info,metadata,link -C embed-bitcode=no -C codegen-units=16 -C debug-assertions=off --check-cfg 'cfg(docsrs,test)' --check-cfg 'cfg(feature, values())' -C metadata=3959d17620c1fe1e -C extra-filename=-6eb25f80f3d7d52b --out-dir /Users/girivs/src/rust-tantraos/build/aarch64-apple-darwin/stage1-rustc/aarch64-apple-darwin/debug/deps --target aarch64-apple-darwin -L dependency=/Users/girivs/src/rust-tantraos/build/aarch64-apple-darwin/stage1-rustc/aarch64-apple-darwin/debug/deps -L dependency=/Users/girivs/src/rust-tantraos/build/aarch64-apple-darwin/stage1-rustc/debug/deps --extern bitflags=/Users/girivs/src/rust-tantraos/build/aarch64-apple-darwin/stage1-rustc/aarch64-apple-darwin/debug/deps/libbitflags-135f596f25eed33e.rmeta --extern libloading=/Users/girivs/src/rust-tantraos/build/aarch64-apple-darwin/stage1-rustc/aarch64-apple-darwin/debug/deps/liblibloading-e64435a44d510ff5.rmeta --extern odht=/Users/girivs/src/rust-tantraos/build/aarch64-apple-darwin/stage1-rustc/aarch64-apple-darwin/debug/deps/libodht-940d2f0f57d1e5ed.rmeta --extern rustc_abi=/Users/girivs/src/rust-tantraos/build/aarch64-apple-darwin/stage1-rustc/aarch64-apple-darwin/debug/deps/librustc_abi-09e488c880f2e0a3.rmeta --extern rustc_ast=/Users/girivs/src/rust-tantraos/build/aarch64-apple-darwin/stage1-rustc/aarch64-apple-darwin/debug/deps/librustc_ast-986d44ba93a5512b.rmeta --extern rustc_attr_parsing=/Users/girivs/src/rust-tantraos/build/aarch64-apple-darwin/stage1-rustc/aarch64-apple-darwin/debug/deps/librustc_attr_parsing-362765332dccbe89.rmeta --extern rustc_data_structures=/Users/girivs/src/rust-tantraos/build/aarch64-apple-darwin/stage1-rustc/aarch64-apple-darwin/debug/deps/librustc_data_structures-53324afa57622985.rmeta --extern rustc_errors=/Users/girivs/src/rust-tantraos/build/aarch64-apple-darwin/stage1-rustc/aarch64-apple-darwin/debug/deps/librustc_errors-89d154c028688311.rmeta --extern rustc_expand=/Users/girivs/src/rust-tantraos/build/aarch64-apple-darwin/stage1-rustc/aarch64-apple-darwin/debug/deps/librustc_expand-f1c9eba824dcfc81.rmeta --extern rustc_feature=/Users/girivs/src/rust-tantraos/build/aarch64-apple-darwin/stage1-rustc/aarch64-apple-darwin/debug/deps/librustc_feature-408fdd73cabbcdd5.rmeta --extern rustc_fluent_macro=/Users/girivs/src/rust-tantraos/build/aarch64-apple-darwin/stage1-rustc/debug/deps/librustc_fluent_macro-6a93aa79dabde813.dylib --extern rustc_fs_util=/Users/girivs/src/rust-tantraos/build/aarch64-apple-darwin/stage1-rustc/aarch64-apple-darwin/debug/deps/librustc_fs_util-15cace19e9869a25.rmeta --extern rustc_hir=/Users/girivs/src/rust-tantraos/build/aarch64-apple-darwin/stage1-rustc/aarch64-apple-darwin/debug/deps/librustc_hir-48fcfc8b9aa9f89a.rmeta --extern rustc_hir_pretty=/Users/girivs/src/rust-tantraos/build/aarch64-apple-darwin/stage1-rustc/aarch64-apple-darwin/debug/deps/librustc_hir_pretty-ce09053d6a05e15c.rmeta --extern rustc_incremental=/Users/girivs/src/rust-tantraos/build/aarch64-apple-darwin/stage1-rustc/aarch64-apple-darwin/debug/deps/librustc_incremental-0403c0da8cf745b1.rmeta --extern rustc_index=/Users/girivs/src/rust-tantraos/build/aarch64-apple-darwin/stage1-rustc/aarch64-apple-darwin/debug/deps/librustc_index-2bf14f55015abfd3.rmeta --extern rustc_macros=/Users/girivs/src/rust-tantraos/build/aarch64-apple-darwin/stage1-rustc/debug/deps/librustc_macros-82fd4294dca5b57c.dylib --extern rustc_middle=/Users/girivs/src/rust-tantraos/build/aarch64-apple-darwin/stage1-rustc/aarch64-apple-darwin/debug/deps/librustc_middle-4856c36a9d44bf79.rmeta --extern rustc_proc_macro=/Users/girivs/src/rust-tantraos/build/aarch64-apple-darwin/stage1-rustc/aarch64-apple-darwin/debug/deps/librustc_proc_macro-e492ef19f776a004.rmeta --extern rustc_serialize=/Users/girivs/src/rust-tantraos/build/aarch64-apple-darwin/stage1-rustc/aarch64-apple-darwin/debug/deps/librustc_serialize-5a0faa3d5df4fc89.rmeta --extern rustc_session=/Users/girivs/src/rust-tantraos/build/aarch64-apple-darwin/stage1-rustc/aarch64-apple-darwin/debug/deps/librustc_session-a2f907dc0b7ee91b.rmeta --extern rustc_span=/Users/girivs/src/rust-tantraos/build/aarch64-apple-darwin/stage1-rustc/aarch64-apple-darwin/debug/deps/librustc_span-d6bec53b237ec4c4.rmeta --extern rustc_target=/Users/girivs/src/rust-tantraos/build/aarch64-apple-darwin/stage1-rustc/aarch64-apple-darwin/debug/deps/librustc_target-35cf86096f412775.rmeta --extern tempfile=/Users/girivs/src/rust-tantraos/build/aarch64-apple-darwin/stage1-rustc/aarch64-apple-darwin/debug/deps/libtempfile-bd9aa4c6b912e938.rmeta --extern tracing=/Users/girivs/src/rust-tantraos/build/aarch64-apple-darwin/stage1-rustc/aarch64-apple-darwin/debug/deps/libtracing-5605f2f867fad977.rmeta --cfg=bootstrap --cfg=windows_raw_dylib -Csymbol-mangling-version=v0 -Zunstable-options '--check-cfg=cfg(bootstrap)' '--check-cfg=cfg(llvm_enzyme)' -Zmacro-backtrace -Csplit-debuginfo=unpacked -Zosx-rpath-install-name '-Clink-args=-Wl,-rpath,@loader_path/../lib' -Alinker-messages -Zon-broken-pipe=kill -Clto=off -Z binary-dep-depinfo -L native=/Users/girivs/src/rust-tantraos/build/aarch64-apple-darwin/stage1-rustc/aarch64-apple-darwin/debug/build/psm-4644cc58932be6af/out -L native=/Users/girivs/src/rust-tantraos/build/aarch64-apple-darwin/stage1-rustc/aarch64-apple-darwin/debug/build/blake3-486d38906040b2a9/out`
       Dirty rustc_public_bridge v0.0.0 (/Users/girivs/src/rust-tantraos/compiler/rustc_public_bridge): the dependency rustc_target was rebuilt
   Compiling rustc_public_bridge v0.0.0 (/Users/girivs/src/rust-tantraos/compiler/rustc_public_bridge)
     Running `/Users/girivs/src/rust-tantraos/build/bootstrap/debug/rustc /Users/girivs/src/rust-tantraos/build/bootstrap/debug/rustc --crate-name rustc_public_bridge --edition=2024 compiler/rustc_public_bridge/src/lib.rs --error-format=json --json=diagnostic-rendered-ansi,artifacts,future-incompat --crate-type lib --emit=dep-info,metadata,link -C embed-bitcode=no -C codegen-units=16 -C debug-assertions=off --check-cfg 'cfg(docsrs,test)' --check-cfg 'cfg(feature, values())' -C metadata=5a5de8fee2a140d8 -C extra-filename=-c6e09b7774910537 --out-dir /Users/girivs/src/rust-tantraos/build/aarch64-apple-darwin/stage1-rustc/aarch64-apple-darwin/debug/deps --target aarch64-apple-darwin -L dependency=/Users/girivs/src/rust-tantraos/build/aarch64-apple-darwin/stage1-rustc/aarch64-apple-darwin/debug/deps -L dependency=/Users/girivs/src/rust-tantraos/build/aarch64-apple-darwin/stage1-rustc/debug/deps --extern rustc_abi=/Users/girivs/src/rust-tantraos/build/aarch64-apple-darwin/stage1-rustc/aarch64-apple-darwin/debug/deps/librustc_abi-09e488c880f2e0a3.rmeta --extern rustc_data_structures=/Users/girivs/src/rust-tantraos/build/aarch64-apple-darwin/stage1-rustc/aarch64-apple-darwin/debug/deps/librustc_data_structures-53324afa57622985.rmeta --extern rustc_hir=/Users/girivs/src/rust-tantraos/build/aarch64-apple-darwin/stage1-rustc/aarch64-apple-darwin/debug/deps/librustc_hir-48fcfc8b9aa9f89a.rmeta --extern rustc_hir_pretty=/Users/girivs/src/rust-tantraos/build/aarch64-apple-darwin/stage1-rustc/aarch64-apple-darwin/debug/deps/librustc_hir_pretty-ce09053d6a05e15c.rmeta --extern rustc_middle=/Users/girivs/src/rust-tantraos/build/aarch64-apple-darwin/stage1-rustc/aarch64-apple-darwin/debug/deps/librustc_middle-4856c36a9d44bf79.rmeta --extern rustc_session=/Users/girivs/src/rust-tantraos/build/aarch64-apple-darwin/stage1-rustc/aarch64-apple-darwin/debug/deps/librustc_session-a2f907dc0b7ee91b.rmeta --extern rustc_span=/Users/girivs/src/rust-tantraos/build/aarch64-apple-darwin/stage1-rustc/aarch64-apple-darwin/debug/deps/librustc_span-d6bec53b237ec4c4.rmeta --extern rustc_target=/Users/girivs/src/rust-tantraos/build/aarch64-apple-darwin/stage1-rustc/aarch64-apple-darwin/debug/deps/librustc_target-35cf86096f412775.rmeta --cfg=bootstrap --cfg=windows_raw_dylib -Csymbol-mangling-version=v0 -Zunstable-options '--check-cfg=cfg(bootstrap)' '--check-cfg=cfg(llvm_enzyme)' -Zmacro-backtrace -Csplit-debuginfo=unpacked -Zosx-rpath-install-name '-Clink-args=-Wl,-rpath,@loader_path/../lib' -Alinker-messages -Zon-broken-pipe=kill -Clto=off -Z binary-dep-depinfo -L native=/Users/girivs/src/rust-tantraos/build/aarch64-apple-darwin/stage1-rustc/aarch64-apple-darwin/debug/build/psm-4644cc58932be6af/out -L native=/Users/girivs/src/rust-tantraos/build/aarch64-apple-darwin/stage1-rustc/aarch64-apple-darwin/debug/build/blake3-486d38906040b2a9/out`
       Dirty rustc_public v0.1.0-preview (/Users/girivs/src/rust-tantraos/compiler/rustc_public): the dependency rustc_target was rebuilt
   Compiling rustc_public v0.1.0-preview (/Users/girivs/src/rust-tantraos/compiler/rustc_public)
     Running `/Users/girivs/src/rust-tantraos/build/bootstrap/debug/rustc /Users/girivs/src/rust-tantraos/build/bootstrap/debug/rustc --crate-name rustc_public --edition=2024 compiler/rustc_public/src/lib.rs --error-format=json --json=diagnostic-rendered-ansi,artifacts,future-incompat --crate-type lib --emit=dep-info,metadata,link -C embed-bitcode=no -C codegen-units=16 -C debug-assertions=off --cfg 'feature="rustc_internal"' --check-cfg 'cfg(docsrs,test)' --check-cfg 'cfg(feature, values("rustc_internal"))' -C metadata=cf42d8e88972fa77 -C extra-filename=-dec006feec6ba0e6 --out-dir /Users/girivs/src/rust-tantraos/build/aarch64-apple-darwin/stage1-rustc/aarch64-apple-darwin/debug/deps --target aarch64-apple-darwin -L dependency=/Users/girivs/src/rust-tantraos/build/aarch64-apple-darwin/stage1-rustc/aarch64-apple-darwin/debug/deps -L dependency=/Users/girivs/src/rust-tantraos/build/aarch64-apple-darwin/stage1-rustc/debug/deps --extern rustc_abi=/Users/girivs/src/rust-tantraos/build/aarch64-apple-darwin/stage1-rustc/aarch64-apple-darwin/debug/deps/librustc_abi-09e488c880f2e0a3.rmeta --extern rustc_hir=/Users/girivs/src/rust-tantraos/build/aarch64-apple-darwin/stage1-rustc/aarch64-apple-darwin/debug/deps/librustc_hir-48fcfc8b9aa9f89a.rmeta --extern rustc_middle=/Users/girivs/src/rust-tantraos/build/aarch64-apple-darwin/stage1-rustc/aarch64-apple-darwin/debug/deps/librustc_middle-4856c36a9d44bf79.rmeta --extern rustc_public_bridge=/Users/girivs/src/rust-tantraos/build/aarch64-apple-darwin/stage1-rustc/aarch64-apple-darwin/debug/deps/librustc_public_bridge-c6e09b7774910537.rmeta --extern rustc_session=/Users/girivs/src/rust-tantraos/build/aarch64-apple-darwin/stage1-rustc/aarch64-apple-darwin/debug/deps/librustc_session-a2f907dc0b7ee91b.rmeta --extern rustc_span=/Users/girivs/src/rust-tantraos/build/aarch64-apple-darwin/stage1-rustc/aarch64-apple-darwin/debug/deps/librustc_span-d6bec53b237ec4c4.rmeta --extern rustc_target=/Users/girivs/src/rust-tantraos/build/aarch64-apple-darwin/stage1-rustc/aarch64-apple-darwin/debug/deps/librustc_target-35cf86096f412775.rmeta --extern scoped_tls=/Users/girivs/src/rust-tantraos/build/aarch64-apple-darwin/stage1-rustc/aarch64-apple-darwin/debug/deps/libscoped_tls-13078da053c0c5c0.rmeta --extern serde=/Users/girivs/src/rust-tantraos/build/aarch64-apple-darwin/stage1-rustc/aarch64-apple-darwin/debug/deps/libserde-2bd80ce89840e1ef.rmeta --extern tracing=/Users/girivs/src/rust-tantraos/build/aarch64-apple-darwin/stage1-rustc/aarch64-apple-darwin/debug/deps/libtracing-5605f2f867fad977.rmeta --cfg=bootstrap --cfg=windows_raw_dylib -Csymbol-mangling-version=v0 -Zunstable-options '--check-cfg=cfg(bootstrap)' '--check-cfg=cfg(llvm_enzyme)' -Zmacro-backtrace -Csplit-debuginfo=unpacked -Zosx-rpath-install-name '-Clink-args=-Wl,-rpath,@loader_path/../lib' -Alinker-messages -Zon-broken-pipe=kill -Clto=off -Z binary-dep-depinfo -L native=/Users/girivs/src/rust-tantraos/build/aarch64-apple-darwin/stage1-rustc/aarch64-apple-darwin/debug/build/psm-4644cc58932be6af/out -L native=/Users/girivs/src/rust-tantraos/build/aarch64-apple-darwin/stage1-rustc/aarch64-apple-darwin/debug/build/blake3-486d38906040b2a9/out`
       Dirty rustc_trait_selection v0.0.0 (/Users/girivs/src/rust-tantraos/compiler/rustc_trait_selection): the dependency rustc_transmute was rebuilt
   Compiling rustc_trait_selection v0.0.0 (/Users/girivs/src/rust-tantraos/compiler/rustc_trait_selection)
     Running `/Users/girivs/src/rust-tantraos/build/bootstrap/debug/rustc /Users/girivs/src/rust-tantraos/build/bootstrap/debug/rustc --crate-name rustc_trait_selection --edition=2024 compiler/rustc_trait_selection/src/lib.rs --error-format=json --json=diagnostic-rendered-ansi,artifacts,future-incompat --crate-type lib --emit=dep-info,metadata,link -C embed-bitcode=no -C codegen-units=16 -C debug-assertions=off --check-cfg 'cfg(docsrs,test)' --check-cfg 'cfg(feature, values())' -C metadata=78464347eb50bc00 -C extra-filename=-1f9259437d4ba99f --out-dir /Users/girivs/src/rust-tantraos/build/aarch64-apple-darwin/stage1-rustc/aarch64-apple-darwin/debug/deps --target aarch64-apple-darwin -L dependency=/Users/girivs/src/rust-tantraos/build/aarch64-apple-darwin/stage1-rustc/aarch64-apple-darwin/debug/deps -L dependency=/Users/girivs/src/rust-tantraos/build/aarch64-apple-darwin/stage1-rustc/debug/deps --extern itertools=/Users/girivs/src/rust-tantraos/build/aarch64-apple-darwin/stage1-rustc/aarch64-apple-darwin/debug/deps/libitertools-bb5340b0f82f4fc5.rmeta --extern rustc_abi=/Users/girivs/src/rust-tantraos/build/aarch64-apple-darwin/stage1-rustc/aarch64-apple-darwin/debug/deps/librustc_abi-09e488c880f2e0a3.rmeta --extern rustc_ast=/Users/girivs/src/rust-tantraos/build/aarch64-apple-darwin/stage1-rustc/aarch64-apple-darwin/debug/deps/librustc_ast-986d44ba93a5512b.rmeta --extern rustc_data_structures=/Users/girivs/src/rust-tantraos/build/aarch64-apple-darwin/stage1-rustc/aarch64-apple-darwin/debug/deps/librustc_data_structures-53324afa57622985.rmeta --extern rustc_errors=/Users/girivs/src/rust-tantraos/build/aarch64-apple-darwin/stage1-rustc/aarch64-apple-darwin/debug/deps/librustc_errors-89d154c028688311.rmeta --extern rustc_fluent_macro=/Users/girivs/src/rust-tantraos/build/aarch64-apple-darwin/stage1-rustc/debug/deps/librustc_fluent_macro-6a93aa79dabde813.dylib --extern rustc_hir=/Users/girivs/src/rust-tantraos/build/aarch64-apple-darwin/stage1-rustc/aarch64-apple-darwin/debug/deps/librustc_hir-48fcfc8b9aa9f89a.rmeta --extern rustc_infer=/Users/girivs/src/rust-tantraos/build/aarch64-apple-darwin/stage1-rustc/aarch64-apple-darwin/debug/deps/librustc_infer-c26c8f4fe6f1661c.rmeta --extern rustc_macros=/Users/girivs/src/rust-tantraos/build/aarch64-apple-darwin/stage1-rustc/debug/deps/librustc_macros-82fd4294dca5b57c.dylib --extern rustc_middle=/Users/girivs/src/rust-tantraos/build/aarch64-apple-darwin/stage1-rustc/aarch64-apple-darwin/debug/deps/librustc_middle-4856c36a9d44bf79.rmeta --extern rustc_next_trait_solver=/Users/girivs/src/rust-tantraos/build/aarch64-apple-darwin/stage1-rustc/aarch64-apple-darwin/debug/deps/librustc_next_trait_solver-90c4a17c823cd972.rmeta --extern rustc_parse_format=/Users/girivs/src/rust-tantraos/build/aarch64-apple-darwin/stage1-rustc/aarch64-apple-darwin/debug/deps/librustc_parse_format-8df52de1aa822d64.rmeta --extern rustc_session=/Users/girivs/src/rust-tantraos/build/aarch64-apple-darwin/stage1-rustc/aarch64-apple-darwin/debug/deps/librustc_session-a2f907dc0b7ee91b.rmeta --extern rustc_span=/Users/girivs/src/rust-tantraos/build/aarch64-apple-darwin/stage1-rustc/aarch64-apple-darwin/debug/deps/librustc_span-d6bec53b237ec4c4.rmeta --extern rustc_transmute=/Users/girivs/src/rust-tantraos/build/aarch64-apple-darwin/stage1-rustc/aarch64-apple-darwin/debug/deps/librustc_transmute-3bc913eea30d3574.rmeta --extern smallvec=/Users/girivs/src/rust-tantraos/build/aarch64-apple-darwin/stage1-rustc/aarch64-apple-darwin/debug/deps/libsmallvec-47fd9e70f2e35cd9.rmeta --extern thin_vec=/Users/girivs/src/rust-tantraos/build/aarch64-apple-darwin/stage1-rustc/aarch64-apple-darwin/debug/deps/libthin_vec-3f8b2fc9c896cfb1.rmeta --extern tracing=/Users/girivs/src/rust-tantraos/build/aarch64-apple-darwin/stage1-rustc/aarch64-apple-darwin/debug/deps/libtracing-5605f2f867fad977.rmeta --cfg=bootstrap --cfg=windows_raw_dylib -Csymbol-mangling-version=v0 -Zunstable-options '--check-cfg=cfg(bootstrap)' '--check-cfg=cfg(llvm_enzyme)' -Zmacro-backtrace -Csplit-debuginfo=unpacked -Zosx-rpath-install-name '-Clink-args=-Wl,-rpath,@loader_path/../lib' -Alinker-messages -Zon-broken-pipe=kill -Clto=off -Z binary-dep-depinfo -L native=/Users/girivs/src/rust-tantraos/build/aarch64-apple-darwin/stage1-rustc/aarch64-apple-darwin/debug/build/psm-4644cc58932be6af/out -L native=/Users/girivs/src/rust-tantraos/build/aarch64-apple-darwin/stage1-rustc/aarch64-apple-darwin/debug/build/blake3-486d38906040b2a9/out`
       Dirty rustc_resolve v0.0.0 (/Users/girivs/src/rust-tantraos/compiler/rustc_resolve): the dependency rustc_feature was rebuilt
   Compiling rustc_resolve v0.0.0 (/Users/girivs/src/rust-tantraos/compiler/rustc_resolve)
     Running `/Users/girivs/src/rust-tantraos/build/bootstrap/debug/rustc /Users/girivs/src/rust-tantraos/build/bootstrap/debug/rustc --crate-name rustc_resolve --edition=2024 compiler/rustc_resolve/src/lib.rs --error-format=json --json=diagnostic-rendered-ansi,artifacts,future-incompat --crate-type lib --emit=dep-info,metadata,link -C embed-bitcode=no -C codegen-units=16 -C debug-assertions=off --check-cfg 'cfg(docsrs,test)' --check-cfg 'cfg(feature, values())' -C metadata=b48062a43e493e04 -C extra-filename=-8910a05e9a634dd5 --out-dir /Users/girivs/src/rust-tantraos/build/aarch64-apple-darwin/stage1-rustc/aarch64-apple-darwin/debug/deps --target aarch64-apple-darwin -L dependency=/Users/girivs/src/rust-tantraos/build/aarch64-apple-darwin/stage1-rustc/aarch64-apple-darwin/debug/deps -L dependency=/Users/girivs/src/rust-tantraos/build/aarch64-apple-darwin/stage1-rustc/debug/deps --extern bitflags=/Users/girivs/src/rust-tantraos/build/aarch64-apple-darwin/stage1-rustc/aarch64-apple-darwin/debug/deps/libbitflags-135f596f25eed33e.rmeta --extern indexmap=/Users/girivs/src/rust-tantraos/build/aarch64-apple-darwin/stage1-rustc/aarch64-apple-darwin/debug/deps/libindexmap-9e567b4da36e426d.rmeta --extern itertools=/Users/girivs/src/rust-tantraos/build/aarch64-apple-darwin/stage1-rustc/aarch64-apple-darwin/debug/deps/libitertools-bb5340b0f82f4fc5.rmeta --extern pulldown_cmark=/Users/girivs/src/rust-tantraos/build/aarch64-apple-darwin/stage1-rustc/aarch64-apple-darwin/debug/deps/libpulldown_cmark-43c0432849b0ea50.rmeta --extern rustc_arena=/Users/girivs/src/rust-tantraos/build/aarch64-apple-darwin/stage1-rustc/aarch64-apple-darwin/debug/deps/librustc_arena-82fa9f5058c00acb.rmeta --extern rustc_ast=/Users/girivs/src/rust-tantraos/build/aarch64-apple-darwin/stage1-rustc/aarch64-apple-darwin/debug/deps/librustc_ast-986d44ba93a5512b.rmeta --extern rustc_ast_pretty=/Users/girivs/src/rust-tantraos/build/aarch64-apple-darwin/stage1-rustc/aarch64-apple-darwin/debug/deps/librustc_ast_pretty-e5f9988db04cd780.rmeta --extern rustc_attr_parsing=/Users/girivs/src/rust-tantraos/build/aarch64-apple-darwin/stage1-rustc/aarch64-apple-darwin/debug/deps/librustc_attr_parsing-362765332dccbe89.rmeta --extern rustc_data_structures=/Users/girivs/src/rust-tantraos/build/aarch64-apple-darwin/stage1-rustc/aarch64-apple-darwin/debug/deps/librustc_data_structures-53324afa57622985.rmeta --extern rustc_errors=/Users/girivs/src/rust-tantraos/build/aarch64-apple-darwin/stage1-rustc/aarch64-apple-darwin/debug/deps/librustc_errors-89d154c028688311.rmeta --extern rustc_expand=/Users/girivs/src/rust-tantraos/build/aarch64-apple-darwin/stage1-rustc/aarch64-apple-darwin/debug/deps/librustc_expand-f1c9eba824dcfc81.rmeta --extern rustc_feature=/Users/girivs/src/rust-tantraos/build/aarch64-apple-darwin/stage1-rustc/aarch64-apple-darwin/debug/deps/librustc_feature-408fdd73cabbcdd5.rmeta --extern rustc_fluent_macro=/Users/girivs/src/rust-tantraos/build/aarch64-apple-darwin/stage1-rustc/debug/deps/librustc_fluent_macro-6a93aa79dabde813.dylib --extern rustc_hir=/Users/girivs/src/rust-tantraos/build/aarch64-apple-darwin/stage1-rustc/aarch64-apple-darwin/debug/deps/librustc_hir-48fcfc8b9aa9f89a.rmeta --extern rustc_index=/Users/girivs/src/rust-tantraos/build/aarch64-apple-darwin/stage1-rustc/aarch64-apple-darwin/debug/deps/librustc_index-2bf14f55015abfd3.rmeta --extern rustc_macros=/Users/girivs/src/rust-tantraos/build/aarch64-apple-darwin/stage1-rustc/debug/deps/librustc_macros-82fd4294dca5b57c.dylib --extern rustc_metadata=/Users/girivs/src/rust-tantraos/build/aarch64-apple-darwin/stage1-rustc/aarch64-apple-darwin/debug/deps/librustc_metadata-6eb25f80f3d7d52b.rmeta --extern rustc_middle=/Users/girivs/src/rust-tantraos/build/aarch64-apple-darwin/stage1-rustc/aarch64-apple-darwin/debug/deps/librustc_middle-4856c36a9d44bf79.rmeta --extern rustc_query_system=/Users/girivs/src/rust-tantraos/build/aarch64-apple-darwin/stage1-rustc/aarch64-apple-darwin/debug/deps/librustc_query_system-48bb7dd372d0b900.rmeta --extern rustc_session=/Users/girivs/src/rust-tantraos/build/aarch64-apple-darwin/stage1-rustc/aarch64-apple-darwin/debug/deps/librustc_session-a2f907dc0b7ee91b.rmeta --extern rustc_span=/Users/girivs/src/rust-tantraos/build/aarch64-apple-darwin/stage1-rustc/aarch64-apple-darwin/debug/deps/librustc_span-d6bec53b237ec4c4.rmeta --extern smallvec=/Users/girivs/src/rust-tantraos/build/aarch64-apple-darwin/stage1-rustc/aarch64-apple-darwin/debug/deps/libsmallvec-47fd9e70f2e35cd9.rmeta --extern thin_vec=/Users/girivs/src/rust-tantraos/build/aarch64-apple-darwin/stage1-rustc/aarch64-apple-darwin/debug/deps/libthin_vec-3f8b2fc9c896cfb1.rmeta --extern tracing=/Users/girivs/src/rust-tantraos/build/aarch64-apple-darwin/stage1-rustc/aarch64-apple-darwin/debug/deps/libtracing-5605f2f867fad977.rmeta --cfg=bootstrap --cfg=windows_raw_dylib -Csymbol-mangling-version=v0 -Zunstable-options '--check-cfg=cfg(bootstrap)' '--check-cfg=cfg(llvm_enzyme)' -Zmacro-backtrace -Csplit-debuginfo=unpacked -Zosx-rpath-install-name '-Clink-args=-Wl,-rpath,@loader_path/../lib' -Alinker-messages -Zon-broken-pipe=kill -Clto=off -Z binary-dep-depinfo -L native=/Users/girivs/src/rust-tantraos/build/aarch64-apple-darwin/stage1-rustc/aarch64-apple-darwin/debug/build/psm-4644cc58932be6af/out -L native=/Users/girivs/src/rust-tantraos/build/aarch64-apple-darwin/stage1-rustc/aarch64-apple-darwin/debug/build/blake3-486d38906040b2a9/out`
       Dirty rustc_lint v0.0.0 (/Users/girivs/src/rust-tantraos/compiler/rustc_lint): the dependency rustc_target was rebuilt
   Compiling rustc_lint v0.0.0 (/Users/girivs/src/rust-tantraos/compiler/rustc_lint)
     Running `/Users/girivs/src/rust-tantraos/build/bootstrap/debug/rustc /Users/girivs/src/rust-tantraos/build/bootstrap/debug/rustc --crate-name rustc_lint --edition=2024 compiler/rustc_lint/src/lib.rs --error-format=json --json=diagnostic-rendered-ansi,artifacts,future-incompat --crate-type lib --emit=dep-info,metadata,link -C embed-bitcode=no -C codegen-units=16 -C debug-assertions=off --check-cfg 'cfg(docsrs,test)' --check-cfg 'cfg(feature, values())' -C metadata=b8d1c9ef88516742 -C extra-filename=-e3e7dded08f42b1e --out-dir /Users/girivs/src/rust-tantraos/build/aarch64-apple-darwin/stage1-rustc/aarch64-apple-darwin/debug/deps --target aarch64-apple-darwin -L dependency=/Users/girivs/src/rust-tantraos/build/aarch64-apple-darwin/stage1-rustc/aarch64-apple-darwin/debug/deps -L dependency=/Users/girivs/src/rust-tantraos/build/aarch64-apple-darwin/stage1-rustc/debug/deps --extern bitflags=/Users/girivs/src/rust-tantraos/build/aarch64-apple-darwin/stage1-rustc/aarch64-apple-darwin/debug/deps/libbitflags-135f596f25eed33e.rmeta --extern rustc_abi=/Users/girivs/src/rust-tantraos/build/aarch64-apple-darwin/stage1-rustc/aarch64-apple-darwin/debug/deps/librustc_abi-09e488c880f2e0a3.rmeta --extern rustc_ast=/Users/girivs/src/rust-tantraos/build/aarch64-apple-darwin/stage1-rustc/aarch64-apple-darwin/debug/deps/librustc_ast-986d44ba93a5512b.rmeta --extern rustc_ast_pretty=/Users/girivs/src/rust-tantraos/build/aarch64-apple-darwin/stage1-rustc/aarch64-apple-darwin/debug/deps/librustc_ast_pretty-e5f9988db04cd780.rmeta --extern rustc_attr_parsing=/Users/girivs/src/rust-tantraos/build/aarch64-apple-darwin/stage1-rustc/aarch64-apple-darwin/debug/deps/librustc_attr_parsing-362765332dccbe89.rmeta --extern rustc_data_structures=/Users/girivs/src/rust-tantraos/build/aarch64-apple-darwin/stage1-rustc/aarch64-apple-darwin/debug/deps/librustc_data_structures-53324afa57622985.rmeta --extern rustc_errors=/Users/girivs/src/rust-tantraos/build/aarch64-apple-darwin/stage1-rustc/aarch64-apple-darwin/debug/deps/librustc_errors-89d154c028688311.rmeta --extern rustc_feature=/Users/girivs/src/rust-tantraos/build/aarch64-apple-darwin/stage1-rustc/aarch64-apple-darwin/debug/deps/librustc_feature-408fdd73cabbcdd5.rmeta --extern rustc_fluent_macro=/Users/girivs/src/rust-tantraos/build/aarch64-apple-darwin/stage1-rustc/debug/deps/librustc_fluent_macro-6a93aa79dabde813.dylib --extern rustc_hir=/Users/girivs/src/rust-tantraos/build/aarch64-apple-darwin/stage1-rustc/aarch64-apple-darwin/debug/deps/librustc_hir-48fcfc8b9aa9f89a.rmeta --extern rustc_index=/Users/girivs/src/rust-tantraos/build/aarch64-apple-darwin/stage1-rustc/aarch64-apple-darwin/debug/deps/librustc_index-2bf14f55015abfd3.rmeta --extern rustc_infer=/Users/girivs/src/rust-tantraos/build/aarch64-apple-darwin/stage1-rustc/aarch64-apple-darwin/debug/deps/librustc_infer-c26c8f4fe6f1661c.rmeta --extern rustc_macros=/Users/girivs/src/rust-tantraos/build/aarch64-apple-darwin/stage1-rustc/debug/deps/librustc_macros-82fd4294dca5b57c.dylib --extern rustc_middle=/Users/girivs/src/rust-tantraos/build/aarch64-apple-darwin/stage1-rustc/aarch64-apple-darwin/debug/deps/librustc_middle-4856c36a9d44bf79.rmeta --extern rustc_parse_format=/Users/girivs/src/rust-tantraos/build/aarch64-apple-darwin/stage1-rustc/aarch64-apple-darwin/debug/deps/librustc_parse_format-8df52de1aa822d64.rmeta --extern rustc_session=/Users/girivs/src/rust-tantraos/build/aarch64-apple-darwin/stage1-rustc/aarch64-apple-darwin/debug/deps/librustc_session-a2f907dc0b7ee91b.rmeta --extern rustc_span=/Users/girivs/src/rust-tantraos/build/aarch64-apple-darwin/stage1-rustc/aarch64-apple-darwin/debug/deps/librustc_span-d6bec53b237ec4c4.rmeta --extern rustc_target=/Users/girivs/src/rust-tantraos/build/aarch64-apple-darwin/stage1-rustc/aarch64-apple-darwin/debug/deps/librustc_target-35cf86096f412775.rmeta --extern rustc_trait_selection=/Users/girivs/src/rust-tantraos/build/aarch64-apple-darwin/stage1-rustc/aarch64-apple-darwin/debug/deps/librustc_trait_selection-1f9259437d4ba99f.rmeta --extern smallvec=/Users/girivs/src/rust-tantraos/build/aarch64-apple-darwin/stage1-rustc/aarch64-apple-darwin/debug/deps/libsmallvec-47fd9e70f2e35cd9.rmeta --extern tracing=/Users/girivs/src/rust-tantraos/build/aarch64-apple-darwin/stage1-rustc/aarch64-apple-darwin/debug/deps/libtracing-5605f2f867fad977.rmeta --extern unicode_security=/Users/girivs/src/rust-tantraos/build/aarch64-apple-darwin/stage1-rustc/aarch64-apple-darwin/debug/deps/libunicode_security-6dc095564ec00f2b.rmeta --cfg=bootstrap --cfg=windows_raw_dylib -Csymbol-mangling-version=v0 -Zunstable-options '--check-cfg=cfg(bootstrap)' '--check-cfg=cfg(llvm_enzyme)' -Zmacro-backtrace -Csplit-debuginfo=unpacked -Zosx-rpath-install-name '-Clink-args=-Wl,-rpath,@loader_path/../lib' -Alinker-messages -Zon-broken-pipe=kill -Clto=off -Z binary-dep-depinfo -L native=/Users/girivs/src/rust-tantraos/build/aarch64-apple-darwin/stage1-rustc/aarch64-apple-darwin/debug/build/psm-4644cc58932be6af/out -L native=/Users/girivs/src/rust-tantraos/build/aarch64-apple-darwin/stage1-rustc/aarch64-apple-darwin/debug/build/blake3-486d38906040b2a9/out`
       Dirty rustc_ty_utils v0.0.0 (/Users/girivs/src/rust-tantraos/compiler/rustc_ty_utils): the dependency rustc_target was rebuilt
   Compiling rustc_ty_utils v0.0.0 (/Users/girivs/src/rust-tantraos/compiler/rustc_ty_utils)
     Running `/Users/girivs/src/rust-tantraos/build/bootstrap/debug/rustc /Users/girivs/src/rust-tantraos/build/bootstrap/debug/rustc --crate-name rustc_ty_utils --edition=2024 compiler/rustc_ty_utils/src/lib.rs --error-format=json --json=diagnostic-rendered-ansi,artifacts,future-incompat --crate-type lib --emit=dep-info,metadata,link -C embed-bitcode=no -C codegen-units=16 -C debug-assertions=off --check-cfg 'cfg(docsrs,test)' --check-cfg 'cfg(feature, values())' -C metadata=60b2e68ae8172665 -C extra-filename=-eb19f1895e7f68ff --out-dir /Users/girivs/src/rust-tantraos/build/aarch64-apple-darwin/stage1-rustc/aarch64-apple-darwin/debug/deps --target aarch64-apple-darwin -L dependency=/Users/girivs/src/rust-tantraos/build/aarch64-apple-darwin/stage1-rustc/aarch64-apple-darwin/debug/deps -L dependency=/Users/girivs/src/rust-tantraos/build/aarch64-apple-darwin/stage1-rustc/debug/deps --extern itertools=/Users/girivs/src/rust-tantraos/build/aarch64-apple-darwin/stage1-rustc/aarch64-apple-darwin/debug/deps/libitertools-bb5340b0f82f4fc5.rmeta --extern rustc_abi=/Users/girivs/src/rust-tantraos/build/aarch64-apple-darwin/stage1-rustc/aarch64-apple-darwin/debug/deps/librustc_abi-09e488c880f2e0a3.rmeta --extern rustc_data_structures=/Users/girivs/src/rust-tantraos/build/aarch64-apple-darwin/stage1-rustc/aarch64-apple-darwin/debug/deps/librustc_data_structures-53324afa57622985.rmeta --extern rustc_errors=/Users/girivs/src/rust-tantraos/build/aarch64-apple-darwin/stage1-rustc/aarch64-apple-darwin/debug/deps/librustc_errors-89d154c028688311.rmeta --extern rustc_fluent_macro=/Users/girivs/src/rust-tantraos/build/aarch64-apple-darwin/stage1-rustc/debug/deps/librustc_fluent_macro-6a93aa79dabde813.dylib --extern rustc_hashes=/Users/girivs/src/rust-tantraos/build/aarch64-apple-darwin/stage1-rustc/aarch64-apple-darwin/debug/deps/librustc_hashes-f21b6e9214cef269.rmeta --extern rustc_hir=/Users/girivs/src/rust-tantraos/build/aarch64-apple-darwin/stage1-rustc/aarch64-apple-darwin/debug/deps/librustc_hir-48fcfc8b9aa9f89a.rmeta --extern rustc_index=/Users/girivs/src/rust-tantraos/build/aarch64-apple-darwin/stage1-rustc/aarch64-apple-darwin/debug/deps/librustc_index-2bf14f55015abfd3.rmeta --extern rustc_infer=/Users/girivs/src/rust-tantraos/build/aarch64-apple-darwin/stage1-rustc/aarch64-apple-darwin/debug/deps/librustc_infer-c26c8f4fe6f1661c.rmeta --extern rustc_macros=/Users/girivs/src/rust-tantraos/build/aarch64-apple-darwin/stage1-rustc/debug/deps/librustc_macros-82fd4294dca5b57c.dylib --extern rustc_middle=/Users/girivs/src/rust-tantraos/build/aarch64-apple-darwin/stage1-rustc/aarch64-apple-darwin/debug/deps/librustc_middle-4856c36a9d44bf79.rmeta --extern rustc_session=/Users/girivs/src/rust-tantraos/build/aarch64-apple-darwin/stage1-rustc/aarch64-apple-darwin/debug/deps/librustc_session-a2f907dc0b7ee91b.rmeta --extern rustc_span=/Users/girivs/src/rust-tantraos/build/aarch64-apple-darwin/stage1-rustc/aarch64-apple-darwin/debug/deps/librustc_span-d6bec53b237ec4c4.rmeta --extern rustc_target=/Users/girivs/src/rust-tantraos/build/aarch64-apple-darwin/stage1-rustc/aarch64-apple-darwin/debug/deps/librustc_target-35cf86096f412775.rmeta --extern rustc_trait_selection=/Users/girivs/src/rust-tantraos/build/aarch64-apple-darwin/stage1-rustc/aarch64-apple-darwin/debug/deps/librustc_trait_selection-1f9259437d4ba99f.rmeta --extern tracing=/Users/girivs/src/rust-tantraos/build/aarch64-apple-darwin/stage1-rustc/aarch64-apple-darwin/debug/deps/libtracing-5605f2f867fad977.rmeta --cfg=bootstrap --cfg=windows_raw_dylib -Csymbol-mangling-version=v0 -Zunstable-options '--check-cfg=cfg(bootstrap)' '--check-cfg=cfg(llvm_enzyme)' -Zmacro-backtrace -Csplit-debuginfo=unpacked -Zosx-rpath-install-name '-Clink-args=-Wl,-rpath,@loader_path/../lib' -Alinker-messages -Zon-broken-pipe=kill -Clto=off -Z binary-dep-depinfo -L native=/Users/girivs/src/rust-tantraos/build/aarch64-apple-darwin/stage1-rustc/aarch64-apple-darwin/debug/build/psm-4644cc58932be6af/out -L native=/Users/girivs/src/rust-tantraos/build/aarch64-apple-darwin/stage1-rustc/aarch64-apple-darwin/debug/build/blake3-486d38906040b2a9/out`
       Dirty rustc_sanitizers v0.0.0 (/Users/girivs/src/rust-tantraos/compiler/rustc_sanitizers): the dependency rustc_target was rebuilt
   Compiling rustc_sanitizers v0.0.0 (/Users/girivs/src/rust-tantraos/compiler/rustc_sanitizers)
     Running `/Users/girivs/src/rust-tantraos/build/bootstrap/debug/rustc /Users/girivs/src/rust-tantraos/build/bootstrap/debug/rustc --crate-name rustc_sanitizers --edition=2024 compiler/rustc_sanitizers/src/lib.rs --error-format=json --json=diagnostic-rendered-ansi,artifacts,future-incompat --crate-type lib --emit=dep-info,metadata,link -C embed-bitcode=no -C codegen-units=16 -C debug-assertions=off --check-cfg 'cfg(docsrs,test)' --check-cfg 'cfg(feature, values())' -C metadata=8fa900e9281b9442 -C extra-filename=-ed761f5e877d90ba --out-dir /Users/girivs/src/rust-tantraos/build/aarch64-apple-darwin/stage1-rustc/aarch64-apple-darwin/debug/deps --target aarch64-apple-darwin -L dependency=/Users/girivs/src/rust-tantraos/build/aarch64-apple-darwin/stage1-rustc/aarch64-apple-darwin/debug/deps -L dependency=/Users/girivs/src/rust-tantraos/build/aarch64-apple-darwin/stage1-rustc/debug/deps --extern bitflags=/Users/girivs/src/rust-tantraos/build/aarch64-apple-darwin/stage1-rustc/aarch64-apple-darwin/debug/deps/libbitflags-135f596f25eed33e.rmeta --extern rustc_abi=/Users/girivs/src/rust-tantraos/build/aarch64-apple-darwin/stage1-rustc/aarch64-apple-darwin/debug/deps/librustc_abi-09e488c880f2e0a3.rmeta --extern rustc_data_structures=/Users/girivs/src/rust-tantraos/build/aarch64-apple-darwin/stage1-rustc/aarch64-apple-darwin/debug/deps/librustc_data_structures-53324afa57622985.rmeta --extern rustc_hir=/Users/girivs/src/rust-tantraos/build/aarch64-apple-darwin/stage1-rustc/aarch64-apple-darwin/debug/deps/librustc_hir-48fcfc8b9aa9f89a.rmeta --extern rustc_middle=/Users/girivs/src/rust-tantraos/build/aarch64-apple-darwin/stage1-rustc/aarch64-apple-darwin/debug/deps/librustc_middle-4856c36a9d44bf79.rmeta --extern rustc_span=/Users/girivs/src/rust-tantraos/build/aarch64-apple-darwin/stage1-rustc/aarch64-apple-darwin/debug/deps/librustc_span-d6bec53b237ec4c4.rmeta --extern rustc_target=/Users/girivs/src/rust-tantraos/build/aarch64-apple-darwin/stage1-rustc/aarch64-apple-darwin/debug/deps/librustc_target-35cf86096f412775.rmeta --extern rustc_trait_selection=/Users/girivs/src/rust-tantraos/build/aarch64-apple-darwin/stage1-rustc/aarch64-apple-darwin/debug/deps/librustc_trait_selection-1f9259437d4ba99f.rmeta --extern tracing=/Users/girivs/src/rust-tantraos/build/aarch64-apple-darwin/stage1-rustc/aarch64-apple-darwin/debug/deps/libtracing-5605f2f867fad977.rmeta --extern twox_hash=/Users/girivs/src/rust-tantraos/build/aarch64-apple-darwin/stage1-rustc/aarch64-apple-darwin/debug/deps/libtwox_hash-6a23e5eba3911aef.rmeta --cfg=bootstrap --cfg=windows_raw_dylib -Csymbol-mangling-version=v0 -Zunstable-options '--check-cfg=cfg(bootstrap)' '--check-cfg=cfg(llvm_enzyme)' -Zmacro-backtrace -Csplit-debuginfo=unpacked -Zosx-rpath-install-name '-Clink-args=-Wl,-rpath,@loader_path/../lib' -Alinker-messages -Zon-broken-pipe=kill -Clto=off -Z binary-dep-depinfo -L native=/Users/girivs/src/rust-tantraos/build/aarch64-apple-darwin/stage1-rustc/aarch64-apple-darwin/debug/build/psm-4644cc58932be6af/out -L native=/Users/girivs/src/rust-tantraos/build/aarch64-apple-darwin/stage1-rustc/aarch64-apple-darwin/debug/build/blake3-486d38906040b2a9/out`
       Dirty rustc_traits v0.0.0 (/Users/girivs/src/rust-tantraos/compiler/rustc_traits): the dependency rustc_trait_selection was rebuilt
   Compiling rustc_traits v0.0.0 (/Users/girivs/src/rust-tantraos/compiler/rustc_traits)
     Running `/Users/girivs/src/rust-tantraos/build/bootstrap/debug/rustc /Users/girivs/src/rust-tantraos/build/bootstrap/debug/rustc --crate-name rustc_traits --edition=2024 compiler/rustc_traits/src/lib.rs --error-format=json --json=diagnostic-rendered-ansi,artifacts,future-incompat --crate-type lib --emit=dep-info,metadata,link -C embed-bitcode=no -C codegen-units=16 -C debug-assertions=off --check-cfg 'cfg(docsrs,test)' --check-cfg 'cfg(feature, values())' -C metadata=3d145326ca7bc93f -C extra-filename=-d4ce6785dfb6d2c1 --out-dir /Users/girivs/src/rust-tantraos/build/aarch64-apple-darwin/stage1-rustc/aarch64-apple-darwin/debug/deps --target aarch64-apple-darwin -L dependency=/Users/girivs/src/rust-tantraos/build/aarch64-apple-darwin/stage1-rustc/aarch64-apple-darwin/debug/deps -L dependency=/Users/girivs/src/rust-tantraos/build/aarch64-apple-darwin/stage1-rustc/debug/deps --extern rustc_data_structures=/Users/girivs/src/rust-tantraos/build/aarch64-apple-darwin/stage1-rustc/aarch64-apple-darwin/debug/deps/librustc_data_structures-53324afa57622985.rmeta --extern rustc_infer=/Users/girivs/src/rust-tantraos/build/aarch64-apple-darwin/stage1-rustc/aarch64-apple-darwin/debug/deps/librustc_infer-c26c8f4fe6f1661c.rmeta --extern rustc_middle=/Users/girivs/src/rust-tantraos/build/aarch64-apple-darwin/stage1-rustc/aarch64-apple-darwin/debug/deps/librustc_middle-4856c36a9d44bf79.rmeta --extern rustc_span=/Users/girivs/src/rust-tantraos/build/aarch64-apple-darwin/stage1-rustc/aarch64-apple-darwin/debug/deps/librustc_span-d6bec53b237ec4c4.rmeta --extern rustc_trait_selection=/Users/girivs/src/rust-tantraos/build/aarch64-apple-darwin/stage1-rustc/aarch64-apple-darwin/debug/deps/librustc_trait_selection-1f9259437d4ba99f.rmeta --extern tracing=/Users/girivs/src/rust-tantraos/build/aarch64-apple-darwin/stage1-rustc/aarch64-apple-darwin/debug/deps/libtracing-5605f2f867fad977.rmeta --cfg=bootstrap --cfg=windows_raw_dylib -Csymbol-mangling-version=v0 -Zunstable-options '--check-cfg=cfg(bootstrap)' '--check-cfg=cfg(llvm_enzyme)' -Zmacro-backtrace -Csplit-debuginfo=unpacked -Zosx-rpath-install-name '-Clink-args=-Wl,-rpath,@loader_path/../lib' -Alinker-messages -Zon-broken-pipe=kill -Clto=off -Z binary-dep-depinfo -L native=/Users/girivs/src/rust-tantraos/build/aarch64-apple-darwin/stage1-rustc/aarch64-apple-darwin/debug/build/psm-4644cc58932be6af/out -L native=/Users/girivs/src/rust-tantraos/build/aarch64-apple-darwin/stage1-rustc/aarch64-apple-darwin/debug/build/blake3-486d38906040b2a9/out`
       Dirty rustc_hir_analysis v0.0.0 (/Users/girivs/src/rust-tantraos/compiler/rustc_hir_analysis): the dependency rustc_target was rebuilt
   Compiling rustc_hir_analysis v0.0.0 (/Users/girivs/src/rust-tantraos/compiler/rustc_hir_analysis)
     Running `/Users/girivs/src/rust-tantraos/build/bootstrap/debug/rustc /Users/girivs/src/rust-tantraos/build/bootstrap/debug/rustc --crate-name rustc_hir_analysis --edition=2024 compiler/rustc_hir_analysis/src/lib.rs --error-format=json --json=diagnostic-rendered-ansi,artifacts,future-incompat --crate-type lib --emit=dep-info,metadata,link -C embed-bitcode=no -C codegen-units=16 -C debug-assertions=off --check-cfg 'cfg(docsrs,test)' --check-cfg 'cfg(feature, values())' -C metadata=87b53db525e4ab3b -C extra-filename=-52399541a10f399a --out-dir /Users/girivs/src/rust-tantraos/build/aarch64-apple-darwin/stage1-rustc/aarch64-apple-darwin/debug/deps --target aarch64-apple-darwin -L dependency=/Users/girivs/src/rust-tantraos/build/aarch64-apple-darwin/stage1-rustc/aarch64-apple-darwin/debug/deps -L dependency=/Users/girivs/src/rust-tantraos/build/aarch64-apple-darwin/stage1-rustc/debug/deps --extern itertools=/Users/girivs/src/rust-tantraos/build/aarch64-apple-darwin/stage1-rustc/aarch64-apple-darwin/debug/deps/libitertools-bb5340b0f82f4fc5.rmeta --extern rustc_abi=/Users/girivs/src/rust-tantraos/build/aarch64-apple-darwin/stage1-rustc/aarch64-apple-darwin/debug/deps/librustc_abi-09e488c880f2e0a3.rmeta --extern rustc_arena=/Users/girivs/src/rust-tantraos/build/aarch64-apple-darwin/stage1-rustc/aarch64-apple-darwin/debug/deps/librustc_arena-82fa9f5058c00acb.rmeta --extern rustc_ast=/Users/girivs/src/rust-tantraos/build/aarch64-apple-darwin/stage1-rustc/aarch64-apple-darwin/debug/deps/librustc_ast-986d44ba93a5512b.rmeta --extern rustc_attr_parsing=/Users/girivs/src/rust-tantraos/build/aarch64-apple-darwin/stage1-rustc/aarch64-apple-darwin/debug/deps/librustc_attr_parsing-362765332dccbe89.rmeta --extern rustc_data_structures=/Users/girivs/src/rust-tantraos/build/aarch64-apple-darwin/stage1-rustc/aarch64-apple-darwin/debug/deps/librustc_data_structures-53324afa57622985.rmeta --extern rustc_errors=/Users/girivs/src/rust-tantraos/build/aarch64-apple-darwin/stage1-rustc/aarch64-apple-darwin/debug/deps/librustc_errors-89d154c028688311.rmeta --extern rustc_feature=/Users/girivs/src/rust-tantraos/build/aarch64-apple-darwin/stage1-rustc/aarch64-apple-darwin/debug/deps/librustc_feature-408fdd73cabbcdd5.rmeta --extern rustc_fluent_macro=/Users/girivs/src/rust-tantraos/build/aarch64-apple-darwin/stage1-rustc/debug/deps/librustc_fluent_macro-6a93aa79dabde813.dylib --extern rustc_hir=/Users/girivs/src/rust-tantraos/build/aarch64-apple-darwin/stage1-rustc/aarch64-apple-darwin/debug/deps/librustc_hir-48fcfc8b9aa9f89a.rmeta --extern rustc_index=/Users/girivs/src/rust-tantraos/build/aarch64-apple-darwin/stage1-rustc/aarch64-apple-darwin/debug/deps/librustc_index-2bf14f55015abfd3.rmeta --extern rustc_infer=/Users/girivs/src/rust-tantraos/build/aarch64-apple-darwin/stage1-rustc/aarch64-apple-darwin/debug/deps/librustc_infer-c26c8f4fe6f1661c.rmeta --extern rustc_lint_defs=/Users/girivs/src/rust-tantraos/build/aarch64-apple-darwin/stage1-rustc/aarch64-apple-darwin/debug/deps/librustc_lint_defs-964ebbc4d3457239.rmeta --extern rustc_macros=/Users/girivs/src/rust-tantraos/build/aarch64-apple-darwin/stage1-rustc/debug/deps/librustc_macros-82fd4294dca5b57c.dylib --extern rustc_middle=/Users/girivs/src/rust-tantraos/build/aarch64-apple-darwin/stage1-rustc/aarch64-apple-darwin/debug/deps/librustc_middle-4856c36a9d44bf79.rmeta --extern rustc_session=/Users/girivs/src/rust-tantraos/build/aarch64-apple-darwin/stage1-rustc/aarch64-apple-darwin/debug/deps/librustc_session-a2f907dc0b7ee91b.rmeta --extern rustc_span=/Users/girivs/src/rust-tantraos/build/aarch64-apple-darwin/stage1-rustc/aarch64-apple-darwin/debug/deps/librustc_span-d6bec53b237ec4c4.rmeta --extern rustc_target=/Users/girivs/src/rust-tantraos/build/aarch64-apple-darwin/stage1-rustc/aarch64-apple-darwin/debug/deps/librustc_target-35cf86096f412775.rmeta --extern rustc_trait_selection=/Users/girivs/src/rust-tantraos/build/aarch64-apple-darwin/stage1-rustc/aarch64-apple-darwin/debug/deps/librustc_trait_selection-1f9259437d4ba99f.rmeta --extern smallvec=/Users/girivs/src/rust-tantraos/build/aarch64-apple-darwin/stage1-rustc/aarch64-apple-darwin/debug/deps/libsmallvec-47fd9e70f2e35cd9.rmeta --extern tracing=/Users/girivs/src/rust-tantraos/build/aarch64-apple-darwin/stage1-rustc/aarch64-apple-darwin/debug/deps/libtracing-5605f2f867fad977.rmeta --cfg=bootstrap --cfg=windows_raw_dylib -Csymbol-mangling-version=v0 -Zunstable-options '--check-cfg=cfg(bootstrap)' '--check-cfg=cfg(llvm_enzyme)' -Zmacro-backtrace -Csplit-debuginfo=unpacked -Zosx-rpath-install-name '-Clink-args=-Wl,-rpath,@loader_path/../lib' -Alinker-messages -Zon-broken-pipe=kill -Clto=off -Z binary-dep-depinfo -L native=/Users/girivs/src/rust-tantraos/build/aarch64-apple-darwin/stage1-rustc/aarch64-apple-darwin/debug/build/psm-4644cc58932be6af/out -L native=/Users/girivs/src/rust-tantraos/build/aarch64-apple-darwin/stage1-rustc/aarch64-apple-darwin/debug/build/blake3-486d38906040b2a9/out`
       Dirty rustc_const_eval v0.0.0 (/Users/girivs/src/rust-tantraos/compiler/rustc_const_eval): the dependency rustc_target was rebuilt
   Compiling rustc_const_eval v0.0.0 (/Users/girivs/src/rust-tantraos/compiler/rustc_const_eval)
     Running `/Users/girivs/src/rust-tantraos/build/bootstrap/debug/rustc /Users/girivs/src/rust-tantraos/build/bootstrap/debug/rustc --crate-name rustc_const_eval --edition=2024 compiler/rustc_const_eval/src/lib.rs --error-format=json --json=diagnostic-rendered-ansi,artifacts,future-incompat --crate-type lib --emit=dep-info,metadata,link -C embed-bitcode=no -C codegen-units=16 -C debug-assertions=off --check-cfg 'cfg(docsrs,test)' --check-cfg 'cfg(feature, values())' -C metadata=0a3cc1558a29fad5 -C extra-filename=-6eb3232987f7a576 --out-dir /Users/girivs/src/rust-tantraos/build/aarch64-apple-darwin/stage1-rustc/aarch64-apple-darwin/debug/deps --target aarch64-apple-darwin -L dependency=/Users/girivs/src/rust-tantraos/build/aarch64-apple-darwin/stage1-rustc/aarch64-apple-darwin/debug/deps -L dependency=/Users/girivs/src/rust-tantraos/build/aarch64-apple-darwin/stage1-rustc/debug/deps --extern either=/Users/girivs/src/rust-tantraos/build/aarch64-apple-darwin/stage1-rustc/aarch64-apple-darwin/debug/deps/libeither-9a752f8f23defb52.rmeta --extern rustc_abi=/Users/girivs/src/rust-tantraos/build/aarch64-apple-darwin/stage1-rustc/aarch64-apple-darwin/debug/deps/librustc_abi-09e488c880f2e0a3.rmeta --extern rustc_apfloat=/Users/girivs/src/rust-tantraos/build/aarch64-apple-darwin/stage1-rustc/aarch64-apple-darwin/debug/deps/librustc_apfloat-7309ed1b79fd32a3.rmeta --extern rustc_ast=/Users/girivs/src/rust-tantraos/build/aarch64-apple-darwin/stage1-rustc/aarch64-apple-darwin/debug/deps/librustc_ast-986d44ba93a5512b.rmeta --extern rustc_data_structures=/Users/girivs/src/rust-tantraos/build/aarch64-apple-darwin/stage1-rustc/aarch64-apple-darwin/debug/deps/librustc_data_structures-53324afa57622985.rmeta --extern rustc_errors=/Users/girivs/src/rust-tantraos/build/aarch64-apple-darwin/stage1-rustc/aarch64-apple-darwin/debug/deps/librustc_errors-89d154c028688311.rmeta --extern rustc_fluent_macro=/Users/girivs/src/rust-tantraos/build/aarch64-apple-darwin/stage1-rustc/debug/deps/librustc_fluent_macro-6a93aa79dabde813.dylib --extern rustc_hir=/Users/girivs/src/rust-tantraos/build/aarch64-apple-darwin/stage1-rustc/aarch64-apple-darwin/debug/deps/librustc_hir-48fcfc8b9aa9f89a.rmeta --extern rustc_index=/Users/girivs/src/rust-tantraos/build/aarch64-apple-darwin/stage1-rustc/aarch64-apple-darwin/debug/deps/librustc_index-2bf14f55015abfd3.rmeta --extern rustc_infer=/Users/girivs/src/rust-tantraos/build/aarch64-apple-darwin/stage1-rustc/aarch64-apple-darwin/debug/deps/librustc_infer-c26c8f4fe6f1661c.rmeta --extern rustc_macros=/Users/girivs/src/rust-tantraos/build/aarch64-apple-darwin/stage1-rustc/debug/deps/librustc_macros-82fd4294dca5b57c.dylib --extern rustc_middle=/Users/girivs/src/rust-tantraos/build/aarch64-apple-darwin/stage1-rustc/aarch64-apple-darwin/debug/deps/librustc_middle-4856c36a9d44bf79.rmeta --extern rustc_mir_dataflow=/Users/girivs/src/rust-tantraos/build/aarch64-apple-darwin/stage1-rustc/aarch64-apple-darwin/debug/deps/librustc_mir_dataflow-eda3f45ee4844999.rmeta --extern rustc_session=/Users/girivs/src/rust-tantraos/build/aarch64-apple-darwin/stage1-rustc/aarch64-apple-darwin/debug/deps/librustc_session-a2f907dc0b7ee91b.rmeta --extern rustc_span=/Users/girivs/src/rust-tantraos/build/aarch64-apple-darwin/stage1-rustc/aarch64-apple-darwin/debug/deps/librustc_span-d6bec53b237ec4c4.rmeta --extern rustc_target=/Users/girivs/src/rust-tantraos/build/aarch64-apple-darwin/stage1-rustc/aarch64-apple-darwin/debug/deps/librustc_target-35cf86096f412775.rmeta --extern rustc_trait_selection=/Users/girivs/src/rust-tantraos/build/aarch64-apple-darwin/stage1-rustc/aarch64-apple-darwin/debug/deps/librustc_trait_selection-1f9259437d4ba99f.rmeta --extern tracing=/Users/girivs/src/rust-tantraos/build/aarch64-apple-darwin/stage1-rustc/aarch64-apple-darwin/debug/deps/libtracing-5605f2f867fad977.rmeta --cfg=bootstrap --cfg=windows_raw_dylib -Csymbol-mangling-version=v0 -Zunstable-options '--check-cfg=cfg(bootstrap)' '--check-cfg=cfg(llvm_enzyme)' -Zmacro-backtrace -Csplit-debuginfo=unpacked -Zosx-rpath-install-name '-Clink-args=-Wl,-rpath,@loader_path/../lib' -Alinker-messages -Zon-broken-pipe=kill -Clto=off -Z binary-dep-depinfo -L native=/Users/girivs/src/rust-tantraos/build/aarch64-apple-darwin/stage1-rustc/aarch64-apple-darwin/debug/build/psm-4644cc58932be6af/out -L native=/Users/girivs/src/rust-tantraos/build/aarch64-apple-darwin/stage1-rustc/aarch64-apple-darwin/debug/build/blake3-486d38906040b2a9/out`
       Dirty rustc_codegen_ssa v0.0.0 (/Users/girivs/src/rust-tantraos/compiler/rustc_codegen_ssa): the dependency rustc_target was rebuilt
   Compiling rustc_codegen_ssa v0.0.0 (/Users/girivs/src/rust-tantraos/compiler/rustc_codegen_ssa)
     Running `/Users/girivs/src/rust-tantraos/build/bootstrap/debug/rustc /Users/girivs/src/rust-tantraos/build/bootstrap/debug/rustc --crate-name rustc_codegen_ssa --edition=2024 compiler/rustc_codegen_ssa/src/lib.rs --error-format=json --json=diagnostic-rendered-ansi,artifacts,future-incompat --crate-type lib --emit=dep-info,metadata,link -C embed-bitcode=no -C codegen-units=16 -C debug-assertions=off --check-cfg 'cfg(docsrs,test)' --check-cfg 'cfg(feature, values())' -C metadata=95951a1ea3799552 -C extra-filename=-02c0928f02ba91c5 --out-dir /Users/girivs/src/rust-tantraos/build/aarch64-apple-darwin/stage1-rustc/aarch64-apple-darwin/debug/deps --target aarch64-apple-darwin -L dependency=/Users/girivs/src/rust-tantraos/build/aarch64-apple-darwin/stage1-rustc/aarch64-apple-darwin/debug/deps -L dependency=/Users/girivs/src/rust-tantraos/build/aarch64-apple-darwin/stage1-rustc/debug/deps --extern ar_archive_writer=/Users/girivs/src/rust-tantraos/build/aarch64-apple-darwin/stage1-rustc/aarch64-apple-darwin/debug/deps/libar_archive_writer-7269c2fe82bc0013.rmeta --extern bitflags=/Users/girivs/src/rust-tantraos/build/aarch64-apple-darwin/stage1-rustc/aarch64-apple-darwin/debug/deps/libbitflags-135f596f25eed33e.rmeta --extern bstr=/Users/girivs/src/rust-tantraos/build/aarch64-apple-darwin/stage1-rustc/aarch64-apple-darwin/debug/deps/libbstr-e7ac336145439c12.rmeta --extern cc=/Users/girivs/src/rust-tantraos/build/aarch64-apple-darwin/stage1-rustc/aarch64-apple-darwin/debug/deps/libcc-8efe12ef3d9b01c1.rmeta --extern itertools=/Users/girivs/src/rust-tantraos/build/aarch64-apple-darwin/stage1-rustc/aarch64-apple-darwin/debug/deps/libitertools-bb5340b0f82f4fc5.rmeta --extern libc=/Users/girivs/src/rust-tantraos/build/aarch64-apple-darwin/stage1-rustc/aarch64-apple-darwin/debug/deps/liblibc-44678f8c97d89ee4.rmeta --extern object=/Users/girivs/src/rust-tantraos/build/aarch64-apple-darwin/stage1-rustc/aarch64-apple-darwin/debug/deps/libobject-e37ebecb3728463b.rmeta --extern pathdiff=/Users/girivs/src/rust-tantraos/build/aarch64-apple-darwin/stage1-rustc/aarch64-apple-darwin/debug/deps/libpathdiff-e1f17f8cec31553d.rmeta --extern regex=/Users/girivs/src/rust-tantraos/build/aarch64-apple-darwin/stage1-rustc/aarch64-apple-darwin/debug/deps/libregex-eb8b8751f9b72e12.rmeta --extern rustc_abi=/Users/girivs/src/rust-tantraos/build/aarch64-apple-darwin/stage1-rustc/aarch64-apple-darwin/debug/deps/librustc_abi-09e488c880f2e0a3.rmeta --extern rustc_arena=/Users/girivs/src/rust-tantraos/build/aarch64-apple-darwin/stage1-rustc/aarch64-apple-darwin/debug/deps/librustc_arena-82fa9f5058c00acb.rmeta --extern rustc_ast=/Users/girivs/src/rust-tantraos/build/aarch64-apple-darwin/stage1-rustc/aarch64-apple-darwin/debug/deps/librustc_ast-986d44ba93a5512b.rmeta --extern rustc_attr_parsing=/Users/girivs/src/rust-tantraos/build/aarch64-apple-darwin/stage1-rustc/aarch64-apple-darwin/debug/deps/librustc_attr_parsing-362765332dccbe89.rmeta --extern rustc_data_structures=/Users/girivs/src/rust-tantraos/build/aarch64-apple-darwin/stage1-rustc/aarch64-apple-darwin/debug/deps/librustc_data_structures-53324afa57622985.rmeta --extern rustc_errors=/Users/girivs/src/rust-tantraos/build/aarch64-apple-darwin/stage1-rustc/aarch64-apple-darwin/debug/deps/librustc_errors-89d154c028688311.rmeta --extern rustc_fluent_macro=/Users/girivs/src/rust-tantraos/build/aarch64-apple-darwin/stage1-rustc/debug/deps/librustc_fluent_macro-6a93aa79dabde813.dylib --extern rustc_fs_util=/Users/girivs/src/rust-tantraos/build/aarch64-apple-darwin/stage1-rustc/aarch64-apple-darwin/debug/deps/librustc_fs_util-15cace19e9869a25.rmeta --extern rustc_hashes=/Users/girivs/src/rust-tantraos/build/aarch64-apple-darwin/stage1-rustc/aarch64-apple-darwin/debug/deps/librustc_hashes-f21b6e9214cef269.rmeta --extern rustc_hir=/Users/girivs/src/rust-tantraos/build/aarch64-apple-darwin/stage1-rustc/aarch64-apple-darwin/debug/deps/librustc_hir-48fcfc8b9aa9f89a.rmeta --extern rustc_incremental=/Users/girivs/src/rust-tantraos/build/aarch64-apple-darwin/stage1-rustc/aarch64-apple-darwin/debug/deps/librustc_incremental-0403c0da8cf745b1.rmeta --extern rustc_index=/Users/girivs/src/rust-tantraos/build/aarch64-apple-darwin/stage1-rustc/aarch64-apple-darwin/debug/deps/librustc_index-2bf14f55015abfd3.rmeta --extern rustc_lint_defs=/Users/girivs/src/rust-tantraos/build/aarch64-apple-darwin/stage1-rustc/aarch64-apple-darwin/debug/deps/librustc_lint_defs-964ebbc4d3457239.rmeta --extern rustc_macros=/Users/girivs/src/rust-tantraos/build/aarch64-apple-darwin/stage1-rustc/debug/deps/librustc_macros-82fd4294dca5b57c.dylib --extern rustc_metadata=/Users/girivs/src/rust-tantraos/build/aarch64-apple-darwin/stage1-rustc/aarch64-apple-darwin/debug/deps/librustc_metadata-6eb25f80f3d7d52b.rmeta --extern rustc_middle=/Users/girivs/src/rust-tantraos/build/aarch64-apple-darwin/stage1-rustc/aarch64-apple-darwin/debug/deps/librustc_middle-4856c36a9d44bf79.rmeta --extern rustc_query_system=/Users/girivs/src/rust-tantraos/build/aarch64-apple-darwin/stage1-rustc/aarch64-apple-darwin/debug/deps/librustc_query_system-48bb7dd372d0b900.rmeta --extern rustc_serialize=/Users/girivs/src/rust-tantraos/build/aarch64-apple-darwin/stage1-rustc/aarch64-apple-darwin/debug/deps/librustc_serialize-5a0faa3d5df4fc89.rmeta --extern rustc_session=/Users/girivs/src/rust-tantraos/build/aarch64-apple-darwin/stage1-rustc/aarch64-apple-darwin/debug/deps/librustc_session-a2f907dc0b7ee91b.rmeta --extern rustc_span=/Users/girivs/src/rust-tantraos/build/aarch64-apple-darwin/stage1-rustc/aarch64-apple-darwin/debug/deps/librustc_span-d6bec53b237ec4c4.rmeta --extern rustc_symbol_mangling=/Users/girivs/src/rust-tantraos/build/aarch64-apple-darwin/stage1-rustc/aarch64-apple-darwin/debug/deps/librustc_symbol_mangling-afc9f98714ddb03c.rmeta --extern rustc_target=/Users/girivs/src/rust-tantraos/build/aarch64-apple-darwin/stage1-rustc/aarch64-apple-darwin/debug/deps/librustc_target-35cf86096f412775.rmeta --extern rustc_trait_selection=/Users/girivs/src/rust-tantraos/build/aarch64-apple-darwin/stage1-rustc/aarch64-apple-darwin/debug/deps/librustc_trait_selection-1f9259437d4ba99f.rmeta --extern serde_json=/Users/girivs/src/rust-tantraos/build/aarch64-apple-darwin/stage1-rustc/aarch64-apple-darwin/debug/deps/libserde_json-3c3126d7da243026.rmeta --extern smallvec=/Users/girivs/src/rust-tantraos/build/aarch64-apple-darwin/stage1-rustc/aarch64-apple-darwin/debug/deps/libsmallvec-47fd9e70f2e35cd9.rmeta --extern tempfile=/Users/girivs/src/rust-tantraos/build/aarch64-apple-darwin/stage1-rustc/aarch64-apple-darwin/debug/deps/libtempfile-bd9aa4c6b912e938.rmeta --extern thin_vec=/Users/girivs/src/rust-tantraos/build/aarch64-apple-darwin/stage1-rustc/aarch64-apple-darwin/debug/deps/libthin_vec-3f8b2fc9c896cfb1.rmeta --extern thorin=/Users/girivs/src/rust-tantraos/build/aarch64-apple-darwin/stage1-rustc/aarch64-apple-darwin/debug/deps/libthorin-f9f7f6f93eb90824.rmeta --extern tracing=/Users/girivs/src/rust-tantraos/build/aarch64-apple-darwin/stage1-rustc/aarch64-apple-darwin/debug/deps/libtracing-5605f2f867fad977.rmeta --extern wasm_encoder=/Users/girivs/src/rust-tantraos/build/aarch64-apple-darwin/stage1-rustc/aarch64-apple-darwin/debug/deps/libwasm_encoder-d887ac0f135ca990.rmeta --cfg=bootstrap --cfg=windows_raw_dylib -Csymbol-mangling-version=v0 -Zunstable-options '--check-cfg=cfg(bootstrap)' '--check-cfg=cfg(llvm_enzyme)' -Zmacro-backtrace -Csplit-debuginfo=unpacked -Zosx-rpath-install-name '-Clink-args=-Wl,-rpath,@loader_path/../lib' -Alinker-messages -Zon-broken-pipe=kill -Clto=off -Z binary-dep-depinfo -L native=/Users/girivs/src/rust-tantraos/build/aarch64-apple-darwin/stage1-rustc/aarch64-apple-darwin/debug/build/psm-4644cc58932be6af/out -L native=/Users/girivs/src/rust-tantraos/build/aarch64-apple-darwin/stage1-rustc/aarch64-apple-darwin/debug/build/blake3-486d38906040b2a9/out`
       Dirty rustc_borrowck v0.0.0 (/Users/girivs/src/rust-tantraos/compiler/rustc_borrowck): the dependency rustc_session was rebuilt
   Compiling rustc_borrowck v0.0.0 (/Users/girivs/src/rust-tantraos/compiler/rustc_borrowck)
     Running `/Users/girivs/src/rust-tantraos/build/bootstrap/debug/rustc /Users/girivs/src/rust-tantraos/build/bootstrap/debug/rustc --crate-name rustc_borrowck --edition=2024 compiler/rustc_borrowck/src/lib.rs --error-format=json --json=diagnostic-rendered-ansi,artifacts,future-incompat --crate-type lib --emit=dep-info,metadata,link -C embed-bitcode=no -C codegen-units=16 -C debug-assertions=off --check-cfg 'cfg(docsrs,test)' --check-cfg 'cfg(feature, values())' -C metadata=41545349a2300f4f -C extra-filename=-a1367a0a299c9066 --out-dir /Users/girivs/src/rust-tantraos/build/aarch64-apple-darwin/stage1-rustc/aarch64-apple-darwin/debug/deps --target aarch64-apple-darwin -L dependency=/Users/girivs/src/rust-tantraos/build/aarch64-apple-darwin/stage1-rustc/aarch64-apple-darwin/debug/deps -L dependency=/Users/girivs/src/rust-tantraos/build/aarch64-apple-darwin/stage1-rustc/debug/deps --extern either=/Users/girivs/src/rust-tantraos/build/aarch64-apple-darwin/stage1-rustc/aarch64-apple-darwin/debug/deps/libeither-9a752f8f23defb52.rmeta --extern itertools=/Users/girivs/src/rust-tantraos/build/aarch64-apple-darwin/stage1-rustc/aarch64-apple-darwin/debug/deps/libitertools-bb5340b0f82f4fc5.rmeta --extern polonius_engine=/Users/girivs/src/rust-tantraos/build/aarch64-apple-darwin/stage1-rustc/aarch64-apple-darwin/debug/deps/libpolonius_engine-6dc856885141011f.rmeta --extern rustc_abi=/Users/girivs/src/rust-tantraos/build/aarch64-apple-darwin/stage1-rustc/aarch64-apple-darwin/debug/deps/librustc_abi-09e488c880f2e0a3.rmeta --extern rustc_data_structures=/Users/girivs/src/rust-tantraos/build/aarch64-apple-darwin/stage1-rustc/aarch64-apple-darwin/debug/deps/librustc_data_structures-53324afa57622985.rmeta --extern rustc_errors=/Users/girivs/src/rust-tantraos/build/aarch64-apple-darwin/stage1-rustc/aarch64-apple-darwin/debug/deps/librustc_errors-89d154c028688311.rmeta --extern rustc_fluent_macro=/Users/girivs/src/rust-tantraos/build/aarch64-apple-darwin/stage1-rustc/debug/deps/librustc_fluent_macro-6a93aa79dabde813.dylib --extern rustc_graphviz=/Users/girivs/src/rust-tantraos/build/aarch64-apple-darwin/stage1-rustc/aarch64-apple-darwin/debug/deps/librustc_graphviz-1fddc535a76729a1.rmeta --extern rustc_hir=/Users/girivs/src/rust-tantraos/build/aarch64-apple-darwin/stage1-rustc/aarch64-apple-darwin/debug/deps/librustc_hir-48fcfc8b9aa9f89a.rmeta --extern rustc_index=/Users/girivs/src/rust-tantraos/build/aarch64-apple-darwin/stage1-rustc/aarch64-apple-darwin/debug/deps/librustc_index-2bf14f55015abfd3.rmeta --extern rustc_infer=/Users/girivs/src/rust-tantraos/build/aarch64-apple-darwin/stage1-rustc/aarch64-apple-darwin/debug/deps/librustc_infer-c26c8f4fe6f1661c.rmeta --extern rustc_lexer=/Users/girivs/src/rust-tantraos/build/aarch64-apple-darwin/stage1-rustc/aarch64-apple-darwin/debug/deps/librustc_lexer-b988e895f018640a.rmeta --extern rustc_macros=/Users/girivs/src/rust-tantraos/build/aarch64-apple-darwin/stage1-rustc/debug/deps/librustc_macros-82fd4294dca5b57c.dylib --extern rustc_middle=/Users/girivs/src/rust-tantraos/build/aarch64-apple-darwin/stage1-rustc/aarch64-apple-darwin/debug/deps/librustc_middle-4856c36a9d44bf79.rmeta --extern rustc_mir_dataflow=/Users/girivs/src/rust-tantraos/build/aarch64-apple-darwin/stage1-rustc/aarch64-apple-darwin/debug/deps/librustc_mir_dataflow-eda3f45ee4844999.rmeta --extern rustc_session=/Users/girivs/src/rust-tantraos/build/aarch64-apple-darwin/stage1-rustc/aarch64-apple-darwin/debug/deps/librustc_session-a2f907dc0b7ee91b.rmeta --extern rustc_span=/Users/girivs/src/rust-tantraos/build/aarch64-apple-darwin/stage1-rustc/aarch64-apple-darwin/debug/deps/librustc_span-d6bec53b237ec4c4.rmeta --extern rustc_trait_selection=/Users/girivs/src/rust-tantraos/build/aarch64-apple-darwin/stage1-rustc/aarch64-apple-darwin/debug/deps/librustc_trait_selection-1f9259437d4ba99f.rmeta --extern rustc_traits=/Users/girivs/src/rust-tantraos/build/aarch64-apple-darwin/stage1-rustc/aarch64-apple-darwin/debug/deps/librustc_traits-d4ce6785dfb6d2c1.rmeta --extern smallvec=/Users/girivs/src/rust-tantraos/build/aarch64-apple-darwin/stage1-rustc/aarch64-apple-darwin/debug/deps/libsmallvec-47fd9e70f2e35cd9.rmeta --extern tracing=/Users/girivs/src/rust-tantraos/build/aarch64-apple-darwin/stage1-rustc/aarch64-apple-darwin/debug/deps/libtracing-5605f2f867fad977.rmeta --cfg=bootstrap --cfg=windows_raw_dylib -Csymbol-mangling-version=v0 -Zunstable-options '--check-cfg=cfg(bootstrap)' '--check-cfg=cfg(llvm_enzyme)' -Zmacro-backtrace -Csplit-debuginfo=unpacked -Zosx-rpath-install-name '-Clink-args=-Wl,-rpath,@loader_path/../lib' -Alinker-messages -Zon-broken-pipe=kill -Clto=off -Z binary-dep-depinfo -L native=/Users/girivs/src/rust-tantraos/build/aarch64-apple-darwin/stage1-rustc/aarch64-apple-darwin/debug/build/psm-4644cc58932be6af/out -L native=/Users/girivs/src/rust-tantraos/build/aarch64-apple-darwin/stage1-rustc/aarch64-apple-darwin/debug/build/blake3-486d38906040b2a9/out`
       Dirty rustc_privacy v0.0.0 (/Users/girivs/src/rust-tantraos/compiler/rustc_privacy): the dependency rustc_session was rebuilt
   Compiling rustc_privacy v0.0.0 (/Users/girivs/src/rust-tantraos/compiler/rustc_privacy)
     Running `/Users/girivs/src/rust-tantraos/build/bootstrap/debug/rustc /Users/girivs/src/rust-tantraos/build/bootstrap/debug/rustc --crate-name rustc_privacy --edition=2024 compiler/rustc_privacy/src/lib.rs --error-format=json --json=diagnostic-rendered-ansi,artifacts,future-incompat --crate-type lib --emit=dep-info,metadata,link -C embed-bitcode=no -C codegen-units=16 -C debug-assertions=off --check-cfg 'cfg(docsrs,test)' --check-cfg 'cfg(feature, values())' -C metadata=4e4b40d2582a6f1d -C extra-filename=-50e1ffb75a78c5c5 --out-dir /Users/girivs/src/rust-tantraos/build/aarch64-apple-darwin/stage1-rustc/aarch64-apple-darwin/debug/deps --target aarch64-apple-darwin -L dependency=/Users/girivs/src/rust-tantraos/build/aarch64-apple-darwin/stage1-rustc/aarch64-apple-darwin/debug/deps -L dependency=/Users/girivs/src/rust-tantraos/build/aarch64-apple-darwin/stage1-rustc/debug/deps --extern rustc_ast=/Users/girivs/src/rust-tantraos/build/aarch64-apple-darwin/stage1-rustc/aarch64-apple-darwin/debug/deps/librustc_ast-986d44ba93a5512b.rmeta --extern rustc_data_structures=/Users/girivs/src/rust-tantraos/build/aarch64-apple-darwin/stage1-rustc/aarch64-apple-darwin/debug/deps/librustc_data_structures-53324afa57622985.rmeta --extern rustc_errors=/Users/girivs/src/rust-tantraos/build/aarch64-apple-darwin/stage1-rustc/aarch64-apple-darwin/debug/deps/librustc_errors-89d154c028688311.rmeta --extern rustc_fluent_macro=/Users/girivs/src/rust-tantraos/build/aarch64-apple-darwin/stage1-rustc/debug/deps/librustc_fluent_macro-6a93aa79dabde813.dylib --extern rustc_hir=/Users/girivs/src/rust-tantraos/build/aarch64-apple-darwin/stage1-rustc/aarch64-apple-darwin/debug/deps/librustc_hir-48fcfc8b9aa9f89a.rmeta --extern rustc_macros=/Users/girivs/src/rust-tantraos/build/aarch64-apple-darwin/stage1-rustc/debug/deps/librustc_macros-82fd4294dca5b57c.dylib --extern rustc_middle=/Users/girivs/src/rust-tantraos/build/aarch64-apple-darwin/stage1-rustc/aarch64-apple-darwin/debug/deps/librustc_middle-4856c36a9d44bf79.rmeta --extern rustc_session=/Users/girivs/src/rust-tantraos/build/aarch64-apple-darwin/stage1-rustc/aarch64-apple-darwin/debug/deps/librustc_session-a2f907dc0b7ee91b.rmeta --extern rustc_span=/Users/girivs/src/rust-tantraos/build/aarch64-apple-darwin/stage1-rustc/aarch64-apple-darwin/debug/deps/librustc_span-d6bec53b237ec4c4.rmeta --extern rustc_ty_utils=/Users/girivs/src/rust-tantraos/build/aarch64-apple-darwin/stage1-rustc/aarch64-apple-darwin/debug/deps/librustc_ty_utils-eb19f1895e7f68ff.rmeta --extern tracing=/Users/girivs/src/rust-tantraos/build/aarch64-apple-darwin/stage1-rustc/aarch64-apple-darwin/debug/deps/libtracing-5605f2f867fad977.rmeta --cfg=bootstrap --cfg=windows_raw_dylib -Csymbol-mangling-version=v0 -Zunstable-options '--check-cfg=cfg(bootstrap)' '--check-cfg=cfg(llvm_enzyme)' -Zmacro-backtrace -Csplit-debuginfo=unpacked -Zosx-rpath-install-name '-Clink-args=-Wl,-rpath,@loader_path/../lib' -Alinker-messages -Zon-broken-pipe=kill -Clto=off -Z binary-dep-depinfo -L native=/Users/girivs/src/rust-tantraos/build/aarch64-apple-darwin/stage1-rustc/aarch64-apple-darwin/debug/build/psm-4644cc58932be6af/out -L native=/Users/girivs/src/rust-tantraos/build/aarch64-apple-darwin/stage1-rustc/aarch64-apple-darwin/debug/build/blake3-486d38906040b2a9/out`
       Dirty rustc_passes v0.0.0 (/Users/girivs/src/rust-tantraos/compiler/rustc_passes): the dependency rustc_target was rebuilt
   Compiling rustc_passes v0.0.0 (/Users/girivs/src/rust-tantraos/compiler/rustc_passes)
     Running `/Users/girivs/src/rust-tantraos/build/bootstrap/debug/rustc /Users/girivs/src/rust-tantraos/build/bootstrap/debug/rustc --crate-name rustc_passes --edition=2024 compiler/rustc_passes/src/lib.rs --error-format=json --json=diagnostic-rendered-ansi,artifacts,future-incompat --crate-type lib --emit=dep-info,metadata,link -C embed-bitcode=no -C codegen-units=16 -C debug-assertions=off --check-cfg 'cfg(docsrs,test)' --check-cfg 'cfg(feature, values())' -C metadata=74bc1bb23d0ddc07 -C extra-filename=-53a50a97fea9d2b6 --out-dir /Users/girivs/src/rust-tantraos/build/aarch64-apple-darwin/stage1-rustc/aarch64-apple-darwin/debug/deps --target aarch64-apple-darwin -L dependency=/Users/girivs/src/rust-tantraos/build/aarch64-apple-darwin/stage1-rustc/aarch64-apple-darwin/debug/deps -L dependency=/Users/girivs/src/rust-tantraos/build/aarch64-apple-darwin/stage1-rustc/debug/deps --extern rustc_abi=/Users/girivs/src/rust-tantraos/build/aarch64-apple-darwin/stage1-rustc/aarch64-apple-darwin/debug/deps/librustc_abi-09e488c880f2e0a3.rmeta --extern rustc_ast=/Users/girivs/src/rust-tantraos/build/aarch64-apple-darwin/stage1-rustc/aarch64-apple-darwin/debug/deps/librustc_ast-986d44ba93a5512b.rmeta --extern rustc_ast_lowering=/Users/girivs/src/rust-tantraos/build/aarch64-apple-darwin/stage1-rustc/aarch64-apple-darwin/debug/deps/librustc_ast_lowering-e2a5d3f5b909baa8.rmeta --extern rustc_ast_pretty=/Users/girivs/src/rust-tantraos/build/aarch64-apple-darwin/stage1-rustc/aarch64-apple-darwin/debug/deps/librustc_ast_pretty-e5f9988db04cd780.rmeta --extern rustc_attr_parsing=/Users/girivs/src/rust-tantraos/build/aarch64-apple-darwin/stage1-rustc/aarch64-apple-darwin/debug/deps/librustc_attr_parsing-362765332dccbe89.rmeta --extern rustc_data_structures=/Users/girivs/src/rust-tantraos/build/aarch64-apple-darwin/stage1-rustc/aarch64-apple-darwin/debug/deps/librustc_data_structures-53324afa57622985.rmeta --extern rustc_errors=/Users/girivs/src/rust-tantraos/build/aarch64-apple-darwin/stage1-rustc/aarch64-apple-darwin/debug/deps/librustc_errors-89d154c028688311.rmeta --extern rustc_expand=/Users/girivs/src/rust-tantraos/build/aarch64-apple-darwin/stage1-rustc/aarch64-apple-darwin/debug/deps/librustc_expand-f1c9eba824dcfc81.rmeta --extern rustc_feature=/Users/girivs/src/rust-tantraos/build/aarch64-apple-darwin/stage1-rustc/aarch64-apple-darwin/debug/deps/librustc_feature-408fdd73cabbcdd5.rmeta --extern rustc_fluent_macro=/Users/girivs/src/rust-tantraos/build/aarch64-apple-darwin/stage1-rustc/debug/deps/librustc_fluent_macro-6a93aa79dabde813.dylib --extern rustc_hir=/Users/girivs/src/rust-tantraos/build/aarch64-apple-darwin/stage1-rustc/aarch64-apple-darwin/debug/deps/librustc_hir-48fcfc8b9aa9f89a.rmeta --extern rustc_index=/Users/girivs/src/rust-tantraos/build/aarch64-apple-darwin/stage1-rustc/aarch64-apple-darwin/debug/deps/librustc_index-2bf14f55015abfd3.rmeta --extern rustc_macros=/Users/girivs/src/rust-tantraos/build/aarch64-apple-darwin/stage1-rustc/debug/deps/librustc_macros-82fd4294dca5b57c.dylib --extern rustc_middle=/Users/girivs/src/rust-tantraos/build/aarch64-apple-darwin/stage1-rustc/aarch64-apple-darwin/debug/deps/librustc_middle-4856c36a9d44bf79.rmeta --extern rustc_privacy=/Users/girivs/src/rust-tantraos/build/aarch64-apple-darwin/stage1-rustc/aarch64-apple-darwin/debug/deps/librustc_privacy-50e1ffb75a78c5c5.rmeta --extern rustc_session=/Users/girivs/src/rust-tantraos/build/aarch64-apple-darwin/stage1-rustc/aarch64-apple-darwin/debug/deps/librustc_session-a2f907dc0b7ee91b.rmeta --extern rustc_span=/Users/girivs/src/rust-tantraos/build/aarch64-apple-darwin/stage1-rustc/aarch64-apple-darwin/debug/deps/librustc_span-d6bec53b237ec4c4.rmeta --extern rustc_target=/Users/girivs/src/rust-tantraos/build/aarch64-apple-darwin/stage1-rustc/aarch64-apple-darwin/debug/deps/librustc_target-35cf86096f412775.rmeta --extern rustc_trait_selection=/Users/girivs/src/rust-tantraos/build/aarch64-apple-darwin/stage1-rustc/aarch64-apple-darwin/debug/deps/librustc_trait_selection-1f9259437d4ba99f.rmeta --extern tracing=/Users/girivs/src/rust-tantraos/build/aarch64-apple-darwin/stage1-rustc/aarch64-apple-darwin/debug/deps/libtracing-5605f2f867fad977.rmeta --cfg=bootstrap --cfg=windows_raw_dylib -Csymbol-mangling-version=v0 -Zunstable-options '--check-cfg=cfg(bootstrap)' '--check-cfg=cfg(llvm_enzyme)' -Zmacro-backtrace -Csplit-debuginfo=unpacked -Zosx-rpath-install-name '-Clink-args=-Wl,-rpath,@loader_path/../lib' -Alinker-messages -Zon-broken-pipe=kill -Clto=off -Z binary-dep-depinfo -L native=/Users/girivs/src/rust-tantraos/build/aarch64-apple-darwin/stage1-rustc/aarch64-apple-darwin/debug/build/psm-4644cc58932be6af/out -L native=/Users/girivs/src/rust-tantraos/build/aarch64-apple-darwin/stage1-rustc/aarch64-apple-darwin/debug/build/blake3-486d38906040b2a9/out`
       Dirty rustc_mir_build v0.0.0 (/Users/girivs/src/rust-tantraos/compiler/rustc_mir_build): the dependency rustc_lint was rebuilt
   Compiling rustc_mir_build v0.0.0 (/Users/girivs/src/rust-tantraos/compiler/rustc_mir_build)
     Running `/Users/girivs/src/rust-tantraos/build/bootstrap/debug/rustc /Users/girivs/src/rust-tantraos/build/bootstrap/debug/rustc --crate-name rustc_mir_build --edition=2024 compiler/rustc_mir_build/src/lib.rs --error-format=json --json=diagnostic-rendered-ansi,artifacts,future-incompat --crate-type lib --emit=dep-info,metadata,link -C embed-bitcode=no -C codegen-units=16 -C debug-assertions=off --check-cfg 'cfg(docsrs,test)' --check-cfg 'cfg(feature, values())' -C metadata=2fe0492f3e81acf2 -C extra-filename=-6f13cf009b1cfbc0 --out-dir /Users/girivs/src/rust-tantraos/build/aarch64-apple-darwin/stage1-rustc/aarch64-apple-darwin/debug/deps --target aarch64-apple-darwin -L dependency=/Users/girivs/src/rust-tantraos/build/aarch64-apple-darwin/stage1-rustc/aarch64-apple-darwin/debug/deps -L dependency=/Users/girivs/src/rust-tantraos/build/aarch64-apple-darwin/stage1-rustc/debug/deps --extern itertools=/Users/girivs/src/rust-tantraos/build/aarch64-apple-darwin/stage1-rustc/aarch64-apple-darwin/debug/deps/libitertools-bb5340b0f82f4fc5.rmeta --extern rustc_abi=/Users/girivs/src/rust-tantraos/build/aarch64-apple-darwin/stage1-rustc/aarch64-apple-darwin/debug/deps/librustc_abi-09e488c880f2e0a3.rmeta --extern rustc_apfloat=/Users/girivs/src/rust-tantraos/build/aarch64-apple-darwin/stage1-rustc/aarch64-apple-darwin/debug/deps/librustc_apfloat-7309ed1b79fd32a3.rmeta --extern rustc_arena=/Users/girivs/src/rust-tantraos/build/aarch64-apple-darwin/stage1-rustc/aarch64-apple-darwin/debug/deps/librustc_arena-82fa9f5058c00acb.rmeta --extern rustc_ast=/Users/girivs/src/rust-tantraos/build/aarch64-apple-darwin/stage1-rustc/aarch64-apple-darwin/debug/deps/librustc_ast-986d44ba93a5512b.rmeta --extern rustc_data_structures=/Users/girivs/src/rust-tantraos/build/aarch64-apple-darwin/stage1-rustc/aarch64-apple-darwin/debug/deps/librustc_data_structures-53324afa57622985.rmeta --extern rustc_errors=/Users/girivs/src/rust-tantraos/build/aarch64-apple-darwin/stage1-rustc/aarch64-apple-darwin/debug/deps/librustc_errors-89d154c028688311.rmeta --extern rustc_fluent_macro=/Users/girivs/src/rust-tantraos/build/aarch64-apple-darwin/stage1-rustc/debug/deps/librustc_fluent_macro-6a93aa79dabde813.dylib --extern rustc_hir=/Users/girivs/src/rust-tantraos/build/aarch64-apple-darwin/stage1-rustc/aarch64-apple-darwin/debug/deps/librustc_hir-48fcfc8b9aa9f89a.rmeta --extern rustc_index=/Users/girivs/src/rust-tantraos/build/aarch64-apple-darwin/stage1-rustc/aarch64-apple-darwin/debug/deps/librustc_index-2bf14f55015abfd3.rmeta --extern rustc_infer=/Users/girivs/src/rust-tantraos/build/aarch64-apple-darwin/stage1-rustc/aarch64-apple-darwin/debug/deps/librustc_infer-c26c8f4fe6f1661c.rmeta --extern rustc_lint=/Users/girivs/src/rust-tantraos/build/aarch64-apple-darwin/stage1-rustc/aarch64-apple-darwin/debug/deps/librustc_lint-e3e7dded08f42b1e.rmeta --extern rustc_macros=/Users/girivs/src/rust-tantraos/build/aarch64-apple-darwin/stage1-rustc/debug/deps/librustc_macros-82fd4294dca5b57c.dylib --extern rustc_middle=/Users/girivs/src/rust-tantraos/build/aarch64-apple-darwin/stage1-rustc/aarch64-apple-darwin/debug/deps/librustc_middle-4856c36a9d44bf79.rmeta --extern rustc_pattern_analysis=/Users/girivs/src/rust-tantraos/build/aarch64-apple-darwin/stage1-rustc/aarch64-apple-darwin/debug/deps/librustc_pattern_analysis-1a1206c75a50c3e2.rmeta --extern rustc_session=/Users/girivs/src/rust-tantraos/build/aarch64-apple-darwin/stage1-rustc/aarch64-apple-darwin/debug/deps/librustc_session-a2f907dc0b7ee91b.rmeta --extern rustc_span=/Users/girivs/src/rust-tantraos/build/aarch64-apple-darwin/stage1-rustc/aarch64-apple-darwin/debug/deps/librustc_span-d6bec53b237ec4c4.rmeta --extern rustc_trait_selection=/Users/girivs/src/rust-tantraos/build/aarch64-apple-darwin/stage1-rustc/aarch64-apple-darwin/debug/deps/librustc_trait_selection-1f9259437d4ba99f.rmeta --extern tracing=/Users/girivs/src/rust-tantraos/build/aarch64-apple-darwin/stage1-rustc/aarch64-apple-darwin/debug/deps/libtracing-5605f2f867fad977.rmeta --cfg=bootstrap --cfg=windows_raw_dylib -Csymbol-mangling-version=v0 -Zunstable-options '--check-cfg=cfg(bootstrap)' '--check-cfg=cfg(llvm_enzyme)' -Zmacro-backtrace -Csplit-debuginfo=unpacked -Zosx-rpath-install-name '-Clink-args=-Wl,-rpath,@loader_path/../lib' -Alinker-messages -Zon-broken-pipe=kill -Clto=off -Z binary-dep-depinfo -L native=/Users/girivs/src/rust-tantraos/build/aarch64-apple-darwin/stage1-rustc/aarch64-apple-darwin/debug/build/psm-4644cc58932be6af/out -L native=/Users/girivs/src/rust-tantraos/build/aarch64-apple-darwin/stage1-rustc/aarch64-apple-darwin/debug/build/blake3-486d38906040b2a9/out`
       Dirty rustc_codegen_llvm v0.0.0 (/Users/girivs/src/rust-tantraos/compiler/rustc_codegen_llvm): the dependency rustc_sanitizers was rebuilt
   Compiling rustc_codegen_llvm v0.0.0 (/Users/girivs/src/rust-tantraos/compiler/rustc_codegen_llvm)
     Running `/Users/girivs/src/rust-tantraos/build/bootstrap/debug/rustc /Users/girivs/src/rust-tantraos/build/bootstrap/debug/rustc --crate-name rustc_codegen_llvm --edition=2024 compiler/rustc_codegen_llvm/src/lib.rs --error-format=json --json=diagnostic-rendered-ansi,artifacts,future-incompat --crate-type lib --emit=dep-info,metadata,link -C embed-bitcode=no -C codegen-units=16 -C debug-assertions=off --check-cfg 'cfg(docsrs,test)' --check-cfg 'cfg(feature, values("check_only"))' -C metadata=9b87a486fe0d664d -C extra-filename=-2a73e8e4d18bbbf7 --out-dir /Users/girivs/src/rust-tantraos/build/aarch64-apple-darwin/stage1-rustc/aarch64-apple-darwin/debug/deps --target aarch64-apple-darwin -L dependency=/Users/girivs/src/rust-tantraos/build/aarch64-apple-darwin/stage1-rustc/aarch64-apple-darwin/debug/deps -L dependency=/Users/girivs/src/rust-tantraos/build/aarch64-apple-darwin/stage1-rustc/debug/deps --extern bitflags=/Users/girivs/src/rust-tantraos/build/aarch64-apple-darwin/stage1-rustc/aarch64-apple-darwin/debug/deps/libbitflags-135f596f25eed33e.rmeta --extern gimli=/Users/girivs/src/rust-tantraos/build/aarch64-apple-darwin/stage1-rustc/aarch64-apple-darwin/debug/deps/libgimli-edcfadc1a56c377a.rmeta --extern itertools=/Users/girivs/src/rust-tantraos/build/aarch64-apple-darwin/stage1-rustc/aarch64-apple-darwin/debug/deps/libitertools-bb5340b0f82f4fc5.rmeta --extern libc=/Users/girivs/src/rust-tantraos/build/aarch64-apple-darwin/stage1-rustc/aarch64-apple-darwin/debug/deps/liblibc-44678f8c97d89ee4.rmeta --extern measureme=/Users/girivs/src/rust-tantraos/build/aarch64-apple-darwin/stage1-rustc/aarch64-apple-darwin/debug/deps/libmeasureme-c53afd3aa998f0e1.rmeta --extern object=/Users/girivs/src/rust-tantraos/build/aarch64-apple-darwin/stage1-rustc/aarch64-apple-darwin/debug/deps/libobject-e37ebecb3728463b.rmeta --extern rustc_demangle=/Users/girivs/src/rust-tantraos/build/aarch64-apple-darwin/stage1-rustc/aarch64-apple-darwin/debug/deps/librustc_demangle-304bdd798810d54e.rmeta --extern rustc_abi=/Users/girivs/src/rust-tantraos/build/aarch64-apple-darwin/stage1-rustc/aarch64-apple-darwin/debug/deps/librustc_abi-09e488c880f2e0a3.rmeta --extern rustc_ast=/Users/girivs/src/rust-tantraos/build/aarch64-apple-darwin/stage1-rustc/aarch64-apple-darwin/debug/deps/librustc_ast-986d44ba93a5512b.rmeta --extern rustc_codegen_ssa=/Users/girivs/src/rust-tantraos/build/aarch64-apple-darwin/stage1-rustc/aarch64-apple-darwin/debug/deps/librustc_codegen_ssa-02c0928f02ba91c5.rmeta --extern rustc_data_structures=/Users/girivs/src/rust-tantraos/build/aarch64-apple-darwin/stage1-rustc/aarch64-apple-darwin/debug/deps/librustc_data_structures-53324afa57622985.rmeta --extern rustc_errors=/Users/girivs/src/rust-tantraos/build/aarch64-apple-darwin/stage1-rustc/aarch64-apple-darwin/debug/deps/librustc_errors-89d154c028688311.rmeta --extern rustc_fluent_macro=/Users/girivs/src/rust-tantraos/build/aarch64-apple-darwin/stage1-rustc/debug/deps/librustc_fluent_macro-6a93aa79dabde813.dylib --extern rustc_fs_util=/Users/girivs/src/rust-tantraos/build/aarch64-apple-darwin/stage1-rustc/aarch64-apple-darwin/debug/deps/librustc_fs_util-15cace19e9869a25.rmeta --extern rustc_hashes=/Users/girivs/src/rust-tantraos/build/aarch64-apple-darwin/stage1-rustc/aarch64-apple-darwin/debug/deps/librustc_hashes-f21b6e9214cef269.rmeta --extern rustc_hir=/Users/girivs/src/rust-tantraos/build/aarch64-apple-darwin/stage1-rustc/aarch64-apple-darwin/debug/deps/librustc_hir-48fcfc8b9aa9f89a.rmeta --extern rustc_index=/Users/girivs/src/rust-tantraos/build/aarch64-apple-darwin/stage1-rustc/aarch64-apple-darwin/debug/deps/librustc_index-2bf14f55015abfd3.rmeta --extern rustc_llvm=/Users/girivs/src/rust-tantraos/build/aarch64-apple-darwin/stage1-rustc/aarch64-apple-darwin/debug/deps/librustc_llvm-5d94522c41bd55e4.rmeta --extern rustc_macros=/Users/girivs/src/rust-tantraos/build/aarch64-apple-darwin/stage1-rustc/debug/deps/librustc_macros-82fd4294dca5b57c.dylib --extern rustc_metadata=/Users/girivs/src/rust-tantraos/build/aarch64-apple-darwin/stage1-rustc/aarch64-apple-darwin/debug/deps/librustc_metadata-6eb25f80f3d7d52b.rmeta --extern rustc_middle=/Users/girivs/src/rust-tantraos/build/aarch64-apple-darwin/stage1-rustc/aarch64-apple-darwin/debug/deps/librustc_middle-4856c36a9d44bf79.rmeta --extern rustc_query_system=/Users/girivs/src/rust-tantraos/build/aarch64-apple-darwin/stage1-rustc/aarch64-apple-darwin/debug/deps/librustc_query_system-48bb7dd372d0b900.rmeta --extern rustc_sanitizers=/Users/girivs/src/rust-tantraos/build/aarch64-apple-darwin/stage1-rustc/aarch64-apple-darwin/debug/deps/librustc_sanitizers-ed761f5e877d90ba.rmeta --extern rustc_session=/Users/girivs/src/rust-tantraos/build/aarch64-apple-darwin/stage1-rustc/aarch64-apple-darwin/debug/deps/librustc_session-a2f907dc0b7ee91b.rmeta --extern rustc_span=/Users/girivs/src/rust-tantraos/build/aarch64-apple-darwin/stage1-rustc/aarch64-apple-darwin/debug/deps/librustc_span-d6bec53b237ec4c4.rmeta --extern rustc_symbol_mangling=/Users/girivs/src/rust-tantraos/build/aarch64-apple-darwin/stage1-rustc/aarch64-apple-darwin/debug/deps/librustc_symbol_mangling-afc9f98714ddb03c.rmeta --extern rustc_target=/Users/girivs/src/rust-tantraos/build/aarch64-apple-darwin/stage1-rustc/aarch64-apple-darwin/debug/deps/librustc_target-35cf86096f412775.rmeta --extern serde=/Users/girivs/src/rust-tantraos/build/aarch64-apple-darwin/stage1-rustc/aarch64-apple-darwin/debug/deps/libserde-2bd80ce89840e1ef.rmeta --extern serde_json=/Users/girivs/src/rust-tantraos/build/aarch64-apple-darwin/stage1-rustc/aarch64-apple-darwin/debug/deps/libserde_json-3c3126d7da243026.rmeta --extern smallvec=/Users/girivs/src/rust-tantraos/build/aarch64-apple-darwin/stage1-rustc/aarch64-apple-darwin/debug/deps/libsmallvec-47fd9e70f2e35cd9.rmeta --extern tracing=/Users/girivs/src/rust-tantraos/build/aarch64-apple-darwin/stage1-rustc/aarch64-apple-darwin/debug/deps/libtracing-5605f2f867fad977.rmeta --cfg=bootstrap --cfg=windows_raw_dylib -Csymbol-mangling-version=v0 -Zunstable-options '--check-cfg=cfg(bootstrap)' '--check-cfg=cfg(llvm_enzyme)' -Zmacro-backtrace -Csplit-debuginfo=unpacked -Zosx-rpath-install-name '-Clink-args=-Wl,-rpath,@loader_path/../lib' -Alinker-messages -Zon-broken-pipe=kill -Clto=off -Z binary-dep-depinfo -L native=/Users/girivs/src/rust-tantraos/build/aarch64-apple-darwin/stage1-rustc/aarch64-apple-darwin/debug/build/psm-4644cc58932be6af/out -L native=/Users/girivs/src/rust-tantraos/build/aarch64-apple-darwin/stage1-rustc/aarch64-apple-darwin/debug/build/blake3-486d38906040b2a9/out -L native=/Users/girivs/src/rust-tantraos/build/aarch64-apple-darwin/stage1-rustc/aarch64-apple-darwin/debug/build/rustc_llvm-56adf9ce591945d2/out -L native=/Users/girivs/src/rust-tantraos/build/aarch64-apple-darwin/ci-llvm/lib`
       Dirty rustc_hir_typeck v0.0.0 (/Users/girivs/src/rust-tantraos/compiler/rustc_hir_typeck): the dependency rustc_target was rebuilt
   Compiling rustc_hir_typeck v0.0.0 (/Users/girivs/src/rust-tantraos/compiler/rustc_hir_typeck)
     Running `/Users/girivs/src/rust-tantraos/build/bootstrap/debug/rustc /Users/girivs/src/rust-tantraos/build/bootstrap/debug/rustc --crate-name rustc_hir_typeck --edition=2024 compiler/rustc_hir_typeck/src/lib.rs --error-format=json --json=diagnostic-rendered-ansi,artifacts,future-incompat --crate-type lib --emit=dep-info,metadata,link -C embed-bitcode=no -C codegen-units=16 -C debug-assertions=off --check-cfg 'cfg(docsrs,test)' --check-cfg 'cfg(feature, values())' -C metadata=735412bb47d76b71 -C extra-filename=-6031be16d1fc7676 --out-dir /Users/girivs/src/rust-tantraos/build/aarch64-apple-darwin/stage1-rustc/aarch64-apple-darwin/debug/deps --target aarch64-apple-darwin -L dependency=/Users/girivs/src/rust-tantraos/build/aarch64-apple-darwin/stage1-rustc/aarch64-apple-darwin/debug/deps -L dependency=/Users/girivs/src/rust-tantraos/build/aarch64-apple-darwin/stage1-rustc/debug/deps --extern itertools=/Users/girivs/src/rust-tantraos/build/aarch64-apple-darwin/stage1-rustc/aarch64-apple-darwin/debug/deps/libitertools-bb5340b0f82f4fc5.rmeta --extern rustc_abi=/Users/girivs/src/rust-tantraos/build/aarch64-apple-darwin/stage1-rustc/aarch64-apple-darwin/debug/deps/librustc_abi-09e488c880f2e0a3.rmeta --extern rustc_ast=/Users/girivs/src/rust-tantraos/build/aarch64-apple-darwin/stage1-rustc/aarch64-apple-darwin/debug/deps/librustc_ast-986d44ba93a5512b.rmeta --extern rustc_attr_parsing=/Users/girivs/src/rust-tantraos/build/aarch64-apple-darwin/stage1-rustc/aarch64-apple-darwin/debug/deps/librustc_attr_parsing-362765332dccbe89.rmeta --extern rustc_data_structures=/Users/girivs/src/rust-tantraos/build/aarch64-apple-darwin/stage1-rustc/aarch64-apple-darwin/debug/deps/librustc_data_structures-53324afa57622985.rmeta --extern rustc_errors=/Users/girivs/src/rust-tantraos/build/aarch64-apple-darwin/stage1-rustc/aarch64-apple-darwin/debug/deps/librustc_errors-89d154c028688311.rmeta --extern rustc_fluent_macro=/Users/girivs/src/rust-tantraos/build/aarch64-apple-darwin/stage1-rustc/debug/deps/librustc_fluent_macro-6a93aa79dabde813.dylib --extern rustc_hir=/Users/girivs/src/rust-tantraos/build/aarch64-apple-darwin/stage1-rustc/aarch64-apple-darwin/debug/deps/librustc_hir-48fcfc8b9aa9f89a.rmeta --extern rustc_hir_analysis=/Users/girivs/src/rust-tantraos/build/aarch64-apple-darwin/stage1-rustc/aarch64-apple-darwin/debug/deps/librustc_hir_analysis-52399541a10f399a.rmeta --extern rustc_hir_pretty=/Users/girivs/src/rust-tantraos/build/aarch64-apple-darwin/stage1-rustc/aarch64-apple-darwin/debug/deps/librustc_hir_pretty-ce09053d6a05e15c.rmeta --extern rustc_index=/Users/girivs/src/rust-tantraos/build/aarch64-apple-darwin/stage1-rustc/aarch64-apple-darwin/debug/deps/librustc_index-2bf14f55015abfd3.rmeta --extern rustc_infer=/Users/girivs/src/rust-tantraos/build/aarch64-apple-darwin/stage1-rustc/aarch64-apple-darwin/debug/deps/librustc_infer-c26c8f4fe6f1661c.rmeta --extern rustc_lint=/Users/girivs/src/rust-tantraos/build/aarch64-apple-darwin/stage1-rustc/aarch64-apple-darwin/debug/deps/librustc_lint-e3e7dded08f42b1e.rmeta --extern rustc_macros=/Users/girivs/src/rust-tantraos/build/aarch64-apple-darwin/stage1-rustc/debug/deps/librustc_macros-82fd4294dca5b57c.dylib --extern rustc_middle=/Users/girivs/src/rust-tantraos/build/aarch64-apple-darwin/stage1-rustc/aarch64-apple-darwin/debug/deps/librustc_middle-4856c36a9d44bf79.rmeta --extern rustc_session=/Users/girivs/src/rust-tantraos/build/aarch64-apple-darwin/stage1-rustc/aarch64-apple-darwin/debug/deps/librustc_session-a2f907dc0b7ee91b.rmeta --extern rustc_span=/Users/girivs/src/rust-tantraos/build/aarch64-apple-darwin/stage1-rustc/aarch64-apple-darwin/debug/deps/librustc_span-d6bec53b237ec4c4.rmeta --extern rustc_target=/Users/girivs/src/rust-tantraos/build/aarch64-apple-darwin/stage1-rustc/aarch64-apple-darwin/debug/deps/librustc_target-35cf86096f412775.rmeta --extern rustc_trait_selection=/Users/girivs/src/rust-tantraos/build/aarch64-apple-darwin/stage1-rustc/aarch64-apple-darwin/debug/deps/librustc_trait_selection-1f9259437d4ba99f.rmeta --extern smallvec=/Users/girivs/src/rust-tantraos/build/aarch64-apple-darwin/stage1-rustc/aarch64-apple-darwin/debug/deps/libsmallvec-47fd9e70f2e35cd9.rmeta --extern tracing=/Users/girivs/src/rust-tantraos/build/aarch64-apple-darwin/stage1-rustc/aarch64-apple-darwin/debug/deps/libtracing-5605f2f867fad977.rmeta --cfg=bootstrap --cfg=windows_raw_dylib -Csymbol-mangling-version=v0 -Zunstable-options '--check-cfg=cfg(bootstrap)' '--check-cfg=cfg(llvm_enzyme)' -Zmacro-backtrace -Csplit-debuginfo=unpacked -Zosx-rpath-install-name '-Clink-args=-Wl,-rpath,@loader_path/../lib' -Alinker-messages -Zon-broken-pipe=kill -Clto=off -Z binary-dep-depinfo -L native=/Users/girivs/src/rust-tantraos/build/aarch64-apple-darwin/stage1-rustc/aarch64-apple-darwin/debug/build/psm-4644cc58932be6af/out -L native=/Users/girivs/src/rust-tantraos/build/aarch64-apple-darwin/stage1-rustc/aarch64-apple-darwin/debug/build/blake3-486d38906040b2a9/out`
       Dirty rustc_mir_transform v0.0.0 (/Users/girivs/src/rust-tantraos/compiler/rustc_mir_transform): the dependency rustc_target was rebuilt
   Compiling rustc_mir_transform v0.0.0 (/Users/girivs/src/rust-tantraos/compiler/rustc_mir_transform)
     Running `/Users/girivs/src/rust-tantraos/build/bootstrap/debug/rustc /Users/girivs/src/rust-tantraos/build/bootstrap/debug/rustc --crate-name rustc_mir_transform --edition=2024 compiler/rustc_mir_transform/src/lib.rs --error-format=json --json=diagnostic-rendered-ansi,artifacts,future-incompat --crate-type lib --emit=dep-info,metadata,link -C embed-bitcode=no -C codegen-units=16 -C debug-assertions=off --check-cfg 'cfg(docsrs,test)' --check-cfg 'cfg(feature, values())' -C metadata=ab5d2183280a9801 -C extra-filename=-53b6e50986cc59da --out-dir /Users/girivs/src/rust-tantraos/build/aarch64-apple-darwin/stage1-rustc/aarch64-apple-darwin/debug/deps --target aarch64-apple-darwin -L dependency=/Users/girivs/src/rust-tantraos/build/aarch64-apple-darwin/stage1-rustc/aarch64-apple-darwin/debug/deps -L dependency=/Users/girivs/src/rust-tantraos/build/aarch64-apple-darwin/stage1-rustc/debug/deps --extern either=/Users/girivs/src/rust-tantraos/build/aarch64-apple-darwin/stage1-rustc/aarch64-apple-darwin/debug/deps/libeither-9a752f8f23defb52.rmeta --extern itertools=/Users/girivs/src/rust-tantraos/build/aarch64-apple-darwin/stage1-rustc/aarch64-apple-darwin/debug/deps/libitertools-bb5340b0f82f4fc5.rmeta --extern rustc_abi=/Users/girivs/src/rust-tantraos/build/aarch64-apple-darwin/stage1-rustc/aarch64-apple-darwin/debug/deps/librustc_abi-09e488c880f2e0a3.rmeta --extern rustc_arena=/Users/girivs/src/rust-tantraos/build/aarch64-apple-darwin/stage1-rustc/aarch64-apple-darwin/debug/deps/librustc_arena-82fa9f5058c00acb.rmeta --extern rustc_ast=/Users/girivs/src/rust-tantraos/build/aarch64-apple-darwin/stage1-rustc/aarch64-apple-darwin/debug/deps/librustc_ast-986d44ba93a5512b.rmeta --extern rustc_const_eval=/Users/girivs/src/rust-tantraos/build/aarch64-apple-darwin/stage1-rustc/aarch64-apple-darwin/debug/deps/librustc_const_eval-6eb3232987f7a576.rmeta --extern rustc_data_structures=/Users/girivs/src/rust-tantraos/build/aarch64-apple-darwin/stage1-rustc/aarch64-apple-darwin/debug/deps/librustc_data_structures-53324afa57622985.rmeta --extern rustc_errors=/Users/girivs/src/rust-tantraos/build/aarch64-apple-darwin/stage1-rustc/aarch64-apple-darwin/debug/deps/librustc_errors-89d154c028688311.rmeta --extern rustc_fluent_macro=/Users/girivs/src/rust-tantraos/build/aarch64-apple-darwin/stage1-rustc/debug/deps/librustc_fluent_macro-6a93aa79dabde813.dylib --extern rustc_hir=/Users/girivs/src/rust-tantraos/build/aarch64-apple-darwin/stage1-rustc/aarch64-apple-darwin/debug/deps/librustc_hir-48fcfc8b9aa9f89a.rmeta --extern rustc_index=/Users/girivs/src/rust-tantraos/build/aarch64-apple-darwin/stage1-rustc/aarch64-apple-darwin/debug/deps/librustc_index-2bf14f55015abfd3.rmeta --extern rustc_infer=/Users/girivs/src/rust-tantraos/build/aarch64-apple-darwin/stage1-rustc/aarch64-apple-darwin/debug/deps/librustc_infer-c26c8f4fe6f1661c.rmeta --extern rustc_macros=/Users/girivs/src/rust-tantraos/build/aarch64-apple-darwin/stage1-rustc/debug/deps/librustc_macros-82fd4294dca5b57c.dylib --extern rustc_middle=/Users/girivs/src/rust-tantraos/build/aarch64-apple-darwin/stage1-rustc/aarch64-apple-darwin/debug/deps/librustc_middle-4856c36a9d44bf79.rmeta --extern rustc_mir_build=/Users/girivs/src/rust-tantraos/build/aarch64-apple-darwin/stage1-rustc/aarch64-apple-darwin/debug/deps/librustc_mir_build-6f13cf009b1cfbc0.rmeta --extern rustc_mir_dataflow=/Users/girivs/src/rust-tantraos/build/aarch64-apple-darwin/stage1-rustc/aarch64-apple-darwin/debug/deps/librustc_mir_dataflow-eda3f45ee4844999.rmeta --extern rustc_session=/Users/girivs/src/rust-tantraos/build/aarch64-apple-darwin/stage1-rustc/aarch64-apple-darwin/debug/deps/librustc_session-a2f907dc0b7ee91b.rmeta --extern rustc_span=/Users/girivs/src/rust-tantraos/build/aarch64-apple-darwin/stage1-rustc/aarch64-apple-darwin/debug/deps/librustc_span-d6bec53b237ec4c4.rmeta --extern rustc_target=/Users/girivs/src/rust-tantraos/build/aarch64-apple-darwin/stage1-rustc/aarch64-apple-darwin/debug/deps/librustc_target-35cf86096f412775.rmeta --extern rustc_trait_selection=/Users/girivs/src/rust-tantraos/build/aarch64-apple-darwin/stage1-rustc/aarch64-apple-darwin/debug/deps/librustc_trait_selection-1f9259437d4ba99f.rmeta --extern smallvec=/Users/girivs/src/rust-tantraos/build/aarch64-apple-darwin/stage1-rustc/aarch64-apple-darwin/debug/deps/libsmallvec-47fd9e70f2e35cd9.rmeta --extern tracing=/Users/girivs/src/rust-tantraos/build/aarch64-apple-darwin/stage1-rustc/aarch64-apple-darwin/debug/deps/libtracing-5605f2f867fad977.rmeta --cfg=bootstrap --cfg=windows_raw_dylib -Csymbol-mangling-version=v0 -Zunstable-options '--check-cfg=cfg(bootstrap)' '--check-cfg=cfg(llvm_enzyme)' -Zmacro-backtrace -Csplit-debuginfo=unpacked -Zosx-rpath-install-name '-Clink-args=-Wl,-rpath,@loader_path/../lib' -Alinker-messages -Zon-broken-pipe=kill -Clto=off -Z binary-dep-depinfo -L native=/Users/girivs/src/rust-tantraos/build/aarch64-apple-darwin/stage1-rustc/aarch64-apple-darwin/debug/build/psm-4644cc58932be6af/out -L native=/Users/girivs/src/rust-tantraos/build/aarch64-apple-darwin/stage1-rustc/aarch64-apple-darwin/debug/build/blake3-486d38906040b2a9/out`
       Dirty rustc_interface v0.0.0 (/Users/girivs/src/rust-tantraos/compiler/rustc_interface): the dependency rustc_passes was rebuilt
   Compiling rustc_interface v0.0.0 (/Users/girivs/src/rust-tantraos/compiler/rustc_interface)
     Running `/Users/girivs/src/rust-tantraos/build/bootstrap/debug/rustc /Users/girivs/src/rust-tantraos/build/bootstrap/debug/rustc --crate-name rustc_interface --edition=2024 compiler/rustc_interface/src/lib.rs --error-format=json --json=diagnostic-rendered-ansi,artifacts,future-incompat --crate-type lib --emit=dep-info,metadata,link -C embed-bitcode=no -C codegen-units=16 -C debug-assertions=off --cfg 'feature="llvm"' --check-cfg 'cfg(docsrs,test)' --check-cfg 'cfg(feature, values("check_only", "llvm"))' -C metadata=164cdf522499cb11 -C extra-filename=-497297566db25050 --out-dir /Users/girivs/src/rust-tantraos/build/aarch64-apple-darwin/stage1-rustc/aarch64-apple-darwin/debug/deps --target aarch64-apple-darwin -L dependency=/Users/girivs/src/rust-tantraos/build/aarch64-apple-darwin/stage1-rustc/aarch64-apple-darwin/debug/deps -L dependency=/Users/girivs/src/rust-tantraos/build/aarch64-apple-darwin/stage1-rustc/debug/deps --extern rustc_ast=/Users/girivs/src/rust-tantraos/build/aarch64-apple-darwin/stage1-rustc/aarch64-apple-darwin/debug/deps/librustc_ast-986d44ba93a5512b.rmeta --extern rustc_ast_lowering=/Users/girivs/src/rust-tantraos/build/aarch64-apple-darwin/stage1-rustc/aarch64-apple-darwin/debug/deps/librustc_ast_lowering-e2a5d3f5b909baa8.rmeta --extern rustc_ast_passes=/Users/girivs/src/rust-tantraos/build/aarch64-apple-darwin/stage1-rustc/aarch64-apple-darwin/debug/deps/librustc_ast_passes-38fc80fedba07bb2.rmeta --extern rustc_ast_pretty=/Users/girivs/src/rust-tantraos/build/aarch64-apple-darwin/stage1-rustc/aarch64-apple-darwin/debug/deps/librustc_ast_pretty-e5f9988db04cd780.rmeta --extern rustc_attr_parsing=/Users/girivs/src/rust-tantraos/build/aarch64-apple-darwin/stage1-rustc/aarch64-apple-darwin/debug/deps/librustc_attr_parsing-362765332dccbe89.rmeta --extern rustc_borrowck=/Users/girivs/src/rust-tantraos/build/aarch64-apple-darwin/stage1-rustc/aarch64-apple-darwin/debug/deps/librustc_borrowck-a1367a0a299c9066.rmeta --extern rustc_builtin_macros=/Users/girivs/src/rust-tantraos/build/aarch64-apple-darwin/stage1-rustc/aarch64-apple-darwin/debug/deps/librustc_builtin_macros-fabec34a1763cbd7.rmeta --extern rustc_codegen_llvm=/Users/girivs/src/rust-tantraos/build/aarch64-apple-darwin/stage1-rustc/aarch64-apple-darwin/debug/deps/librustc_codegen_llvm-2a73e8e4d18bbbf7.rmeta --extern rustc_codegen_ssa=/Users/girivs/src/rust-tantraos/build/aarch64-apple-darwin/stage1-rustc/aarch64-apple-darwin/debug/deps/librustc_codegen_ssa-02c0928f02ba91c5.rmeta --extern rustc_const_eval=/Users/girivs/src/rust-tantraos/build/aarch64-apple-darwin/stage1-rustc/aarch64-apple-darwin/debug/deps/librustc_const_eval-6eb3232987f7a576.rmeta --extern rustc_data_structures=/Users/girivs/src/rust-tantraos/build/aarch64-apple-darwin/stage1-rustc/aarch64-apple-darwin/debug/deps/librustc_data_structures-53324afa57622985.rmeta --extern rustc_errors=/Users/girivs/src/rust-tantraos/build/aarch64-apple-darwin/stage1-rustc/aarch64-apple-darwin/debug/deps/librustc_errors-89d154c028688311.rmeta --extern rustc_expand=/Users/girivs/src/rust-tantraos/build/aarch64-apple-darwin/stage1-rustc/aarch64-apple-darwin/debug/deps/librustc_expand-f1c9eba824dcfc81.rmeta --extern rustc_feature=/Users/girivs/src/rust-tantraos/build/aarch64-apple-darwin/stage1-rustc/aarch64-apple-darwin/debug/deps/librustc_feature-408fdd73cabbcdd5.rmeta --extern rustc_fluent_macro=/Users/girivs/src/rust-tantraos/build/aarch64-apple-darwin/stage1-rustc/debug/deps/librustc_fluent_macro-6a93aa79dabde813.dylib --extern rustc_fs_util=/Users/girivs/src/rust-tantraos/build/aarch64-apple-darwin/stage1-rustc/aarch64-apple-darwin/debug/deps/librustc_fs_util-15cace19e9869a25.rmeta --extern rustc_hir=/Users/girivs/src/rust-tantraos/build/aarch64-apple-darwin/stage1-rustc/aarch64-apple-darwin/debug/deps/librustc_hir-48fcfc8b9aa9f89a.rmeta --extern rustc_hir_analysis=/Users/girivs/src/rust-tantraos/build/aarch64-apple-darwin/stage1-rustc/aarch64-apple-darwin/debug/deps/librustc_hir_analysis-52399541a10f399a.rmeta --extern rustc_hir_typeck=/Users/girivs/src/rust-tantraos/build/aarch64-apple-darwin/stage1-rustc/aarch64-apple-darwin/debug/deps/librustc_hir_typeck-6031be16d1fc7676.rmeta --extern rustc_incremental=/Users/girivs/src/rust-tantraos/build/aarch64-apple-darwin/stage1-rustc/aarch64-apple-darwin/debug/deps/librustc_incremental-0403c0da8cf745b1.rmeta --extern rustc_lint=/Users/girivs/src/rust-tantraos/build/aarch64-apple-darwin/stage1-rustc/aarch64-apple-darwin/debug/deps/librustc_lint-e3e7dded08f42b1e.rmeta --extern rustc_macros=/Users/girivs/src/rust-tantraos/build/aarch64-apple-darwin/stage1-rustc/debug/deps/librustc_macros-82fd4294dca5b57c.dylib --extern rustc_metadata=/Users/girivs/src/rust-tantraos/build/aarch64-apple-darwin/stage1-rustc/aarch64-apple-darwin/debug/deps/librustc_metadata-6eb25f80f3d7d52b.rmeta --extern rustc_middle=/Users/girivs/src/rust-tantraos/build/aarch64-apple-darwin/stage1-rustc/aarch64-apple-darwin/debug/deps/librustc_middle-4856c36a9d44bf79.rmeta --extern rustc_mir_build=/Users/girivs/src/rust-tantraos/build/aarch64-apple-darwin/stage1-rustc/aarch64-apple-darwin/debug/deps/librustc_mir_build-6f13cf009b1cfbc0.rmeta --extern rustc_mir_transform=/Users/girivs/src/rust-tantraos/build/aarch64-apple-darwin/stage1-rustc/aarch64-apple-darwin/debug/deps/librustc_mir_transform-53b6e50986cc59da.rmeta --extern rustc_monomorphize=/Users/girivs/src/rust-tantraos/build/aarch64-apple-darwin/stage1-rustc/aarch64-apple-darwin/debug/deps/librustc_monomorphize-9f3be6a72c911929.rmeta --extern rustc_parse=/Users/girivs/src/rust-tantraos/build/aarch64-apple-darwin/stage1-rustc/aarch64-apple-darwin/debug/deps/librustc_parse-d0ade8b6f510f5cb.rmeta --extern rustc_passes=/Users/girivs/src/rust-tantraos/build/aarch64-apple-darwin/stage1-rustc/aarch64-apple-darwin/debug/deps/librustc_passes-53a50a97fea9d2b6.rmeta --extern rustc_privacy=/Users/girivs/src/rust-tantraos/build/aarch64-apple-darwin/stage1-rustc/aarch64-apple-darwin/debug/deps/librustc_privacy-50e1ffb75a78c5c5.rmeta --extern rustc_query_impl=/Users/girivs/src/rust-tantraos/build/aarch64-apple-darwin/stage1-rustc/aarch64-apple-darwin/debug/deps/librustc_query_impl-9f96679472d93131.rmeta --extern rustc_query_system=/Users/girivs/src/rust-tantraos/build/aarch64-apple-darwin/stage1-rustc/aarch64-apple-darwin/debug/deps/librustc_query_system-48bb7dd372d0b900.rmeta --extern rustc_resolve=/Users/girivs/src/rust-tantraos/build/aarch64-apple-darwin/stage1-rustc/aarch64-apple-darwin/debug/deps/librustc_resolve-8910a05e9a634dd5.rmeta --extern rustc_session=/Users/girivs/src/rust-tantraos/build/aarch64-apple-darwin/stage1-rustc/aarch64-apple-darwin/debug/deps/librustc_session-a2f907dc0b7ee91b.rmeta --extern rustc_span=/Users/girivs/src/rust-tantraos/build/aarch64-apple-darwin/stage1-rustc/aarch64-apple-darwin/debug/deps/librustc_span-d6bec53b237ec4c4.rmeta --extern rustc_symbol_mangling=/Users/girivs/src/rust-tantraos/build/aarch64-apple-darwin/stage1-rustc/aarch64-apple-darwin/debug/deps/librustc_symbol_mangling-afc9f98714ddb03c.rmeta --extern rustc_target=/Users/girivs/src/rust-tantraos/build/aarch64-apple-darwin/stage1-rustc/aarch64-apple-darwin/debug/deps/librustc_target-35cf86096f412775.rmeta --extern rustc_thread_pool=/Users/girivs/src/rust-tantraos/build/aarch64-apple-darwin/stage1-rustc/aarch64-apple-darwin/debug/deps/librustc_thread_pool-d378f618fb477099.rmeta --extern rustc_trait_selection=/Users/girivs/src/rust-tantraos/build/aarch64-apple-darwin/stage1-rustc/aarch64-apple-darwin/debug/deps/librustc_trait_selection-1f9259437d4ba99f.rmeta --extern rustc_traits=/Users/girivs/src/rust-tantraos/build/aarch64-apple-darwin/stage1-rustc/aarch64-apple-darwin/debug/deps/librustc_traits-d4ce6785dfb6d2c1.rmeta --extern rustc_ty_utils=/Users/girivs/src/rust-tantraos/build/aarch64-apple-darwin/stage1-rustc/aarch64-apple-darwin/debug/deps/librustc_ty_utils-eb19f1895e7f68ff.rmeta --extern tracing=/Users/girivs/src/rust-tantraos/build/aarch64-apple-darwin/stage1-rustc/aarch64-apple-darwin/debug/deps/libtracing-5605f2f867fad977.rmeta --cfg=bootstrap --cfg=windows_raw_dylib -Csymbol-mangling-version=v0 -Zunstable-options '--check-cfg=cfg(bootstrap)' '--check-cfg=cfg(llvm_enzyme)' -Zmacro-backtrace -Csplit-debuginfo=unpacked -Zosx-rpath-install-name '-Clink-args=-Wl,-rpath,@loader_path/../lib' -Alinker-messages -Zon-broken-pipe=kill -Clto=off -Z binary-dep-depinfo -L native=/Users/girivs/src/rust-tantraos/build/aarch64-apple-darwin/stage1-rustc/aarch64-apple-darwin/debug/build/psm-4644cc58932be6af/out -L native=/Users/girivs/src/rust-tantraos/build/aarch64-apple-darwin/stage1-rustc/aarch64-apple-darwin/debug/build/blake3-486d38906040b2a9/out -L native=/Users/girivs/src/rust-tantraos/build/aarch64-apple-darwin/stage1-rustc/aarch64-apple-darwin/debug/build/rustc_llvm-56adf9ce591945d2/out -L native=/Users/girivs/src/rust-tantraos/build/aarch64-apple-darwin/ci-llvm/lib`
       Dirty rustc_driver_impl v0.0.0 (/Users/girivs/src/rust-tantraos/compiler/rustc_driver_impl): the dependency rustc_passes was rebuilt
   Compiling rustc_driver_impl v0.0.0 (/Users/girivs/src/rust-tantraos/compiler/rustc_driver_impl)
     Running `/Users/girivs/src/rust-tantraos/build/bootstrap/debug/rustc /Users/girivs/src/rust-tantraos/build/bootstrap/debug/rustc --crate-name rustc_driver_impl --edition=2024 compiler/rustc_driver_impl/src/lib.rs --error-format=json --json=diagnostic-rendered-ansi,artifacts,future-incompat --crate-type lib --emit=dep-info,metadata,link -C embed-bitcode=no -C codegen-units=16 -C debug-assertions=off --cfg 'feature="llvm"' --cfg 'feature="max_level_info"' --check-cfg 'cfg(docsrs,test)' --check-cfg 'cfg(feature, values("check_only", "llvm", "max_level_info", "rustc_randomized_layouts"))' -C metadata=9b955a8457d3f349 -C extra-filename=-2df1cd77b2a491ea --out-dir /Users/girivs/src/rust-tantraos/build/aarch64-apple-darwin/stage1-rustc/aarch64-apple-darwin/debug/deps --target aarch64-apple-darwin -L dependency=/Users/girivs/src/rust-tantraos/build/aarch64-apple-darwin/stage1-rustc/aarch64-apple-darwin/debug/deps -L dependency=/Users/girivs/src/rust-tantraos/build/aarch64-apple-darwin/stage1-rustc/debug/deps --extern ctrlc=/Users/girivs/src/rust-tantraos/build/aarch64-apple-darwin/stage1-rustc/aarch64-apple-darwin/debug/deps/libctrlc-7210738f97d8b848.rmeta --extern jiff=/Users/girivs/src/rust-tantraos/build/aarch64-apple-darwin/stage1-rustc/aarch64-apple-darwin/debug/deps/libjiff-7f159afec8414665.rmeta --extern libc=/Users/girivs/src/rust-tantraos/build/aarch64-apple-darwin/stage1-rustc/aarch64-apple-darwin/debug/deps/liblibc-44678f8c97d89ee4.rmeta --extern rustc_abi=/Users/girivs/src/rust-tantraos/build/aarch64-apple-darwin/stage1-rustc/aarch64-apple-darwin/debug/deps/librustc_abi-09e488c880f2e0a3.rmeta --extern rustc_ast=/Users/girivs/src/rust-tantraos/build/aarch64-apple-darwin/stage1-rustc/aarch64-apple-darwin/debug/deps/librustc_ast-986d44ba93a5512b.rmeta --extern rustc_ast_lowering=/Users/girivs/src/rust-tantraos/build/aarch64-apple-darwin/stage1-rustc/aarch64-apple-darwin/debug/deps/librustc_ast_lowering-e2a5d3f5b909baa8.rmeta --extern rustc_ast_passes=/Users/girivs/src/rust-tantraos/build/aarch64-apple-darwin/stage1-rustc/aarch64-apple-darwin/debug/deps/librustc_ast_passes-38fc80fedba07bb2.rmeta --extern rustc_ast_pretty=/Users/girivs/src/rust-tantraos/build/aarch64-apple-darwin/stage1-rustc/aarch64-apple-darwin/debug/deps/librustc_ast_pretty-e5f9988db04cd780.rmeta --extern rustc_attr_parsing=/Users/girivs/src/rust-tantraos/build/aarch64-apple-darwin/stage1-rustc/aarch64-apple-darwin/debug/deps/librustc_attr_parsing-362765332dccbe89.rmeta --extern rustc_borrowck=/Users/girivs/src/rust-tantraos/build/aarch64-apple-darwin/stage1-rustc/aarch64-apple-darwin/debug/deps/librustc_borrowck-a1367a0a299c9066.rmeta --extern rustc_builtin_macros=/Users/girivs/src/rust-tantraos/build/aarch64-apple-darwin/stage1-rustc/aarch64-apple-darwin/debug/deps/librustc_builtin_macros-fabec34a1763cbd7.rmeta --extern rustc_codegen_ssa=/Users/girivs/src/rust-tantraos/build/aarch64-apple-darwin/stage1-rustc/aarch64-apple-darwin/debug/deps/librustc_codegen_ssa-02c0928f02ba91c5.rmeta --extern rustc_const_eval=/Users/girivs/src/rust-tantraos/build/aarch64-apple-darwin/stage1-rustc/aarch64-apple-darwin/debug/deps/librustc_const_eval-6eb3232987f7a576.rmeta --extern rustc_data_structures=/Users/girivs/src/rust-tantraos/build/aarch64-apple-darwin/stage1-rustc/aarch64-apple-darwin/debug/deps/librustc_data_structures-53324afa57622985.rmeta --extern rustc_errors=/Users/girivs/src/rust-tantraos/build/aarch64-apple-darwin/stage1-rustc/aarch64-apple-darwin/debug/deps/librustc_errors-89d154c028688311.rmeta --extern rustc_expand=/Users/girivs/src/rust-tantraos/build/aarch64-apple-darwin/stage1-rustc/aarch64-apple-darwin/debug/deps/librustc_expand-f1c9eba824dcfc81.rmeta --extern rustc_feature=/Users/girivs/src/rust-tantraos/build/aarch64-apple-darwin/stage1-rustc/aarch64-apple-darwin/debug/deps/librustc_feature-408fdd73cabbcdd5.rmeta --extern rustc_fluent_macro=/Users/girivs/src/rust-tantraos/build/aarch64-apple-darwin/stage1-rustc/debug/deps/librustc_fluent_macro-6a93aa79dabde813.dylib --extern rustc_hir_analysis=/Users/girivs/src/rust-tantraos/build/aarch64-apple-darwin/stage1-rustc/aarch64-apple-darwin/debug/deps/librustc_hir_analysis-52399541a10f399a.rmeta --extern rustc_hir_pretty=/Users/girivs/src/rust-tantraos/build/aarch64-apple-darwin/stage1-rustc/aarch64-apple-darwin/debug/deps/librustc_hir_pretty-ce09053d6a05e15c.rmeta --extern rustc_hir_typeck=/Users/girivs/src/rust-tantraos/build/aarch64-apple-darwin/stage1-rustc/aarch64-apple-darwin/debug/deps/librustc_hir_typeck-6031be16d1fc7676.rmeta --extern rustc_incremental=/Users/girivs/src/rust-tantraos/build/aarch64-apple-darwin/stage1-rustc/aarch64-apple-darwin/debug/deps/librustc_incremental-0403c0da8cf745b1.rmeta --extern rustc_index=/Users/girivs/src/rust-tantraos/build/aarch64-apple-darwin/stage1-rustc/aarch64-apple-darwin/debug/deps/librustc_index-2bf14f55015abfd3.rmeta --extern rustc_infer=/Users/girivs/src/rust-tantraos/build/aarch64-apple-darwin/stage1-rustc/aarch64-apple-darwin/debug/deps/librustc_infer-c26c8f4fe6f1661c.rmeta --extern rustc_interface=/Users/girivs/src/rust-tantraos/build/aarch64-apple-darwin/stage1-rustc/aarch64-apple-darwin/debug/deps/librustc_interface-497297566db25050.rmeta --extern rustc_lint=/Users/girivs/src/rust-tantraos/build/aarch64-apple-darwin/stage1-rustc/aarch64-apple-darwin/debug/deps/librustc_lint-e3e7dded08f42b1e.rmeta --extern rustc_log=/Users/girivs/src/rust-tantraos/build/aarch64-apple-darwin/stage1-rustc/aarch64-apple-darwin/debug/deps/librustc_log-716dc6e67e80746d.rmeta --extern rustc_macros=/Users/girivs/src/rust-tantraos/build/aarch64-apple-darwin/stage1-rustc/debug/deps/librustc_macros-82fd4294dca5b57c.dylib --extern rustc_metadata=/Users/girivs/src/rust-tantraos/build/aarch64-apple-darwin/stage1-rustc/aarch64-apple-darwin/debug/deps/librustc_metadata-6eb25f80f3d7d52b.rmeta --extern rustc_middle=/Users/girivs/src/rust-tantraos/build/aarch64-apple-darwin/stage1-rustc/aarch64-apple-darwin/debug/deps/librustc_middle-4856c36a9d44bf79.rmeta --extern rustc_mir_build=/Users/girivs/src/rust-tantraos/build/aarch64-apple-darwin/stage1-rustc/aarch64-apple-darwin/debug/deps/librustc_mir_build-6f13cf009b1cfbc0.rmeta --extern rustc_mir_dataflow=/Users/girivs/src/rust-tantraos/build/aarch64-apple-darwin/stage1-rustc/aarch64-apple-darwin/debug/deps/librustc_mir_dataflow-eda3f45ee4844999.rmeta --extern rustc_mir_transform=/Users/girivs/src/rust-tantraos/build/aarch64-apple-darwin/stage1-rustc/aarch64-apple-darwin/debug/deps/librustc_mir_transform-53b6e50986cc59da.rmeta --extern rustc_monomorphize=/Users/girivs/src/rust-tantraos/build/aarch64-apple-darwin/stage1-rustc/aarch64-apple-darwin/debug/deps/librustc_monomorphize-9f3be6a72c911929.rmeta --extern rustc_parse=/Users/girivs/src/rust-tantraos/build/aarch64-apple-darwin/stage1-rustc/aarch64-apple-darwin/debug/deps/librustc_parse-d0ade8b6f510f5cb.rmeta --extern rustc_passes=/Users/girivs/src/rust-tantraos/build/aarch64-apple-darwin/stage1-rustc/aarch64-apple-darwin/debug/deps/librustc_passes-53a50a97fea9d2b6.rmeta --extern rustc_pattern_analysis=/Users/girivs/src/rust-tantraos/build/aarch64-apple-darwin/stage1-rustc/aarch64-apple-darwin/debug/deps/librustc_pattern_analysis-1a1206c75a50c3e2.rmeta --extern rustc_privacy=/Users/girivs/src/rust-tantraos/build/aarch64-apple-darwin/stage1-rustc/aarch64-apple-darwin/debug/deps/librustc_privacy-50e1ffb75a78c5c5.rmeta --extern rustc_public=/Users/girivs/src/rust-tantraos/build/aarch64-apple-darwin/stage1-rustc/aarch64-apple-darwin/debug/deps/librustc_public-dec006feec6ba0e6.rmeta --extern rustc_query_system=/Users/girivs/src/rust-tantraos/build/aarch64-apple-darwin/stage1-rustc/aarch64-apple-darwin/debug/deps/librustc_query_system-48bb7dd372d0b900.rmeta --extern rustc_resolve=/Users/girivs/src/rust-tantraos/build/aarch64-apple-darwin/stage1-rustc/aarch64-apple-darwin/debug/deps/librustc_resolve-8910a05e9a634dd5.rmeta --extern rustc_session=/Users/girivs/src/rust-tantraos/build/aarch64-apple-darwin/stage1-rustc/aarch64-apple-darwin/debug/deps/librustc_session-a2f907dc0b7ee91b.rmeta --extern rustc_span=/Users/girivs/src/rust-tantraos/build/aarch64-apple-darwin/stage1-rustc/aarch64-apple-darwin/debug/deps/librustc_span-d6bec53b237ec4c4.rmeta --extern rustc_target=/Users/girivs/src/rust-tantraos/build/aarch64-apple-darwin/stage1-rustc/aarch64-apple-darwin/debug/deps/librustc_target-35cf86096f412775.rmeta --extern rustc_trait_selection=/Users/girivs/src/rust-tantraos/build/aarch64-apple-darwin/stage1-rustc/aarch64-apple-darwin/debug/deps/librustc_trait_selection-1f9259437d4ba99f.rmeta --extern rustc_ty_utils=/Users/girivs/src/rust-tantraos/build/aarch64-apple-darwin/stage1-rustc/aarch64-apple-darwin/debug/deps/librustc_ty_utils-eb19f1895e7f68ff.rmeta --extern serde_json=/Users/girivs/src/rust-tantraos/build/aarch64-apple-darwin/stage1-rustc/aarch64-apple-darwin/debug/deps/libserde_json-3c3126d7da243026.rmeta --extern shlex=/Users/girivs/src/rust-tantraos/build/aarch64-apple-darwin/stage1-rustc/aarch64-apple-darwin/debug/deps/libshlex-686b50ea6e146688.rmeta --extern tracing=/Users/girivs/src/rust-tantraos/build/aarch64-apple-darwin/stage1-rustc/aarch64-apple-darwin/debug/deps/libtracing-5605f2f867fad977.rmeta --cfg=bootstrap --cfg=windows_raw_dylib -Csymbol-mangling-version=v0 -Zunstable-options '--check-cfg=cfg(bootstrap)' '--check-cfg=cfg(llvm_enzyme)' -Zmacro-backtrace -Csplit-debuginfo=unpacked -Zosx-rpath-install-name '-Clink-args=-Wl,-rpath,@loader_path/../lib' -Alinker-messages -Zon-broken-pipe=kill -Clto=off -Z binary-dep-depinfo -L native=/Users/girivs/src/rust-tantraos/build/aarch64-apple-darwin/stage1-rustc/aarch64-apple-darwin/debug/build/psm-4644cc58932be6af/out -L native=/Users/girivs/src/rust-tantraos/build/aarch64-apple-darwin/stage1-rustc/aarch64-apple-darwin/debug/build/blake3-486d38906040b2a9/out -L native=/Users/girivs/src/rust-tantraos/build/aarch64-apple-darwin/stage1-rustc/aarch64-apple-darwin/debug/build/rustc_llvm-56adf9ce591945d2/out -L native=/Users/girivs/src/rust-tantraos/build/aarch64-apple-darwin/ci-llvm/lib`
       Dirty rustc_driver v0.0.0 (/Users/girivs/src/rust-tantraos/compiler/rustc_driver): the dependency rustc_driver_impl was rebuilt
   Compiling rustc_driver v0.0.0 (/Users/girivs/src/rust-tantraos/compiler/rustc_driver)
     Running `/Users/girivs/src/rust-tantraos/build/bootstrap/debug/rustc /Users/girivs/src/rust-tantraos/build/bootstrap/debug/rustc --crate-name rustc_driver --edition=2024 compiler/rustc_driver/src/lib.rs --error-format=json --json=diagnostic-rendered-ansi,artifacts,future-incompat --crate-type dylib --emit=dep-info,link -C prefer-dynamic -C embed-bitcode=no -C codegen-units=16 -C debug-assertions=off --check-cfg 'cfg(docsrs,test)' --check-cfg 'cfg(feature, values())' -C metadata=963953b319d14aaa -C extra-filename=-5dc3aa5b1af3ca4c --out-dir /Users/girivs/src/rust-tantraos/build/aarch64-apple-darwin/stage1-rustc/aarch64-apple-darwin/debug/deps --target aarch64-apple-darwin -L dependency=/Users/girivs/src/rust-tantraos/build/aarch64-apple-darwin/stage1-rustc/aarch64-apple-darwin/debug/deps -L dependency=/Users/girivs/src/rust-tantraos/build/aarch64-apple-darwin/stage1-rustc/debug/deps --extern rustc_driver_impl=/Users/girivs/src/rust-tantraos/build/aarch64-apple-darwin/stage1-rustc/aarch64-apple-darwin/debug/deps/librustc_driver_impl-2df1cd77b2a491ea.rlib --cfg=bootstrap --cfg=windows_raw_dylib -Csymbol-mangling-version=v0 -Zunstable-options '--check-cfg=cfg(bootstrap)' '--check-cfg=cfg(llvm_enzyme)' -Zmacro-backtrace -Csplit-debuginfo=unpacked -Zosx-rpath-install-name '-Clink-args=-Wl,-rpath,@loader_path/../lib' -Alinker-messages -Zon-broken-pipe=kill -Clto=off -Z binary-dep-depinfo -L native=/Users/girivs/src/rust-tantraos/build/aarch64-apple-darwin/stage1-rustc/aarch64-apple-darwin/debug/build/psm-4644cc58932be6af/out -L native=/Users/girivs/src/rust-tantraos/build/aarch64-apple-darwin/stage1-rustc/aarch64-apple-darwin/debug/build/blake3-486d38906040b2a9/out -L native=/Users/girivs/src/rust-tantraos/build/aarch64-apple-darwin/stage1-rustc/aarch64-apple-darwin/debug/build/rustc_llvm-56adf9ce591945d2/out -L native=/Users/girivs/src/rust-tantraos/build/aarch64-apple-darwin/ci-llvm/lib`
       Dirty rustc-main v0.0.0 (/Users/girivs/src/rust-tantraos/compiler/rustc): the dependency rustc_public_bridge was rebuilt
   Compiling rustc-main v0.0.0 (/Users/girivs/src/rust-tantraos/compiler/rustc)
     Running `/Users/girivs/src/rust-tantraos/build/bootstrap/debug/rustc /Users/girivs/src/rust-tantraos/build/bootstrap/debug/rustc --crate-name rustc_main --edition=2024 compiler/rustc/src/main.rs --error-format=json --json=diagnostic-rendered-ansi,artifacts,future-incompat --crate-type bin --emit=dep-info,link -C embed-bitcode=no -C codegen-units=16 -C debug-assertions=off --cfg 'feature="llvm"' --cfg 'feature="max_level_info"' --check-cfg 'cfg(docsrs,test)' --check-cfg 'cfg(feature, values("check_only", "jemalloc", "llvm", "max_level_info", "rustc_randomized_layouts"))' -C metadata=46520cfcb10cdbf8 -C extra-filename=-83573cc3e9d3f8f8 --out-dir /Users/girivs/src/rust-tantraos/build/aarch64-apple-darwin/stage1-rustc/aarch64-apple-darwin/debug/deps --target aarch64-apple-darwin -L dependency=/Users/girivs/src/rust-tantraos/build/aarch64-apple-darwin/stage1-rustc/aarch64-apple-darwin/debug/deps -L dependency=/Users/girivs/src/rust-tantraos/build/aarch64-apple-darwin/stage1-rustc/debug/deps --extern rustc_codegen_ssa=/Users/girivs/src/rust-tantraos/build/aarch64-apple-darwin/stage1-rustc/aarch64-apple-darwin/debug/deps/librustc_codegen_ssa-02c0928f02ba91c5.rlib --extern rustc_driver=/Users/girivs/src/rust-tantraos/build/aarch64-apple-darwin/stage1-rustc/aarch64-apple-darwin/debug/deps/librustc_driver-5dc3aa5b1af3ca4c.dylib --extern rustc_driver_impl=/Users/girivs/src/rust-tantraos/build/aarch64-apple-darwin/stage1-rustc/aarch64-apple-darwin/debug/deps/librustc_driver_impl-2df1cd77b2a491ea.rlib --extern rustc_public=/Users/girivs/src/rust-tantraos/build/aarch64-apple-darwin/stage1-rustc/aarch64-apple-darwin/debug/deps/librustc_public-dec006feec6ba0e6.rlib --extern rustc_public_bridge=/Users/girivs/src/rust-tantraos/build/aarch64-apple-darwin/stage1-rustc/aarch64-apple-darwin/debug/deps/librustc_public_bridge-c6e09b7774910537.rlib --cfg=bootstrap --cfg=windows_raw_dylib -Csymbol-mangling-version=v0 -Zunstable-options '--check-cfg=cfg(bootstrap)' '--check-cfg=cfg(llvm_enzyme)' -Zmacro-backtrace -Csplit-debuginfo=unpacked -Zosx-rpath-install-name '-Clink-args=-Wl,-rpath,@loader_path/../lib' -Alinker-messages -Zon-broken-pipe=kill -Clto=off -Z binary-dep-depinfo -L native=/Users/girivs/src/rust-tantraos/build/aarch64-apple-darwin/stage1-rustc/aarch64-apple-darwin/debug/build/psm-4644cc58932be6af/out -L native=/Users/girivs/src/rust-tantraos/build/aarch64-apple-darwin/stage1-rustc/aarch64-apple-darwin/debug/build/blake3-486d38906040b2a9/out -L native=/Users/girivs/src/rust-tantraos/build/aarch64-apple-darwin/stage1-rustc/aarch64-apple-darwin/debug/build/rustc_llvm-56adf9ce591945d2/out -L native=/Users/girivs/src/rust-tantraos/build/aarch64-apple-darwin/ci-llvm/lib`
    Finished `dev` profile [unoptimized] target(s) in 25.91s
Creating a sysroot for stage1 compiler (use `rustup toolchain link 'name' build/host/stage1`)
Removing sysroot /Users/girivs/src/rust-tantraos/build/aarch64-apple-darwin/stage1/lib/rustlib/aarch64-tantraos/lib to avoid caching bugs
using sysroot /Users/girivs/src/rust-tantraos/build/aarch64-apple-darwin/stage1
Dirty - /Users/girivs/src/rust-tantraos/build/aarch64-apple-darwin/stage1-std
Cache hit: cd "/Users/girivs/src/rust-tantraos/src/llvm-project" && env -u GIT_ALTERNATE_OBJECT_DIRECTORIES -u GIT_DIR -u GIT_INDEX_FILE -u GIT_OBJECT_DIRECTORY -u GIT_WORK_TREE "git" "rev-parse" (failure_mode=Ignore)
Cache hit: cd "/Users/girivs/src/rust-tantraos/src/llvm-project" && env -u GIT_ALTERNATE_OBJECT_DIRECTORIES -u GIT_DIR -u GIT_INDEX_FILE -u GIT_OBJECT_DIRECTORY -u GIT_WORK_TREE "git" "log" "-1" "--date=short" "--pretty=format:%cd" (failure_mode=Exit)
Cache hit: cd "/Users/girivs/src/rust-tantraos/src/llvm-project" && env -u GIT_ALTERNATE_OBJECT_DIRECTORIES -u GIT_DIR -u GIT_INDEX_FILE -u GIT_OBJECT_DIRECTORY -u GIT_WORK_TREE "git" "rev-parse" "HEAD" (failure_mode=Exit)
Cache hit: cd "/Users/girivs/src/rust-tantraos/src/llvm-project" && env -u GIT_ALTERNATE_OBJECT_DIRECTORIES -u GIT_DIR -u GIT_INDEX_FILE -u GIT_OBJECT_DIRECTORY -u GIT_WORK_TREE "git" "rev-parse" "--short=9" "HEAD" (failure_mode=Exit)
Cache hit: cd "/Users/girivs/src/rust-tantraos/src/llvm-project" && env -u GIT_ALTERNATE_OBJECT_DIRECTORIES -u GIT_DIR -u GIT_INDEX_FILE -u GIT_OBJECT_DIRECTORY -u GIT_WORK_TREE "git" "rev-parse" "HEAD" (failure_mode=Exit)
Cache hit: cd "/Users/girivs/src/rust-tantraos" && env -u GIT_ALTERNATE_OBJECT_DIRECTORIES -u GIT_DIR -u GIT_INDEX_FILE -u GIT_OBJECT_DIRECTORY -u GIT_WORK_TREE "git" "ls-tree" "HEAD" "src/llvm-project" (failure_mode=Exit)
Building stage1 library artifacts{alloc, compiler_builtins, core, panic_abort, panic_unwind, proc_macro, rustc-std-workspace-core, std, std_detect, sysroot, test, unwind} (stage1:aarch64-apple-darwin -> stage1:aarch64-tantraos)
running: cd "/Users/girivs/src/rust-tantraos" && env -u MAKEFLAGS -u MFLAGS AR_aarch64_tantraos="ar" CARGO_BUILD_BUILD_DIR="/Users/girivs/src/rust-tantraos/build/aarch64-apple-darwin/stage1-std" CARGO_INCREMENTAL="0" CARGO_LOG="cargo::core::compiler::fingerprint=info" CARGO_PROFILE_DEV_CODEGEN_UNITS="16" CARGO_PROFILE_DEV_DEBUG="0" CARGO_PROFILE_DEV_DEBUG_ASSERTIONS="false" CARGO_PROFILE_DEV_OVERFLOW_CHECKS="false" CARGO_PROFILE_DEV_STRIP="false" CARGO_TARGET_AARCH64_TANTRAOS_LINKER="rust-lld" CARGO_TARGET_DIR="/Users/girivs/src/rust-tantraos/build/aarch64-apple-darwin/stage1-std" CC_aarch64_tantraos="clang" CFG_COMPILER_BUILD_TRIPLE="aarch64-apple-darwin" CFG_COMPILER_HOST_TRIPLE="aarch64-tantraos" CFG_RELEASE_CHANNEL="nightly" CFLAGS_aarch64_tantraos="" CXXFLAGS_aarch64_tantraos="" CXX_aarch64_tantraos="clang++" LIBC_CHECK_CFG="1" RANLIB_aarch64_tantraos="ar s" REAL_LIBRARY_PATH_VAR="DYLD_LIBRARY_PATH" RUSTBUILD_NATIVE_DIR="/Users/girivs/src/rust-tantraos/build/aarch64-tantraos/native" RUSTC="/Users/girivs/src/rust-tantraos/build/bootstrap/debug/rustc" RUSTC_BOOTSTRAP="1" RUSTC_BREAK_ON_ICE="1" RUSTC_ERROR_METADATA_DST="/Users/girivs/src/rust-tantraos/build/tmp/extended-error-metadata" RUSTC_FORCE_UNSTABLE="1" RUSTC_INSTALL_BINDIR="bin" RUSTC_LIBDIR="/Users/girivs/src/rust-tantraos/build/aarch64-apple-darwin/stage1/lib" RUSTC_LINK_STD_INTO_RUSTC_DRIVER="1" RUSTC_LINT_FLAGS="-Wrust_2018_idioms -Wunused_lifetimes -Dwarnings" RUSTC_REAL="/Users/girivs/src/rust-tantraos/build/aarch64-apple-darwin/stage1/bin/rustc" RUSTC_SNAPSHOT="/Users/girivs/src/rust-tantraos/build/aarch64-apple-darwin/stage0/bin/rustc" RUSTC_SNAPSHOT_LIBDIR="/Users/girivs/src/rust-tantraos/build/aarch64-apple-darwin/stage0/lib" RUSTC_STAGE="1" RUSTC_SYSROOT="/Users/girivs/src/rust-tantraos/build/aarch64-apple-darwin/stage1" RUSTC_VERBOSE="1" RUSTC_WRAPPER="/Users/girivs/src/rust-tantraos/build/bootstrap/debug/rustc" RUSTDOC="/Users/girivs/src/rust-tantraos/build/bootstrap/debug/rustdoc" RUSTDOCFLAGS="-Csymbol-mangling-version=legacy --check-cfg=cfg(feature,values(any())) -Zunstable-options -Dwarnings -Wrustdoc::invalid_codeblock_attributes --crate-version 1.92.0-nightly\t(5b63cd28a\t2025-09-16) -Clinker=rust-lld -Zcrate-attr=doc(html_root_url=\"https://doc.rust-lang.org/nightly/\") -Zcrate-attr=warn(rust_2018_idioms)" RUSTDOC_REAL="/path/to/nowhere/rustdoc/not/required" RUSTFLAGS="-Csymbol-mangling-version=legacy --check-cfg=cfg(feature,values(any())) -Zunstable-options -Zmacro-backtrace -Csplit-debuginfo=off -Cprefer-dynamic -Zinline-mir -Zinline-mir-preserve-debug -Zmir_strip_debuginfo=locals-in-tiny-functions -Clink-args=-Wl,-z,origin -Clink-args=-Wl,-rpath,$ORIGIN/../lib -Alinker-messages -Cembed-bitcode=yes -Clto=off -Zunstable-options -Cforce-frame-pointers=non-leaf -Zcrate-attr=doc(html_root_url=\"https://doc.rust-lang.org/nightly/\")" RUST_COMPILER_RT_ROOT="/Users/girivs/src/rust-tantraos/src/llvm-project/compiler-rt" RUST_TEST_THREADS="10" WINAPI_NO_BUNDLED_LIBRARIES="1" __CARGO_DEFAULT_LIB_METADATA="nightlystd1.92.0" "/Users/girivs/src/rust-tantraos/build/aarch64-apple-darwin/stage0/bin/cargo" "build" "--target" "aarch64-tantraos" "-Zbinary-dep-depinfo" "-j" "10" "-Zroot-dir=/Users/girivs/src/rust-tantraos" "-v" "--features" "backtrace panic-unwind compiler-builtins-c" "--manifest-path" "/Users/girivs/src/rust-tantraos/library/sysroot/Cargo.toml" "-p" "alloc" "-p" "compiler_builtins" "-p" "core" "-p" "panic_abort" "-p" "panic_unwind" "-p" "proc_macro" "-p" "rustc-std-workspace-core" "-p" "std" "-p" "std_detect" "-p" "sysroot" "-p" "test" "-p" "unwind" "--message-format" "json-render-diagnostics" (failure_mode=Exit)
   2.708934041s  INFO prepare_target{force=false package_id=alloc v0.0.0 (/Users/girivs/src/rust-tantraos/library/alloc) target="alloc"}: cargo::core::compiler::fingerprint: fingerprint error for alloc v0.0.0 (/Users/girivs/src/rust-tantraos/library/alloc)/Build/TargetInner { name_inferred: true, tested: false, benched: false, ..: lib_target("alloc", ["lib"], "/Users/girivs/src/rust-tantraos/library/alloc/src/lib.rs", Edition2024) }
   2.708957958s  INFO prepare_target{force=false package_id=alloc v0.0.0 (/Users/girivs/src/rust-tantraos/library/alloc) target="alloc"}: cargo::core::compiler::fingerprint:     err: failed to read `/Users/girivs/src/rust-tantraos/build/aarch64-apple-darwin/stage1-std/aarch64-tantraos/debug/.fingerprint/alloc-8fb762d18e16146c/lib-alloc`

Caused by:
    No such file or directory (os error 2)
   2.709091208s  INFO prepare_target{force=false package_id=compiler_builtins v0.1.160 (/Users/girivs/src/rust-tantraos/library/compiler-builtins/compiler-builtins) target="compiler_builtins"}: cargo::core::compiler::fingerprint: fingerprint error for compiler_builtins v0.1.160 (/Users/girivs/src/rust-tantraos/library/compiler-builtins/compiler-builtins)/Build/TargetInner { name_inferred: true, tested: false, benched: false, doc: false, doctest: false, ..: lib_target("compiler_builtins", ["lib"], "/Users/girivs/src/rust-tantraos/library/compiler-builtins/compiler-builtins/src/lib.rs", Edition2024) }
   2.709095458s  INFO prepare_target{force=false package_id=compiler_builtins v0.1.160 (/Users/girivs/src/rust-tantraos/library/compiler-builtins/compiler-builtins) target="compiler_builtins"}: cargo::core::compiler::fingerprint:     err: failed to read `/Users/girivs/src/rust-tantraos/build/aarch64-apple-darwin/stage1-std/aarch64-tantraos/debug/.fingerprint/compiler_builtins-fe7bb6a6db036198/lib-compiler_builtins`

Caused by:
    No such file or directory (os error 2)
   2.709292208s  INFO prepare_target{force=false package_id=compiler_builtins v0.1.160 (/Users/girivs/src/rust-tantraos/library/compiler-builtins/compiler-builtins) target="build-script-build"}: cargo::core::compiler::fingerprint: fingerprint error for compiler_builtins v0.1.160 (/Users/girivs/src/rust-tantraos/library/compiler-builtins/compiler-builtins)/RunCustomBuild/TargetInner { ..: custom_build_target("build-script-build", "/Users/girivs/src/rust-tantraos/library/compiler-builtins/compiler-builtins/build.rs", Edition2024) }
   2.709295500s  INFO prepare_target{force=false package_id=compiler_builtins v0.1.160 (/Users/girivs/src/rust-tantraos/library/compiler-builtins/compiler-builtins) target="build-script-build"}: cargo::core::compiler::fingerprint:     err: failed to read `/Users/girivs/src/rust-tantraos/build/aarch64-apple-darwin/stage1-std/aarch64-tantraos/debug/.fingerprint/compiler_builtins-d931ed850ff3b322/run-build-script-build-script-build`

Caused by:
    No such file or directory (os error 2)
   2.709337166s  INFO prepare_target{force=false package_id=compiler_builtins v0.1.160 (/Users/girivs/src/rust-tantraos/library/compiler-builtins/compiler-builtins) target="build-script-build"}: cargo::core::compiler::fingerprint: fingerprint error for compiler_builtins v0.1.160 (/Users/girivs/src/rust-tantraos/library/compiler-builtins/compiler-builtins)/Build/TargetInner { ..: custom_build_target("build-script-build", "/Users/girivs/src/rust-tantraos/library/compiler-builtins/compiler-builtins/build.rs", Edition2024) }
   2.709339708s  INFO prepare_target{force=false package_id=compiler_builtins v0.1.160 (/Users/girivs/src/rust-tantraos/library/compiler-builtins/compiler-builtins) target="build-script-build"}: cargo::core::compiler::fingerprint:     err: failed to read `/Users/girivs/src/rust-tantraos/build/aarch64-apple-darwin/stage1-std/debug/.fingerprint/compiler_builtins-5fc0f55abac5f5fc/build-script-build-script-build`

Caused by:
    No such file or directory (os error 2)
   2.709391916s  INFO prepare_target{force=false package_id=cc v1.2.0 target="cc"}: cargo::core::compiler::fingerprint: fingerprint error for cc v1.2.0/Build/TargetInner { ..: lib_target("cc", ["lib"], "/Users/girivs/.cargo/registry/src/index.crates.io-1949cf8c6b5b557f/cc-1.2.0/src/lib.rs", Edition2018) }
   2.709394458s  INFO prepare_target{force=false package_id=cc v1.2.0 target="cc"}: cargo::core::compiler::fingerprint:     err: failed to read `/Users/girivs/src/rust-tantraos/build/aarch64-apple-darwin/stage1-std/debug/.fingerprint/cc-17316f1b78281a06/lib-cc`

Caused by:
    No such file or directory (os error 2)
   2.709441583s  INFO prepare_target{force=false package_id=shlex v1.3.0 target="shlex"}: cargo::core::compiler::fingerprint: fingerprint error for shlex v1.3.0/Build/TargetInner { name_inferred: true, ..: lib_target("shlex", ["lib"], "/Users/girivs/.cargo/registry/src/index.crates.io-1949cf8c6b5b557f/shlex-1.3.0/src/lib.rs", Edition2015) }
   2.709443958s  INFO prepare_target{force=false package_id=shlex v1.3.0 target="shlex"}: cargo::core::compiler::fingerprint:     err: failed to read `/Users/girivs/src/rust-tantraos/build/aarch64-apple-darwin/stage1-std/debug/.fingerprint/shlex-70d0f4182b150d76/lib-shlex`

Caused by:
    No such file or directory (os error 2)
   2.709492083s  INFO prepare_target{force=false package_id=core v0.0.0 (/Users/girivs/src/rust-tantraos/library/core) target="core"}: cargo::core::compiler::fingerprint: fingerprint error for core v0.0.0 (/Users/girivs/src/rust-tantraos/library/core)/Build/TargetInner { name_inferred: true, tested: false, benched: false, ..: lib_target("core", ["lib"], "/Users/girivs/src/rust-tantraos/library/core/src/lib.rs", Edition2024) }
   2.709495000s  INFO prepare_target{force=false package_id=core v0.0.0 (/Users/girivs/src/rust-tantraos/library/core) target="core"}: cargo::core::compiler::fingerprint:     err: failed to read `/Users/girivs/src/rust-tantraos/build/aarch64-apple-darwin/stage1-std/aarch64-tantraos/debug/.fingerprint/core-c79bf7c8d33923f7/lib-core`

Caused by:
    No such file or directory (os error 2)
   2.709562000s  INFO prepare_target{force=false package_id=panic_abort v0.0.0 (/Users/girivs/src/rust-tantraos/library/panic_abort) target="panic_abort"}: cargo::core::compiler::fingerprint: fingerprint error for panic_abort v0.0.0 (/Users/girivs/src/rust-tantraos/library/panic_abort)/Build/TargetInner { name_inferred: true, tested: false, benched: false, doc: false, ..: lib_target("panic_abort", ["lib"], "/Users/girivs/src/rust-tantraos/library/panic_abort/src/lib.rs", Edition2024) }
   2.709565083s  INFO prepare_target{force=false package_id=panic_abort v0.0.0 (/Users/girivs/src/rust-tantraos/library/panic_abort) target="panic_abort"}: cargo::core::compiler::fingerprint:     err: failed to read `/Users/girivs/src/rust-tantraos/build/aarch64-apple-darwin/stage1-std/aarch64-tantraos/debug/.fingerprint/panic_abort-c072dd8ddcfb0bca/lib-panic_abort`

Caused by:
    No such file or directory (os error 2)
   2.709616708s  INFO prepare_target{force=false package_id=rustc-std-workspace-core v1.99.0 (/Users/girivs/src/rust-tantraos/library/rustc-std-workspace-core) target="rustc_std_workspace_core"}: cargo::core::compiler::fingerprint: fingerprint error for rustc-std-workspace-core v1.99.0 (/Users/girivs/src/rust-tantraos/library/rustc-std-workspace-core)/Build/TargetInner { name_inferred: true, tested: false, benched: false, doc: false, ..: lib_target("rustc_std_workspace_core", ["lib"], "/Users/girivs/src/rust-tantraos/library/rustc-std-workspace-core/lib.rs", Edition2024) }
   2.709619333s  INFO prepare_target{force=false package_id=rustc-std-workspace-core v1.99.0 (/Users/girivs/src/rust-tantraos/library/rustc-std-workspace-core) target="rustc_std_workspace_core"}: cargo::core::compiler::fingerprint:     err: failed to read `/Users/girivs/src/rust-tantraos/build/aarch64-apple-darwin/stage1-std/aarch64-tantraos/debug/.fingerprint/rustc-std-workspace-core-9d5fe40ab18429fa/lib-rustc_std_workspace_core`

Caused by:
    No such file or directory (os error 2)
   2.709694958s  INFO prepare_target{force=false package_id=panic_unwind v0.0.0 (/Users/girivs/src/rust-tantraos/library/panic_unwind) target="panic_unwind"}: cargo::core::compiler::fingerprint: fingerprint error for panic_unwind v0.0.0 (/Users/girivs/src/rust-tantraos/library/panic_unwind)/Build/TargetInner { name_inferred: true, tested: false, benched: false, doc: false, ..: lib_target("panic_unwind", ["lib"], "/Users/girivs/src/rust-tantraos/library/panic_unwind/src/lib.rs", Edition2024) }
   2.709697958s  INFO prepare_target{force=false package_id=panic_unwind v0.0.0 (/Users/girivs/src/rust-tantraos/library/panic_unwind) target="panic_unwind"}: cargo::core::compiler::fingerprint:     err: failed to read `/Users/girivs/src/rust-tantraos/build/aarch64-apple-darwin/stage1-std/aarch64-tantraos/debug/.fingerprint/panic_unwind-5c09c4aaa7816b40/lib-panic_unwind`

Caused by:
    No such file or directory (os error 2)
   2.709754416s  INFO prepare_target{force=false package_id=libc v0.2.175 target="libc"}: cargo::core::compiler::fingerprint: fingerprint error for libc v0.2.175/Build/TargetInner { ..: lib_target("libc", ["lib"], "/Users/girivs/.cargo/registry/src/index.crates.io-1949cf8c6b5b557f/libc-0.2.175/src/lib.rs", Edition2021) }
   2.709756791s  INFO prepare_target{force=false package_id=libc v0.2.175 target="libc"}: cargo::core::compiler::fingerprint:     err: failed to read `/Users/girivs/src/rust-tantraos/build/aarch64-apple-darwin/stage1-std/aarch64-tantraos/debug/.fingerprint/libc-1222b4726416f144/lib-libc`

Caused by:
    No such file or directory (os error 2)
   2.709899375s  INFO prepare_target{force=false package_id=libc v0.2.175 target="build-script-build"}: cargo::core::compiler::fingerprint: fingerprint error for libc v0.2.175/RunCustomBuild/TargetInner { ..: custom_build_target("build-script-build", "/Users/girivs/.cargo/registry/src/index.crates.io-1949cf8c6b5b557f/libc-0.2.175/build.rs", Edition2021) }
   2.709902291s  INFO prepare_target{force=false package_id=libc v0.2.175 target="build-script-build"}: cargo::core::compiler::fingerprint:     err: failed to read `/Users/girivs/src/rust-tantraos/build/aarch64-apple-darwin/stage1-std/aarch64-tantraos/debug/.fingerprint/libc-57c88bd987534f2a/run-build-script-build-script-build`

Caused by:
    No such file or directory (os error 2)
   2.709939208s  INFO prepare_target{force=false package_id=libc v0.2.175 target="build-script-build"}: cargo::core::compiler::fingerprint: fingerprint error for libc v0.2.175/Build/TargetInner { ..: custom_build_target("build-script-build", "/Users/girivs/.cargo/registry/src/index.crates.io-1949cf8c6b5b557f/libc-0.2.175/build.rs", Edition2021) }
   2.709941541s  INFO prepare_target{force=false package_id=libc v0.2.175 target="build-script-build"}: cargo::core::compiler::fingerprint:     err: failed to read `/Users/girivs/src/rust-tantraos/build/aarch64-apple-darwin/stage1-std/debug/.fingerprint/libc-b8c6da7ebd78ee35/build-script-build-script-build`

Caused by:
    No such file or directory (os error 2)
   2.709991291s  INFO prepare_target{force=false package_id=unwind v0.0.0 (/Users/girivs/src/rust-tantraos/library/unwind) target="unwind"}: cargo::core::compiler::fingerprint: fingerprint error for unwind v0.0.0 (/Users/girivs/src/rust-tantraos/library/unwind)/Build/TargetInner { name_inferred: true, tested: false, benched: false, doc: false, ..: lib_target("unwind", ["lib"], "/Users/girivs/src/rust-tantraos/library/unwind/src/lib.rs", Edition2024) }
   2.709994208s  INFO prepare_target{force=false package_id=unwind v0.0.0 (/Users/girivs/src/rust-tantraos/library/unwind) target="unwind"}: cargo::core::compiler::fingerprint:     err: failed to read `/Users/girivs/src/rust-tantraos/build/aarch64-apple-darwin/stage1-std/aarch64-tantraos/debug/.fingerprint/unwind-d7e29ab6eb738d82/lib-unwind`

Caused by:
    No such file or directory (os error 2)
   2.730130041s  INFO prepare_target{force=false package_id=proc_macro v0.0.0 (/Users/girivs/src/rust-tantraos/library/proc_macro) target="proc_macro"}: cargo::core::compiler::fingerprint: fingerprint error for proc_macro v0.0.0 (/Users/girivs/src/rust-tantraos/library/proc_macro)/Build/TargetInner { name_inferred: true, ..: lib_target("proc_macro", ["lib"], "/Users/girivs/src/rust-tantraos/library/proc_macro/src/lib.rs", Edition2024) }
   2.730141000s  INFO prepare_target{force=false package_id=proc_macro v0.0.0 (/Users/girivs/src/rust-tantraos/library/proc_macro) target="proc_macro"}: cargo::core::compiler::fingerprint:     err: failed to read `/Users/girivs/src/rust-tantraos/build/aarch64-apple-darwin/stage1-std/aarch64-tantraos/debug/.fingerprint/proc_macro-ac90324c5cb03cb8/lib-proc_macro`

Caused by:
    No such file or directory (os error 2)
   2.730269333s  INFO prepare_target{force=false package_id=rustc-literal-escaper v0.0.5 target="rustc_literal_escaper"}: cargo::core::compiler::fingerprint: fingerprint error for rustc-literal-escaper v0.0.5/Build/TargetInner { ..: lib_target("rustc_literal_escaper", ["lib"], "/Users/girivs/.cargo/registry/src/index.crates.io-1949cf8c6b5b557f/rustc-literal-escaper-0.0.5/src/lib.rs", Edition2021) }
   2.730272458s  INFO prepare_target{force=false package_id=rustc-literal-escaper v0.0.5 target="rustc_literal_escaper"}: cargo::core::compiler::fingerprint:     err: failed to read `/Users/girivs/src/rust-tantraos/build/aarch64-apple-darwin/stage1-std/aarch64-tantraos/debug/.fingerprint/rustc-literal-escaper-684210f40b1f786d/lib-rustc_literal_escaper`

Caused by:
    No such file or directory (os error 2)
   2.730351416s  INFO prepare_target{force=false package_id=rustc-std-workspace-std v1.99.0 (/Users/girivs/src/rust-tantraos/library/rustc-std-workspace-std) target="rustc_std_workspace_std"}: cargo::core::compiler::fingerprint: fingerprint error for rustc-std-workspace-std v1.99.0 (/Users/girivs/src/rust-tantraos/library/rustc-std-workspace-std)/Build/TargetInner { name_inferred: true, tested: false, benched: false, doc: false, ..: lib_target("rustc_std_workspace_std", ["lib"], "/Users/girivs/src/rust-tantraos/library/rustc-std-workspace-std/lib.rs", Edition2024) }
   2.730354083s  INFO prepare_target{force=false package_id=rustc-std-workspace-std v1.99.0 (/Users/girivs/src/rust-tantraos/library/rustc-std-workspace-std) target="rustc_std_workspace_std"}: cargo::core::compiler::fingerprint:     err: failed to read `/Users/girivs/src/rust-tantraos/build/aarch64-apple-darwin/stage1-std/aarch64-tantraos/debug/.fingerprint/rustc-std-workspace-std-8148ba09a21042bf/lib-rustc_std_workspace_std`

Caused by:
    No such file or directory (os error 2)
   2.730423708s  INFO prepare_target{force=false package_id=std v0.0.0 (/Users/girivs/src/rust-tantraos/library/std) target="std"}: cargo::core::compiler::fingerprint: fingerprint error for std v0.0.0 (/Users/girivs/src/rust-tantraos/library/std)/Build/TargetInner { name_inferred: true, ..: lib_target("std", ["dylib", "rlib"], "/Users/girivs/src/rust-tantraos/library/std/src/lib.rs", Edition2024) }
   2.730426208s  INFO prepare_target{force=false package_id=std v0.0.0 (/Users/girivs/src/rust-tantraos/library/std) target="std"}: cargo::core::compiler::fingerprint:     err: failed to read `/Users/girivs/src/rust-tantraos/build/aarch64-apple-darwin/stage1-std/aarch64-tantraos/debug/.fingerprint/std-5626981e099ee37b/lib-std`

Caused by:
    No such file or directory (os error 2)
   2.730509791s  INFO prepare_target{force=false package_id=addr2line v0.25.0 target="addr2line"}: cargo::core::compiler::fingerprint: fingerprint error for addr2line v0.25.0/Build/TargetInner { ..: lib_target("addr2line", ["lib"], "/Users/girivs/.cargo/registry/src/index.crates.io-1949cf8c6b5b557f/addr2line-0.25.0/src/lib.rs", Edition2018) }
   2.730511958s  INFO prepare_target{force=false package_id=addr2line v0.25.0 target="addr2line"}: cargo::core::compiler::fingerprint:     err: failed to read `/Users/girivs/src/rust-tantraos/build/aarch64-apple-darwin/stage1-std/aarch64-tantraos/debug/.fingerprint/addr2line-bbf4fedd132a9d5e/lib-addr2line`

Caused by:
    No such file or directory (os error 2)
   2.730577458s  INFO prepare_target{force=false package_id=gimli v0.32.0 target="gimli"}: cargo::core::compiler::fingerprint: fingerprint error for gimli v0.32.0/Build/TargetInner { ..: lib_target("gimli", ["lib"], "/Users/girivs/.cargo/registry/src/index.crates.io-1949cf8c6b5b557f/gimli-0.32.0/src/lib.rs", Edition2018) }
   2.730579416s  INFO prepare_target{force=false package_id=gimli v0.32.0 target="gimli"}: cargo::core::compiler::fingerprint:     err: failed to read `/Users/girivs/src/rust-tantraos/build/aarch64-apple-darwin/stage1-std/aarch64-tantraos/debug/.fingerprint/gimli-5a268729eb9f3884/lib-gimli`

Caused by:
    No such file or directory (os error 2)
   2.730638083s  INFO prepare_target{force=false package_id=rustc-std-workspace-alloc v1.99.0 (/Users/girivs/src/rust-tantraos/library/rustc-std-workspace-alloc) target="rustc_std_workspace_alloc"}: cargo::core::compiler::fingerprint: fingerprint error for rustc-std-workspace-alloc v1.99.0 (/Users/girivs/src/rust-tantraos/library/rustc-std-workspace-alloc)/Build/TargetInner { name_inferred: true, tested: false, benched: false, doc: false, ..: lib_target("rustc_std_workspace_alloc", ["lib"], "/Users/girivs/src/rust-tantraos/library/rustc-std-workspace-alloc/lib.rs", Edition2024) }
   2.730640333s  INFO prepare_target{force=false package_id=rustc-std-workspace-alloc v1.99.0 (/Users/girivs/src/rust-tantraos/library/rustc-std-workspace-alloc) target="rustc_std_workspace_alloc"}: cargo::core::compiler::fingerprint:     err: failed to read `/Users/girivs/src/rust-tantraos/build/aarch64-apple-darwin/stage1-std/aarch64-tantraos/debug/.fingerprint/rustc-std-workspace-alloc-aa1d672ecf267ec8/lib-rustc_std_workspace_alloc`

Caused by:
    No such file or directory (os error 2)
   2.730695583s  INFO prepare_target{force=false package_id=cfg-if v1.0.1 target="cfg_if"}: cargo::core::compiler::fingerprint: fingerprint error for cfg-if v1.0.1/Build/TargetInner { ..: lib_target("cfg_if", ["lib"], "/Users/girivs/.cargo/registry/src/index.crates.io-1949cf8c6b5b557f/cfg-if-1.0.1/src/lib.rs", Edition2018) }
   2.730697458s  INFO prepare_target{force=false package_id=cfg-if v1.0.1 target="cfg_if"}: cargo::core::compiler::fingerprint:     err: failed to read `/Users/girivs/src/rust-tantraos/build/aarch64-apple-darwin/stage1-std/aarch64-tantraos/debug/.fingerprint/cfg-if-784a8e5f691e46f6/lib-cfg_if`

Caused by:
    No such file or directory (os error 2)
   2.730755583s  INFO prepare_target{force=false package_id=hashbrown v0.15.5 target="hashbrown"}: cargo::core::compiler::fingerprint: fingerprint error for hashbrown v0.15.5/Build/TargetInner { ..: lib_target("hashbrown", ["lib"], "/Users/girivs/.cargo/registry/src/index.crates.io-1949cf8c6b5b557f/hashbrown-0.15.5/src/lib.rs", Edition2021) }
   2.730757291s  INFO prepare_target{force=false package_id=hashbrown v0.15.5 target="hashbrown"}: cargo::core::compiler::fingerprint:     err: failed to read `/Users/girivs/src/rust-tantraos/build/aarch64-apple-darwin/stage1-std/aarch64-tantraos/debug/.fingerprint/hashbrown-5e9b3aafb8de9793/lib-hashbrown`

Caused by:
    No such file or directory (os error 2)
   2.730819833s  INFO prepare_target{force=false package_id=miniz_oxide v0.8.9 target="miniz_oxide"}: cargo::core::compiler::fingerprint: fingerprint error for miniz_oxide v0.8.9/Build/TargetInner { ..: lib_target("miniz_oxide", ["lib"], "/Users/girivs/.cargo/registry/src/index.crates.io-1949cf8c6b5b557f/miniz_oxide-0.8.9/src/lib.rs", Edition2021) }
   2.730821750s  INFO prepare_target{force=false package_id=miniz_oxide v0.8.9 target="miniz_oxide"}: cargo::core::compiler::fingerprint:     err: failed to read `/Users/girivs/src/rust-tantraos/build/aarch64-apple-darwin/stage1-std/aarch64-tantraos/debug/.fingerprint/miniz_oxide-cab8d4bb0752dd80/lib-miniz_oxide`

Caused by:
    No such file or directory (os error 2)
   2.730882250s  INFO prepare_target{force=false package_id=adler2 v2.0.1 target="adler2"}: cargo::core::compiler::fingerprint: fingerprint error for adler2 v2.0.1/Build/TargetInner { ..: lib_target("adler2", ["lib"], "/Users/girivs/.cargo/registry/src/index.crates.io-1949cf8c6b5b557f/adler2-2.0.1/src/lib.rs", Edition2021) }
   2.730884500s  INFO prepare_target{force=false package_id=adler2 v2.0.1 target="adler2"}: cargo::core::compiler::fingerprint:     err: failed to read `/Users/girivs/src/rust-tantraos/build/aarch64-apple-darwin/stage1-std/aarch64-tantraos/debug/.fingerprint/adler2-0ab0deeec7ca570f/lib-adler2`

Caused by:
    No such file or directory (os error 2)
   2.730937916s  INFO prepare_target{force=false package_id=object v0.37.3 target="object"}: cargo::core::compiler::fingerprint: fingerprint error for object v0.37.3/Build/TargetInner { ..: lib_target("object", ["lib"], "/Users/girivs/.cargo/registry/src/index.crates.io-1949cf8c6b5b557f/object-0.37.3/src/lib.rs", Edition2018) }
   2.730939750s  INFO prepare_target{force=false package_id=object v0.37.3 target="object"}: cargo::core::compiler::fingerprint:     err: failed to read `/Users/girivs/src/rust-tantraos/build/aarch64-apple-darwin/stage1-std/aarch64-tantraos/debug/.fingerprint/object-0b3eeedbdfb703b2/lib-object`

Caused by:
    No such file or directory (os error 2)
   2.730995583s  INFO prepare_target{force=false package_id=memchr v2.7.5 target="memchr"}: cargo::core::compiler::fingerprint: fingerprint error for memchr v2.7.5/Build/TargetInner { benched: false, ..: lib_target("memchr", ["lib"], "/Users/girivs/.cargo/registry/src/index.crates.io-1949cf8c6b5b557f/memchr-2.7.5/src/lib.rs", Edition2021) }
   2.730997666s  INFO prepare_target{force=false package_id=memchr v2.7.5 target="memchr"}: cargo::core::compiler::fingerprint:     err: failed to read `/Users/girivs/src/rust-tantraos/build/aarch64-apple-darwin/stage1-std/aarch64-tantraos/debug/.fingerprint/memchr-7e96d2b1de0de88c/lib-memchr`

Caused by:
    No such file or directory (os error 2)
   2.731151750s  INFO prepare_target{force=false package_id=object v0.37.3 target="build-script-build"}: cargo::core::compiler::fingerprint: fingerprint error for object v0.37.3/RunCustomBuild/TargetInner { ..: custom_build_target("build-script-build", "/Users/girivs/.cargo/registry/src/index.crates.io-1949cf8c6b5b557f/object-0.37.3/build.rs", Edition2018) }
   2.731154041s  INFO prepare_target{force=false package_id=object v0.37.3 target="build-script-build"}: cargo::core::compiler::fingerprint:     err: failed to read `/Users/girivs/src/rust-tantraos/build/aarch64-apple-darwin/stage1-std/aarch64-tantraos/debug/.fingerprint/object-2b765819665ca745/run-build-script-build-script-build`

Caused by:
    No such file or directory (os error 2)
   2.731190958s  INFO prepare_target{force=false package_id=object v0.37.3 target="build-script-build"}: cargo::core::compiler::fingerprint: fingerprint error for object v0.37.3/Build/TargetInner { ..: custom_build_target("build-script-build", "/Users/girivs/.cargo/registry/src/index.crates.io-1949cf8c6b5b557f/object-0.37.3/build.rs", Edition2018) }
   2.731193541s  INFO prepare_target{force=false package_id=object v0.37.3 target="build-script-build"}: cargo::core::compiler::fingerprint:     err: failed to read `/Users/girivs/src/rust-tantraos/build/aarch64-apple-darwin/stage1-std/debug/.fingerprint/object-f3295f49dfb56d4d/build-script-build-script-build`

Caused by:
    No such file or directory (os error 2)
   2.731246666s  INFO prepare_target{force=false package_id=rustc-demangle v0.1.26 target="rustc_demangle"}: cargo::core::compiler::fingerprint: fingerprint error for rustc-demangle v0.1.26/Build/TargetInner { ..: lib_target("rustc_demangle", ["lib"], "/Users/girivs/.cargo/registry/src/index.crates.io-1949cf8c6b5b557f/rustc-demangle-0.1.26/src/lib.rs", Edition2015) }
   2.731248750s  INFO prepare_target{force=false package_id=rustc-demangle v0.1.26 target="rustc_demangle"}: cargo::core::compiler::fingerprint:     err: failed to read `/Users/girivs/src/rust-tantraos/build/aarch64-apple-darwin/stage1-std/aarch64-tantraos/debug/.fingerprint/rustc-demangle-3a44432d4fbc1700/lib-rustc_demangle`

Caused by:
    No such file or directory (os error 2)
   2.731400750s  INFO prepare_target{force=false package_id=std v0.0.0 (/Users/girivs/src/rust-tantraos/library/std) target="build-script-build"}: cargo::core::compiler::fingerprint: fingerprint error for std v0.0.0 (/Users/girivs/src/rust-tantraos/library/std)/RunCustomBuild/TargetInner { ..: custom_build_target("build-script-build", "/Users/girivs/src/rust-tantraos/library/std/build.rs", Edition2024) }
   2.731403416s  INFO prepare_target{force=false package_id=std v0.0.0 (/Users/girivs/src/rust-tantraos/library/std) target="build-script-build"}: cargo::core::compiler::fingerprint:     err: failed to read `/Users/girivs/src/rust-tantraos/build/aarch64-apple-darwin/stage1-std/aarch64-tantraos/debug/.fingerprint/std-c6cb4cff8500cf86/run-build-script-build-script-build`

Caused by:
    No such file or directory (os error 2)
   2.731439666s  INFO prepare_target{force=false package_id=std v0.0.0 (/Users/girivs/src/rust-tantraos/library/std) target="build-script-build"}: cargo::core::compiler::fingerprint: fingerprint error for std v0.0.0 (/Users/girivs/src/rust-tantraos/library/std)/Build/TargetInner { ..: custom_build_target("build-script-build", "/Users/girivs/src/rust-tantraos/library/std/build.rs", Edition2024) }
   2.731442083s  INFO prepare_target{force=false package_id=std v0.0.0 (/Users/girivs/src/rust-tantraos/library/std) target="build-script-build"}: cargo::core::compiler::fingerprint:     err: failed to read `/Users/girivs/src/rust-tantraos/build/aarch64-apple-darwin/stage1-std/debug/.fingerprint/std-3f08345ccb935ead/build-script-build-script-build`

Caused by:
    No such file or directory (os error 2)
   2.731492333s  INFO prepare_target{force=false package_id=std_detect v0.1.5 (/Users/girivs/src/rust-tantraos/library/std_detect) target="std_detect"}: cargo::core::compiler::fingerprint: fingerprint error for std_detect v0.1.5 (/Users/girivs/src/rust-tantraos/library/std_detect)/Build/TargetInner { name_inferred: true, ..: lib_target("std_detect", ["lib"], "/Users/girivs/src/rust-tantraos/library/std_detect/src/lib.rs", Edition2024) }
   2.731494791s  INFO prepare_target{force=false package_id=std_detect v0.1.5 (/Users/girivs/src/rust-tantraos/library/std_detect) target="std_detect"}: cargo::core::compiler::fingerprint:     err: failed to read `/Users/girivs/src/rust-tantraos/build/aarch64-apple-darwin/stage1-std/aarch64-tantraos/debug/.fingerprint/std_detect-a89b208fc07751e7/lib-std_detect`

Caused by:
    No such file or directory (os error 2)
   2.731568958s  INFO prepare_target{force=false package_id=sysroot v0.0.0 (/Users/girivs/src/rust-tantraos/library/sysroot) target="sysroot"}: cargo::core::compiler::fingerprint: fingerprint error for sysroot v0.0.0 (/Users/girivs/src/rust-tantraos/library/sysroot)/Build/TargetInner { name_inferred: true, tested: false, benched: false, doc: false, ..: lib_target("sysroot", ["lib"], "/Users/girivs/src/rust-tantraos/library/sysroot/src/lib.rs", Edition2024) }
   2.731572083s  INFO prepare_target{force=false package_id=sysroot v0.0.0 (/Users/girivs/src/rust-tantraos/library/sysroot) target="sysroot"}: cargo::core::compiler::fingerprint:     err: failed to read `/Users/girivs/src/rust-tantraos/build/aarch64-apple-darwin/stage1-std/aarch64-tantraos/debug/.fingerprint/sysroot-8204e4ccbf2c4388/lib-sysroot`

Caused by:
    No such file or directory (os error 2)
   2.731635250s  INFO prepare_target{force=false package_id=test v0.0.0 (/Users/girivs/src/rust-tantraos/library/test) target="test"}: cargo::core::compiler::fingerprint: fingerprint error for test v0.0.0 (/Users/girivs/src/rust-tantraos/library/test)/Build/TargetInner { name_inferred: true, ..: lib_target("test", ["lib"], "/Users/girivs/src/rust-tantraos/library/test/src/lib.rs", Edition2024) }
   2.731637333s  INFO prepare_target{force=false package_id=test v0.0.0 (/Users/girivs/src/rust-tantraos/library/test) target="test"}: cargo::core::compiler::fingerprint:     err: failed to read `/Users/girivs/src/rust-tantraos/build/aarch64-apple-darwin/stage1-std/aarch64-tantraos/debug/.fingerprint/test-6cdc893b570d2489/lib-test`

Caused by:
    No such file or directory (os error 2)
   2.731698583s  INFO prepare_target{force=false package_id=getopts v0.2.24 target="getopts"}: cargo::core::compiler::fingerprint: fingerprint error for getopts v0.2.24/Build/TargetInner { ..: lib_target("getopts", ["lib"], "/Users/girivs/.cargo/registry/src/index.crates.io-1949cf8c6b5b557f/getopts-0.2.24/src/lib.rs", Edition2021) }
   2.731700875s  INFO prepare_target{force=false package_id=getopts v0.2.24 target="getopts"}: cargo::core::compiler::fingerprint:     err: failed to read `/Users/girivs/src/rust-tantraos/build/aarch64-apple-darwin/stage1-std/aarch64-tantraos/debug/.fingerprint/getopts-e7ff20af737f780d/lib-getopts`

Caused by:
    No such file or directory (os error 2)
   Compiling shlex v1.3.0
   Compiling core v0.0.0 (/Users/girivs/src/rust-tantraos/library/core)
   Compiling libc v0.2.175
   Compiling object v0.37.3
   Compiling std v0.0.0 (/Users/girivs/src/rust-tantraos/library/std)
     Running `/Users/girivs/src/rust-tantraos/build/bootstrap/debug/rustc /Users/girivs/src/rust-tantraos/build/bootstrap/debug/rustc --crate-name shlex --edition=2015 /Users/girivs/.cargo/registry/src/index.crates.io-1949cf8c6b5b557f/shlex-1.3.0/src/lib.rs --error-format=json --json=diagnostic-rendered-ansi,artifacts,future-incompat --crate-type lib --emit=dep-info,metadata,link -C embed-bitcode=no -C debug-assertions=off --cfg 'feature="default"' --cfg 'feature="std"' --check-cfg 'cfg(docsrs,test)' --check-cfg 'cfg(feature, values("default", "std"))' -C metadata=52cb637191a69938 -C extra-filename=-70d0f4182b150d76 --out-dir /Users/girivs/src/rust-tantraos/build/aarch64-apple-darwin/stage1-std/debug/deps -L dependency=/Users/girivs/src/rust-tantraos/build/aarch64-apple-darwin/stage1-std/debug/deps --cap-lints allow -Z binary-dep-depinfo`
     Running `/Users/girivs/src/rust-tantraos/build/bootstrap/debug/rustc /Users/girivs/src/rust-tantraos/build/bootstrap/debug/rustc --crate-name core --edition=2024 library/core/src/lib.rs --error-format=json --json=diagnostic-rendered-ansi,artifacts,future-incompat --crate-type lib --emit=dep-info,metadata,link -C embed-bitcode=no -C codegen-units=16 --warn=unexpected_cfgs --check-cfg 'cfg(no_fp_fmt_parse)' --check-cfg 'cfg(feature, values(any()))' --check-cfg 'cfg(target_has_reliable_f16)' --check-cfg 'cfg(target_has_reliable_f16_math)' --check-cfg 'cfg(target_has_reliable_f128)' --check-cfg 'cfg(target_has_reliable_f128_math)' -C debug-assertions=off --check-cfg 'cfg(docsrs,test)' --check-cfg 'cfg(feature, values("debug_refcell", "optimize_for_size", "panic_immediate_abort"))' -C metadata=2ad7752005d95023 -C extra-filename=-c79bf7c8d33923f7 --out-dir /Users/girivs/src/rust-tantraos/build/aarch64-apple-darwin/stage1-std/aarch64-tantraos/debug/deps --target aarch64-tantraos -C linker=rust-lld -L dependency=/Users/girivs/src/rust-tantraos/build/aarch64-apple-darwin/stage1-std/aarch64-tantraos/debug/deps -L dependency=/Users/girivs/src/rust-tantraos/build/aarch64-apple-darwin/stage1-std/debug/deps -Csymbol-mangling-version=legacy '--check-cfg=cfg(feature,values(any()))' -Zunstable-options -Zmacro-backtrace -Csplit-debuginfo=off -Cprefer-dynamic -Zinline-mir -Zinline-mir-preserve-debug -Zmir_strip_debuginfo=locals-in-tiny-functions -Clink-args=-Wl,-z,origin '-Clink-args=-Wl,-rpath,$ORIGIN/../lib' -Alinker-messages -Cembed-bitcode=yes -Clto=off -Zunstable-options -Cforce-frame-pointers=non-leaf '-Zcrate-attr=doc(html_root_url="https://doc.rust-lang.org/nightly/")' -Z binary-dep-depinfo`
     Running `/Users/girivs/src/rust-tantraos/build/bootstrap/debug/rustc /Users/girivs/src/rust-tantraos/build/bootstrap/debug/rustc --crate-name build_script_build --edition=2021 /Users/girivs/.cargo/registry/src/index.crates.io-1949cf8c6b5b557f/libc-0.2.175/build.rs --error-format=json --json=diagnostic-rendered-ansi,artifacts,future-incompat --crate-type bin --emit=dep-info,link -C embed-bitcode=no '--allow=clippy::used_underscore_binding' --allow=unused_qualifications '--warn=clippy::unnecessary_semicolon' '--allow=clippy::unnecessary_cast' '--allow=clippy::uninlined_format_args' '--warn=clippy::ptr_as_ptr' '--allow=clippy::non_minimal_cfg' '--allow=clippy::missing_safety_doc' '--warn=clippy::map_unwrap_or' '--warn=clippy::manual_assert' '--allow=clippy::identity_op' '--warn=clippy::explicit_iter_loop' '--allow=clippy::expl_impl_clone_on_copy' -C debug-assertions=off --cfg 'feature="align"' --cfg 'feature="rustc-dep-of-std"' --cfg 'feature="rustc-std-workspace-core"' --check-cfg 'cfg(docsrs,test)' --check-cfg 'cfg(feature, values("align", "const-extern-fn", "default", "extra_traits", "rustc-dep-of-std", "rustc-std-workspace-core", "std", "use_std"))' -C metadata=fe6191be0e42f3fe -C extra-filename=-b8c6da7ebd78ee35 --out-dir /Users/girivs/src/rust-tantraos/build/aarch64-apple-darwin/stage1-std/debug/build/libc-b8c6da7ebd78ee35 -L dependency=/Users/girivs/src/rust-tantraos/build/aarch64-apple-darwin/stage1-std/debug/deps --cap-lints allow -Z binary-dep-depinfo`
     Running `/Users/girivs/src/rust-tantraos/build/bootstrap/debug/rustc /Users/girivs/src/rust-tantraos/build/bootstrap/debug/rustc --crate-name build_script_build --edition=2024 library/std/build.rs --error-format=json --json=diagnostic-rendered-ansi,artifacts,future-incompat --crate-type bin --emit=dep-info,link -C embed-bitcode=no --warn=unexpected_cfgs --check-cfg 'cfg(feature, values(any()))' --check-cfg 'cfg(target_has_reliable_f16)' --check-cfg 'cfg(target_has_reliable_f16_math)' --check-cfg 'cfg(target_has_reliable_f128)' --check-cfg 'cfg(target_has_reliable_f128_math)' -C debug-assertions=off --cfg 'feature="addr2line"' --cfg 'feature="backtrace"' --cfg 'feature="compiler-builtins-c"' --cfg 'feature="miniz_oxide"' --cfg 'feature="object"' --cfg 'feature="panic-unwind"' --cfg 'feature="std_detect_dlsym_getauxval"' --cfg 'feature="std_detect_file_io"' --check-cfg 'cfg(docsrs,test)' --check-cfg 'cfg(feature, values("addr2line", "backtrace", "backtrace-trace-only", "compiler-builtins-c", "compiler-builtins-mem", "compiler-builtins-no-f16-f128", "debug_refcell", "llvm-libunwind", "miniz_oxide", "object", "optimize_for_size", "panic-unwind", "panic_immediate_abort", "std_detect_dlsym_getauxval", "std_detect_file_io", "system-llvm-libunwind", "windows_raw_dylib"))' -C metadata=9fca27cef3203d6f -C extra-filename=-3f08345ccb935ead --out-dir /Users/girivs/src/rust-tantraos/build/aarch64-apple-darwin/stage1-std/debug/build/std-3f08345ccb935ead -L dependency=/Users/girivs/src/rust-tantraos/build/aarch64-apple-darwin/stage1-std/debug/deps -Z binary-dep-depinfo`
     Running `/Users/girivs/src/rust-tantraos/build/bootstrap/debug/rustc /Users/girivs/src/rust-tantraos/build/bootstrap/debug/rustc --crate-name build_script_build --edition=2018 /Users/girivs/.cargo/registry/src/index.crates.io-1949cf8c6b5b557f/object-0.37.3/build.rs --error-format=json --json=diagnostic-rendered-ansi,artifacts,future-incompat --crate-type bin --emit=dep-info,link -C embed-bitcode=no '--allow=clippy::uninlined_format_args' '--allow=clippy::type_complexity' '--allow=clippy::single_match' '--allow=clippy::should_implement_trait' '--allow=clippy::result_unit_err' '--allow=clippy::needless_lifetimes' '--allow=clippy::match_like_matches_macro' '--allow=clippy::manual_flatten' '--allow=clippy::field_reassign_with_default' '--allow=clippy::comparison_chain' '--allow=clippy::collapsible_match' '--allow=clippy::collapsible_if' '--allow=clippy::collapsible_else_if' -C debug-assertions=off --cfg 'feature="alloc"' --cfg 'feature="archive"' --cfg 'feature="coff"' --cfg 'feature="core"' --cfg 'feature="elf"' --cfg 'feature="macho"' --cfg 'feature="pe"' --cfg 'feature="read_core"' --cfg 'feature="rustc-dep-of-std"' --cfg 'feature="unaligned"' --cfg 'feature="xcoff"' --check-cfg 'cfg(docsrs,test)' --check-cfg 'cfg(feature, values("all", "alloc", "archive", "build", "build_core", "cargo-all", "coff", "compression", "core", "default", "doc", "elf", "macho", "pe", "read", "read_core", "rustc-dep-of-std", "std", "unaligned", "unstable", "unstable-all", "wasm", "write", "write_core", "write_std", "xcoff"))' -C metadata=8214041fdf036e0f -C extra-filename=-f3295f49dfb56d4d --out-dir /Users/girivs/src/rust-tantraos/build/aarch64-apple-darwin/stage1-std/debug/build/object-f3295f49dfb56d4d -L dependency=/Users/girivs/src/rust-tantraos/build/aarch64-apple-darwin/stage1-std/debug/deps --cap-lints allow -Z binary-dep-depinfo`
   Compiling cc v1.2.0
     Running `/Users/girivs/src/rust-tantraos/build/bootstrap/debug/rustc /Users/girivs/src/rust-tantraos/build/bootstrap/debug/rustc --crate-name cc --edition=2018 /Users/girivs/.cargo/registry/src/index.crates.io-1949cf8c6b5b557f/cc-1.2.0/src/lib.rs --error-format=json --json=diagnostic-rendered-ansi,artifacts,future-incompat --crate-type lib --emit=dep-info,metadata,link -C embed-bitcode=no -C debug-assertions=off --check-cfg 'cfg(docsrs,test)' --check-cfg 'cfg(feature, values("jobserver", "parallel"))' -C metadata=32a9e9154ea6b15c -C extra-filename=-17316f1b78281a06 --out-dir /Users/girivs/src/rust-tantraos/build/aarch64-apple-darwin/stage1-std/debug/deps -L dependency=/Users/girivs/src/rust-tantraos/build/aarch64-apple-darwin/stage1-std/debug/deps --extern shlex=/Users/girivs/src/rust-tantraos/build/aarch64-apple-darwin/stage1-std/debug/deps/libshlex-70d0f4182b150d76.rmeta --cap-lints allow -Z binary-dep-depinfo`
     Running `/Users/girivs/src/rust-tantraos/build/aarch64-apple-darwin/stage1-std/debug/build/std-3f08345ccb935ead/build-script-build`
     Running `/Users/girivs/src/rust-tantraos/build/aarch64-apple-darwin/stage1-std/debug/build/object-f3295f49dfb56d4d/build-script-build`
     Running `/Users/girivs/src/rust-tantraos/build/aarch64-apple-darwin/stage1-std/debug/build/libc-b8c6da7ebd78ee35/build-script-build`
   Compiling compiler_builtins v0.1.160 (/Users/girivs/src/rust-tantraos/library/compiler-builtins/compiler-builtins)
     Running `/Users/girivs/src/rust-tantraos/build/bootstrap/debug/rustc /Users/girivs/src/rust-tantraos/build/bootstrap/debug/rustc --crate-name build_script_build --edition=2024 library/compiler-builtins/compiler-builtins/build.rs --error-format=json --json=diagnostic-rendered-ansi,artifacts,future-incompat --crate-type bin --emit=dep-info,link -C embed-bitcode=no -C debug-assertions=off --cfg 'feature="c"' --cfg 'feature="compiler-builtins"' --cfg 'feature="default"' --cfg 'feature="rustc-dep-of-std"' --check-cfg 'cfg(docsrs,test)' --check-cfg 'cfg(feature, values("c", "compiler-builtins", "default", "mangled-names", "mem", "no-asm", "no-f16-f128", "rustc-dep-of-std", "unstable-public-internals"))' -C metadata=6b28b89d96aaeaed -C extra-filename=-5fc0f55abac5f5fc --out-dir /Users/girivs/src/rust-tantraos/build/aarch64-apple-darwin/stage1-std/debug/build/compiler_builtins-5fc0f55abac5f5fc -L dependency=/Users/girivs/src/rust-tantraos/build/aarch64-apple-darwin/stage1-std/debug/deps --extern cc=/Users/girivs/src/rust-tantraos/build/aarch64-apple-darwin/stage1-std/debug/deps/libcc-17316f1b78281a06.rlib -Z binary-dep-depinfo`
     Running `/Users/girivs/src/rust-tantraos/build/aarch64-apple-darwin/stage1-std/debug/build/compiler_builtins-5fc0f55abac5f5fc/build-script-build`
warning: compiler_builtins@0.1.160: clang: warning: mismatch between architecture and environment in target triple 'aarch64-unknown-tantraos-eabi'; did you mean 'aarch64-none-elf'? [-Winvalid-command-line-argument]
warning: compiler_builtins@0.1.160: clang: warning: mismatch between architecture and environment in target triple 'aarch64-unknown-tantraos-eabi'; did you mean 'aarch64-none-elf'? [-Winvalid-command-line-argument]
warning: compiler_builtins@0.1.160: clang: warning: mismatch between architecture and environment in target triple 'aarch64-unknown-tantraos-eabi'; did you mean 'aarch64-none-elf'? [-Winvalid-command-line-argument]
warning: compiler_builtins@0.1.160: clang: warning: mismatch between architecture and environment in target triple 'aarch64-unknown-tantraos-eabi'; did you mean 'aarch64-none-elf'? [-Winvalid-command-line-argument]
warning: compiler_builtins@0.1.160: clang: warning: mismatch between architecture and environment in target triple 'aarch64-unknown-tantraos-eabi'; did you mean 'aarch64-none-elf'? [-Winvalid-command-line-argument]
warning: compiler_builtins@0.1.160: clang: warning: mismatch between architecture and environment in target triple 'aarch64-unknown-tantraos-eabi'; did you mean 'aarch64-none-elf'? [-Winvalid-command-line-argument]
warning: compiler_builtins@0.1.160: clang: warning: mismatch between architecture and environment in target triple 'aarch64-unknown-tantraos-eabi'; did you mean 'aarch64-none-elf'? [-Winvalid-command-line-argument]
warning: compiler_builtins@0.1.160: clang: warning: mismatch between architecture and environment in target triple 'aarch64-unknown-tantraos-eabi'; did you mean 'aarch64-none-elf'? [-Winvalid-command-line-argument]
warning: compiler_builtins@0.1.160: clang: warning: mismatch between architecture and environment in target triple 'aarch64-unknown-tantraos-eabi'; did you mean 'aarch64-none-elf'? [-Winvalid-command-line-argument]
warning: compiler_builtins@0.1.160: clang: warning: mismatch between architecture and environment in target triple 'aarch64-unknown-tantraos-eabi'; did you mean 'aarch64-none-elf'? [-Winvalid-command-line-argument]
warning: compiler_builtins@0.1.160: clang: warning: mismatch between architecture and environment in target triple 'aarch64-unknown-tantraos-eabi'; did you mean 'aarch64-none-elf'? [-Winvalid-command-line-argument]
warning: compiler_builtins@0.1.160: clang: warning: mismatch between architecture and environment in target triple 'aarch64-unknown-tantraos-eabi'; did you mean 'aarch64-none-elf'? [-Winvalid-command-line-argument]
warning: compiler_builtins@0.1.160: clang: warning: mismatch between architecture and environment in target triple 'aarch64-unknown-tantraos-eabi'; did you mean 'aarch64-none-elf'? [-Winvalid-command-line-argument]
warning: compiler_builtins@0.1.160: clang: warning: mismatch between architecture and environment in target triple 'aarch64-unknown-tantraos-eabi'; did you mean 'aarch64-none-elf'? [-Winvalid-command-line-argument]
warning: compiler_builtins@0.1.160: clang: warning: mismatch between architecture and environment in target triple 'aarch64-unknown-tantraos-eabi'; did you mean 'aarch64-none-elf'? [-Winvalid-command-line-argument]
warning: compiler_builtins@0.1.160: clang: warning: mismatch between architecture and environment in target triple 'aarch64-unknown-tantraos-eabi'; did you mean 'aarch64-none-elf'? [-Winvalid-command-line-argument]
warning: compiler_builtins@0.1.160: clang: warning: mismatch between architecture and environment in target triple 'aarch64-unknown-tantraos-eabi'; did you mean 'aarch64-none-elf'? [-Winvalid-command-line-argument]
warning: compiler_builtins@0.1.160: clang: warning: mismatch between architecture and environment in target triple 'aarch64-unknown-tantraos-eabi'; did you mean 'aarch64-none-elf'? [-Winvalid-command-line-argument]
warning: compiler_builtins@0.1.160: clang: warning: mismatch between architecture and environment in target triple 'aarch64-unknown-tantraos-eabi'; did you mean 'aarch64-none-elf'? [-Winvalid-command-line-argument]
warning: compiler_builtins@0.1.160: clang: warning: mismatch between architecture and environment in target triple 'aarch64-unknown-tantraos-eabi'; did you mean 'aarch64-none-elf'? [-Winvalid-command-line-argument]
warning: compiler_builtins@0.1.160: clang: warning: mismatch between architecture and environment in target triple 'aarch64-unknown-tantraos-eabi'; did you mean 'aarch64-none-elf'? [-Winvalid-command-line-argument]
warning: compiler_builtins@0.1.160: clang: warning: mismatch between architecture and environment in target triple 'aarch64-unknown-tantraos-eabi'; did you mean 'aarch64-none-elf'? [-Winvalid-command-line-argument]
warning: compiler_builtins@0.1.160: clang: warning: mismatch between architecture and environment in target triple 'aarch64-unknown-tantraos-eabi'; did you mean 'aarch64-none-elf'? [-Winvalid-command-line-argument]
warning: compiler_builtins@0.1.160: clang: warning: mismatch between architecture and environment in target triple 'aarch64-unknown-tantraos-eabi'; did you mean 'aarch64-none-elf'? [-Winvalid-command-line-argument]
warning: compiler_builtins@0.1.160: clang: warning: mismatch between architecture and environment in target triple 'aarch64-unknown-tantraos-eabi'; did you mean 'aarch64-none-elf'? [-Winvalid-command-line-argument]
warning: compiler_builtins@0.1.160: clang: warning: mismatch between architecture and environment in target triple 'aarch64-unknown-tantraos-eabi'; did you mean 'aarch64-none-elf'? [-Winvalid-command-line-argument]
warning: compiler_builtins@0.1.160: clang: warning: mismatch between architecture and environment in target triple 'aarch64-unknown-tantraos-eabi'; did you mean 'aarch64-none-elf'? [-Winvalid-command-line-argument]
warning: compiler_builtins@0.1.160: clang: warning: mismatch between architecture and environment in target triple 'aarch64-unknown-tantraos-eabi'; did you mean 'aarch64-none-elf'? [-Winvalid-command-line-argument]
warning: compiler_builtins@0.1.160: clang: warning: mismatch between architecture and environment in target triple 'aarch64-unknown-tantraos-eabi'; did you mean 'aarch64-none-elf'? [-Winvalid-command-line-argument]
warning: compiler_builtins@0.1.160: clang: warning: mismatch between architecture and environment in target triple 'aarch64-unknown-tantraos-eabi'; did you mean 'aarch64-none-elf'? [-Winvalid-command-line-argument]
warning: compiler_builtins@0.1.160: clang: warning: mismatch between architecture and environment in target triple 'aarch64-unknown-tantraos-eabi'; did you mean 'aarch64-none-elf'? [-Winvalid-command-line-argument]
warning: compiler_builtins@0.1.160: clang: warning: mismatch between architecture and environment in target triple 'aarch64-unknown-tantraos-eabi'; did you mean 'aarch64-none-elf'? [-Winvalid-command-line-argument]
warning: compiler_builtins@0.1.160: clang: warning: mismatch between architecture and environment in target triple 'aarch64-unknown-tantraos-eabi'; did you mean 'aarch64-none-elf'? [-Winvalid-command-line-argument]
warning: compiler_builtins@0.1.160: clang: warning: mismatch between architecture and environment in target triple 'aarch64-unknown-tantraos-eabi'; did you mean 'aarch64-none-elf'? [-Winvalid-command-line-argument]
warning: compiler_builtins@0.1.160: clang: warning: mismatch between architecture and environment in target triple 'aarch64-unknown-tantraos-eabi'; did you mean 'aarch64-none-elf'? [-Winvalid-command-line-argument]
warning: compiler_builtins@0.1.160: clang: warning: mismatch between architecture and environment in target triple 'aarch64-unknown-tantraos-eabi'; did you mean 'aarch64-none-elf'? [-Winvalid-command-line-argument]
warning: compiler_builtins@0.1.160: clang: warning: mismatch between architecture and environment in target triple 'aarch64-unknown-tantraos-eabi'; did you mean 'aarch64-none-elf'? [-Winvalid-command-line-argument]
warning: compiler_builtins@0.1.160: clang: warning: mismatch between architecture and environment in target triple 'aarch64-unknown-tantraos-eabi'; did you mean 'aarch64-none-elf'? [-Winvalid-command-line-argument]
warning: compiler_builtins@0.1.160: clang: warning: mismatch between architecture and environment in target triple 'aarch64-unknown-tantraos-eabi'; did you mean 'aarch64-none-elf'? [-Winvalid-command-line-argument]
warning: compiler_builtins@0.1.160: clang: warning: mismatch between architecture and environment in target triple 'aarch64-unknown-tantraos-eabi'; did you mean 'aarch64-none-elf'? [-Winvalid-command-line-argument]
warning: compiler_builtins@0.1.160: clang: warning: mismatch between architecture and environment in target triple 'aarch64-unknown-tantraos-eabi'; did you mean 'aarch64-none-elf'? [-Winvalid-command-line-argument]
warning: compiler_builtins@0.1.160: clang: warning: mismatch between architecture and environment in target triple 'aarch64-unknown-tantraos-eabi'; did you mean 'aarch64-none-elf'? [-Winvalid-command-line-argument]
warning: compiler_builtins@0.1.160: clang: warning: mismatch between architecture and environment in target triple 'aarch64-unknown-tantraos-eabi'; did you mean 'aarch64-none-elf'? [-Winvalid-command-line-argument]
warning: compiler_builtins@0.1.160: clang: warning: mismatch between architecture and environment in target triple 'aarch64-unknown-tantraos-eabi'; did you mean 'aarch64-none-elf'? [-Winvalid-command-line-argument]
warning: compiler_builtins@0.1.160: clang: warning: mismatch between architecture and environment in target triple 'aarch64-unknown-tantraos-eabi'; did you mean 'aarch64-none-elf'? [-Winvalid-command-line-argument]
warning: compiler_builtins@0.1.160: clang: warning: mismatch between architecture and environment in target triple 'aarch64-unknown-tantraos-eabi'; did you mean 'aarch64-none-elf'? [-Winvalid-command-line-argument]
warning: compiler_builtins@0.1.160: clang: warning: mismatch between architecture and environment in target triple 'aarch64-unknown-tantraos-eabi'; did you mean 'aarch64-none-elf'? [-Winvalid-command-line-argument]
warning: compiler_builtins@0.1.160: clang: warning: mismatch between architecture and environment in target triple 'aarch64-unknown-tantraos-eabi'; did you mean 'aarch64-none-elf'? [-Winvalid-command-line-argument]
warning: compiler_builtins@0.1.160: clang: warning: mismatch between architecture and environment in target triple 'aarch64-unknown-tantraos-eabi'; did you mean 'aarch64-none-elf'? [-Winvalid-command-line-argument]
warning: compiler_builtins@0.1.160: clang: warning: mismatch between architecture and environment in target triple 'aarch64-unknown-tantraos-eabi'; did you mean 'aarch64-none-elf'? [-Winvalid-command-line-argument]
warning: compiler_builtins@0.1.160: clang: warning: mismatch between architecture and environment in target triple 'aarch64-unknown-tantraos-eabi'; did you mean 'aarch64-none-elf'? [-Winvalid-command-line-argument]
warning: compiler_builtins@0.1.160: clang: warning: mismatch between architecture and environment in target triple 'aarch64-unknown-tantraos-eabi'; did you mean 'aarch64-none-elf'? [-Winvalid-command-line-argument]
warning: compiler_builtins@0.1.160: clang: warning: mismatch between architecture and environment in target triple 'aarch64-unknown-tantraos-eabi'; did you mean 'aarch64-none-elf'? [-Winvalid-command-line-argument]
warning: compiler_builtins@0.1.160: clang: warning: mismatch between architecture and environment in target triple 'aarch64-unknown-tantraos-eabi'; did you mean 'aarch64-none-elf'? [-Winvalid-command-line-argument]
warning: compiler_builtins@0.1.160: clang: warning: mismatch between architecture and environment in target triple 'aarch64-unknown-tantraos-eabi'; did you mean 'aarch64-none-elf'? [-Winvalid-command-line-argument]
warning: compiler_builtins@0.1.160: clang: warning: mismatch between architecture and environment in target triple 'aarch64-unknown-tantraos-eabi'; did you mean 'aarch64-none-elf'? [-Winvalid-command-line-argument]
warning: compiler_builtins@0.1.160: clang: warning: mismatch between architecture and environment in target triple 'aarch64-unknown-tantraos-eabi'; did you mean 'aarch64-none-elf'? [-Winvalid-command-line-argument]
warning: compiler_builtins@0.1.160: clang: warning: mismatch between architecture and environment in target triple 'aarch64-unknown-tantraos-eabi'; did you mean 'aarch64-none-elf'? [-Winvalid-command-line-argument]
warning: compiler_builtins@0.1.160: clang: warning: mismatch between architecture and environment in target triple 'aarch64-unknown-tantraos-eabi'; did you mean 'aarch64-none-elf'? [-Winvalid-command-line-argument]
warning: compiler_builtins@0.1.160: clang: warning: mismatch between architecture and environment in target triple 'aarch64-unknown-tantraos-eabi'; did you mean 'aarch64-none-elf'? [-Winvalid-command-line-argument]
warning: compiler_builtins@0.1.160: clang: warning: mismatch between architecture and environment in target triple 'aarch64-unknown-tantraos-eabi'; did you mean 'aarch64-none-elf'? [-Winvalid-command-line-argument]
warning: compiler_builtins@0.1.160: clang: warning: mismatch between architecture and environment in target triple 'aarch64-unknown-tantraos-eabi'; did you mean 'aarch64-none-elf'? [-Winvalid-command-line-argument]
warning: compiler_builtins@0.1.160: clang: warning: mismatch between architecture and environment in target triple 'aarch64-unknown-tantraos-eabi'; did you mean 'aarch64-none-elf'? [-Winvalid-command-line-argument]
warning: compiler_builtins@0.1.160: clang: warning: mismatch between architecture and environment in target triple 'aarch64-unknown-tantraos-eabi'; did you mean 'aarch64-none-elf'? [-Winvalid-command-line-argument]
warning: compiler_builtins@0.1.160: clang: warning: mismatch between architecture and environment in target triple 'aarch64-unknown-tantraos-eabi'; did you mean 'aarch64-none-elf'? [-Winvalid-command-line-argument]
warning: compiler_builtins@0.1.160: clang: warning: mismatch between architecture and environment in target triple 'aarch64-unknown-tantraos-eabi'; did you mean 'aarch64-none-elf'? [-Winvalid-command-line-argument]
warning: compiler_builtins@0.1.160: clang: warning: mismatch between architecture and environment in target triple 'aarch64-unknown-tantraos-eabi'; did you mean 'aarch64-none-elf'? [-Winvalid-command-line-argument]
warning: compiler_builtins@0.1.160: clang: warning: mismatch between architecture and environment in target triple 'aarch64-unknown-tantraos-eabi'; did you mean 'aarch64-none-elf'? [-Winvalid-command-line-argument]
warning: compiler_builtins@0.1.160: clang: warning: mismatch between architecture and environment in target triple 'aarch64-unknown-tantraos-eabi'; did you mean 'aarch64-none-elf'? [-Winvalid-command-line-argument]
warning: compiler_builtins@0.1.160: clang: warning: mismatch between architecture and environment in target triple 'aarch64-unknown-tantraos-eabi'; did you mean 'aarch64-none-elf'? [-Winvalid-command-line-argument]
warning: compiler_builtins@0.1.160: clang: warning: mismatch between architecture and environment in target triple 'aarch64-unknown-tantraos-eabi'; did you mean 'aarch64-none-elf'? [-Winvalid-command-line-argument]
warning: compiler_builtins@0.1.160: clang: warning: mismatch between architecture and environment in target triple 'aarch64-unknown-tantraos-eabi'; did you mean 'aarch64-none-elf'? [-Winvalid-command-line-argument]
warning: compiler_builtins@0.1.160: clang: warning: mismatch between architecture and environment in target triple 'aarch64-unknown-tantraos-eabi'; did you mean 'aarch64-none-elf'? [-Winvalid-command-line-argument]
warning: compiler_builtins@0.1.160: clang: warning: mismatch between architecture and environment in target triple 'aarch64-unknown-tantraos-eabi'; did you mean 'aarch64-none-elf'? [-Winvalid-command-line-argument]
warning: compiler_builtins@0.1.160: clang: warning: mismatch between architecture and environment in target triple 'aarch64-unknown-tantraos-eabi'; did you mean 'aarch64-none-elf'? [-Winvalid-command-line-argument]
warning: compiler_builtins@0.1.160: clang: warning: mismatch between architecture and environment in target triple 'aarch64-unknown-tantraos-eabi'; did you mean 'aarch64-none-elf'? [-Winvalid-command-line-argument]
warning: compiler_builtins@0.1.160: clang: warning: mismatch between architecture and environment in target triple 'aarch64-unknown-tantraos-eabi'; did you mean 'aarch64-none-elf'? [-Winvalid-command-line-argument]
warning: compiler_builtins@0.1.160: clang: warning: mismatch between architecture and environment in target triple 'aarch64-unknown-tantraos-eabi'; did you mean 'aarch64-none-elf'? [-Winvalid-command-line-argument]
warning: compiler_builtins@0.1.160: clang: warning: mismatch between architecture and environment in target triple 'aarch64-unknown-tantraos-eabi'; did you mean 'aarch64-none-elf'? [-Winvalid-command-line-argument]
warning: compiler_builtins@0.1.160: clang: warning: mismatch between architecture and environment in target triple 'aarch64-unknown-tantraos-eabi'; did you mean 'aarch64-none-elf'? [-Winvalid-command-line-argument]
warning: compiler_builtins@0.1.160: clang: warning: mismatch between architecture and environment in target triple 'aarch64-unknown-tantraos-eabi'; did you mean 'aarch64-none-elf'? [-Winvalid-command-line-argument]
warning: compiler_builtins@0.1.160: clang: warning: mismatch between architecture and environment in target triple 'aarch64-unknown-tantraos-eabi'; did you mean 'aarch64-none-elf'? [-Winvalid-command-line-argument]
warning: compiler_builtins@0.1.160: clang: warning: mismatch between architecture and environment in target triple 'aarch64-unknown-tantraos-eabi'; did you mean 'aarch64-none-elf'? [-Winvalid-command-line-argument]
warning: compiler_builtins@0.1.160: clang: warning: mismatch between architecture and environment in target triple 'aarch64-unknown-tantraos-eabi'; did you mean 'aarch64-none-elf'? [-Winvalid-command-line-argument]
warning: compiler_builtins@0.1.160: clang: warning: mismatch between architecture and environment in target triple 'aarch64-unknown-tantraos-eabi'; did you mean 'aarch64-none-elf'? [-Winvalid-command-line-argument]
warning: compiler_builtins@0.1.160: clang: warning: mismatch between architecture and environment in target triple 'aarch64-unknown-tantraos-eabi'; did you mean 'aarch64-none-elf'? [-Winvalid-command-line-argument]
warning: compiler_builtins@0.1.160: clang: warning: mismatch between architecture and environment in target triple 'aarch64-unknown-tantraos-eabi'; did you mean 'aarch64-none-elf'? [-Winvalid-command-line-argument]
warning: compiler_builtins@0.1.160: clang: warning: mismatch between architecture and environment in target triple 'aarch64-unknown-tantraos-eabi'; did you mean 'aarch64-none-elf'? [-Winvalid-command-line-argument]
warning: compiler_builtins@0.1.160: clang: warning: mismatch between architecture and environment in target triple 'aarch64-unknown-tantraos-eabi'; did you mean 'aarch64-none-elf'? [-Winvalid-command-line-argument]
warning: compiler_builtins@0.1.160: clang: warning: mismatch between architecture and environment in target triple 'aarch64-unknown-tantraos-eabi'; did you mean 'aarch64-none-elf'? [-Winvalid-command-line-argument]
warning: compiler_builtins@0.1.160: clang: warning: mismatch between architecture and environment in target triple 'aarch64-unknown-tantraos-eabi'; did you mean 'aarch64-none-elf'? [-Winvalid-command-line-argument]
warning: compiler_builtins@0.1.160: clang: warning: mismatch between architecture and environment in target triple 'aarch64-unknown-tantraos-eabi'; did you mean 'aarch64-none-elf'? [-Winvalid-command-line-argument]
warning: compiler_builtins@0.1.160: clang: warning: mismatch between architecture and environment in target triple 'aarch64-unknown-tantraos-eabi'; did you mean 'aarch64-none-elf'? [-Winvalid-command-line-argument]
warning: compiler_builtins@0.1.160: clang: warning: mismatch between architecture and environment in target triple 'aarch64-unknown-tantraos-eabi'; did you mean 'aarch64-none-elf'? [-Winvalid-command-line-argument]
warning: compiler_builtins@0.1.160: clang: warning: mismatch between architecture and environment in target triple 'aarch64-unknown-tantraos-eabi'; did you mean 'aarch64-none-elf'? [-Winvalid-command-line-argument]
warning: compiler_builtins@0.1.160: clang: warning: mismatch between architecture and environment in target triple 'aarch64-unknown-tantraos-eabi'; did you mean 'aarch64-none-elf'? [-Winvalid-command-line-argument]
warning: compiler_builtins@0.1.160: clang: warning: mismatch between architecture and environment in target triple 'aarch64-unknown-tantraos-eabi'; did you mean 'aarch64-none-elf'? [-Winvalid-command-line-argument]
warning: compiler_builtins@0.1.160: clang: warning: mismatch between architecture and environment in target triple 'aarch64-unknown-tantraos-eabi'; did you mean 'aarch64-none-elf'? [-Winvalid-command-line-argument]
warning: compiler_builtins@0.1.160: clang: warning: mismatch between architecture and environment in target triple 'aarch64-unknown-tantraos-eabi'; did you mean 'aarch64-none-elf'? [-Winvalid-command-line-argument]
warning: compiler_builtins@0.1.160: clang: warning: mismatch between architecture and environment in target triple 'aarch64-unknown-tantraos-eabi'; did you mean 'aarch64-none-elf'? [-Winvalid-command-line-argument]
warning: compiler_builtins@0.1.160: clang: warning: mismatch between architecture and environment in target triple 'aarch64-unknown-tantraos-eabi'; did you mean 'aarch64-none-elf'? [-Winvalid-command-line-argument]
warning: compiler_builtins@0.1.160: clang: warning: mismatch between architecture and environment in target triple 'aarch64-unknown-tantraos-eabi'; did you mean 'aarch64-none-elf'? [-Winvalid-command-line-argument]
warning: compiler_builtins@0.1.160: clang: warning: mismatch between architecture and environment in target triple 'aarch64-unknown-tantraos-eabi'; did you mean 'aarch64-none-elf'? [-Winvalid-command-line-argument]
warning: compiler_builtins@0.1.160: clang: warning: mismatch between architecture and environment in target triple 'aarch64-unknown-tantraos-eabi'; did you mean 'aarch64-none-elf'? [-Winvalid-command-line-argument]
warning: compiler_builtins@0.1.160: clang: warning: mismatch between architecture and environment in target triple 'aarch64-unknown-tantraos-eabi'; did you mean 'aarch64-none-elf'? [-Winvalid-command-line-argument]
warning: compiler_builtins@0.1.160: clang: warning: mismatch between architecture and environment in target triple 'aarch64-unknown-tantraos-eabi'; did you mean 'aarch64-none-elf'? [-Winvalid-command-line-argument]
warning: compiler_builtins@0.1.160: clang: warning: mismatch between architecture and environment in target triple 'aarch64-unknown-tantraos-eabi'; did you mean 'aarch64-none-elf'? [-Winvalid-command-line-argument]
warning: compiler_builtins@0.1.160: clang: warning: mismatch between architecture and environment in target triple 'aarch64-unknown-tantraos-eabi'; did you mean 'aarch64-none-elf'? [-Winvalid-command-line-argument]
warning: compiler_builtins@0.1.160: clang: warning: mismatch between architecture and environment in target triple 'aarch64-unknown-tantraos-eabi'; did you mean 'aarch64-none-elf'? [-Winvalid-command-line-argument]
warning: compiler_builtins@0.1.160: clang: warning: mismatch between architecture and environment in target triple 'aarch64-unknown-tantraos-eabi'; did you mean 'aarch64-none-elf'? [-Winvalid-command-line-argument]
warning: compiler_builtins@0.1.160: clang: warning: mismatch between architecture and environment in target triple 'aarch64-unknown-tantraos-eabi'; did you mean 'aarch64-none-elf'? [-Winvalid-command-line-argument]
warning: compiler_builtins@0.1.160: clang: warning: mismatch between architecture and environment in target triple 'aarch64-unknown-tantraos-eabi'; did you mean 'aarch64-none-elf'? [-Winvalid-command-line-argument]
warning: compiler_builtins@0.1.160: clang: warning: mismatch between architecture and environment in target triple 'aarch64-unknown-tantraos-eabi'; did you mean 'aarch64-none-elf'? [-Winvalid-command-line-argument]
warning: compiler_builtins@0.1.160: clang: warning: mismatch between architecture and environment in target triple 'aarch64-unknown-tantraos-eabi'; did you mean 'aarch64-none-elf'? [-Winvalid-command-line-argument]
warning: compiler_builtins@0.1.160: clang: warning: mismatch between architecture and environment in target triple 'aarch64-unknown-tantraos-eabi'; did you mean 'aarch64-none-elf'? [-Winvalid-command-line-argument]
warning: compiler_builtins@0.1.160: clang: warning: mismatch between architecture and environment in target triple 'aarch64-unknown-tantraos-eabi'; did you mean 'aarch64-none-elf'? [-Winvalid-command-line-argument]
warning: compiler_builtins@0.1.160: clang: warning: mismatch between architecture and environment in target triple 'aarch64-unknown-tantraos-eabi'; did you mean 'aarch64-none-elf'? [-Winvalid-command-line-argument]
warning: compiler_builtins@0.1.160: clang: warning: mismatch between architecture and environment in target triple 'aarch64-unknown-tantraos-eabi'; did you mean 'aarch64-none-elf'? [-Winvalid-command-line-argument]
warning: compiler_builtins@0.1.160: clang: warning: mismatch between architecture and environment in target triple 'aarch64-unknown-tantraos-eabi'; did you mean 'aarch64-none-elf'? [-Winvalid-command-line-argument]
warning: compiler_builtins@0.1.160: clang: warning: mismatch between architecture and environment in target triple 'aarch64-unknown-tantraos-eabi'; did you mean 'aarch64-none-elf'? [-Winvalid-command-line-argument]
warning: compiler_builtins@0.1.160: clang: warning: mismatch between architecture and environment in target triple 'aarch64-unknown-tantraos-eabi'; did you mean 'aarch64-none-elf'? [-Winvalid-command-line-argument]
warning: compiler_builtins@0.1.160: clang: warning: mismatch between architecture and environment in target triple 'aarch64-unknown-tantraos-eabi'; did you mean 'aarch64-none-elf'? [-Winvalid-command-line-argument]
warning: compiler_builtins@0.1.160: clang: warning: mismatch between architecture and environment in target triple 'aarch64-unknown-tantraos-eabi'; did you mean 'aarch64-none-elf'? [-Winvalid-command-line-argument]
warning: compiler_builtins@0.1.160: clang: warning: mismatch between architecture and environment in target triple 'aarch64-unknown-tantraos-eabi'; did you mean 'aarch64-none-elf'? [-Winvalid-command-line-argument]
warning: compiler_builtins@0.1.160: clang: warning: mismatch between architecture and environment in target triple 'aarch64-unknown-tantraos-eabi'; did you mean 'aarch64-none-elf'? [-Winvalid-command-line-argument]
warning: compiler_builtins@0.1.160: clang: warning: mismatch between architecture and environment in target triple 'aarch64-unknown-tantraos-eabi'; did you mean 'aarch64-none-elf'? [-Winvalid-command-line-argument]
warning: compiler_builtins@0.1.160: clang: warning: mismatch between architecture and environment in target triple 'aarch64-unknown-tantraos-eabi'; did you mean 'aarch64-none-elf'? [-Winvalid-command-line-argument]
warning: compiler_builtins@0.1.160: clang: warning: mismatch between architecture and environment in target triple 'aarch64-unknown-tantraos-eabi'; did you mean 'aarch64-none-elf'? [-Winvalid-command-line-argument]
warning: compiler_builtins@0.1.160: clang: warning: mismatch between architecture and environment in target triple 'aarch64-unknown-tantraos-eabi'; did you mean 'aarch64-none-elf'? [-Winvalid-command-line-argument]
warning: compiler_builtins@0.1.160: clang: warning: mismatch between architecture and environment in target triple 'aarch64-unknown-tantraos-eabi'; did you mean 'aarch64-none-elf'? [-Winvalid-command-line-argument]
warning: compiler_builtins@0.1.160: clang: warning: mismatch between architecture and environment in target triple 'aarch64-unknown-tantraos-eabi'; did you mean 'aarch64-none-elf'? [-Winvalid-command-line-argument]
warning: compiler_builtins@0.1.160: clang: warning: mismatch between architecture and environment in target triple 'aarch64-unknown-tantraos-eabi'; did you mean 'aarch64-none-elf'? [-Winvalid-command-line-argument]
warning: compiler_builtins@0.1.160: clang: warning: mismatch between architecture and environment in target triple 'aarch64-unknown-tantraos-eabi'; did you mean 'aarch64-none-elf'? [-Winvalid-command-line-argument]
warning: compiler_builtins@0.1.160: clang: warning: mismatch between architecture and environment in target triple 'aarch64-unknown-tantraos-eabi'; did you mean 'aarch64-none-elf'? [-Winvalid-command-line-argument]
warning: compiler_builtins@0.1.160: clang: warning: mismatch between architecture and environment in target triple 'aarch64-unknown-tantraos-eabi'; did you mean 'aarch64-none-elf'? [-Winvalid-command-line-argument]
warning: compiler_builtins@0.1.160: clang: warning: mismatch between architecture and environment in target triple 'aarch64-unknown-tantraos-eabi'; did you mean 'aarch64-none-elf'? [-Winvalid-command-line-argument]
warning: compiler_builtins@0.1.160: clang: warning: mismatch between architecture and environment in target triple 'aarch64-unknown-tantraos-eabi'; did you mean 'aarch64-none-elf'? [-Winvalid-command-line-argument]
warning: compiler_builtins@0.1.160: clang: warning: mismatch between architecture and environment in target triple 'aarch64-unknown-tantraos-eabi'; did you mean 'aarch64-none-elf'? [-Winvalid-command-line-argument]
warning: compiler_builtins@0.1.160: warning: /Applications/Xcode.app/Contents/Developer/Toolchains/XcodeDefault.xctoolchain/usr/bin/ranlib: archive library: /Users/girivs/src/rust-tantraos/build/aarch64-apple-darwin/stage1-std/aarch64-tantraos/debug/build/compiler_builtins-d931ed850ff3b322/out/libcompiler-rt.a the table of contents is empty (no object file members in the library define global symbols)
     Running `/Users/girivs/src/rust-tantraos/build/bootstrap/debug/rustc /Users/girivs/src/rust-tantraos/build/bootstrap/debug/rustc --crate-name compiler_builtins --edition=2024 library/compiler-builtins/compiler-builtins/src/lib.rs --error-format=json --json=diagnostic-rendered-ansi,artifacts,future-incompat --crate-type lib --emit=dep-info,metadata,link -C embed-bitcode=no -C codegen-units=16 -C debug-assertions=off --cfg 'feature="c"' --cfg 'feature="compiler-builtins"' --cfg 'feature="default"' --cfg 'feature="rustc-dep-of-std"' --check-cfg 'cfg(docsrs,test)' --check-cfg 'cfg(feature, values("c", "compiler-builtins", "default", "mangled-names", "mem", "no-asm", "no-f16-f128", "rustc-dep-of-std", "unstable-public-internals"))' -C metadata=8c533abcca71199d -C extra-filename=-fe7bb6a6db036198 --out-dir /Users/girivs/src/rust-tantraos/build/aarch64-apple-darwin/stage1-std/aarch64-tantraos/debug/deps --target aarch64-tantraos -C linker=rust-lld -L dependency=/Users/girivs/src/rust-tantraos/build/aarch64-apple-darwin/stage1-std/aarch64-tantraos/debug/deps -L dependency=/Users/girivs/src/rust-tantraos/build/aarch64-apple-darwin/stage1-std/debug/deps --extern core=/Users/girivs/src/rust-tantraos/build/aarch64-apple-darwin/stage1-std/aarch64-tantraos/debug/deps/libcore-c79bf7c8d33923f7.rmeta -Csymbol-mangling-version=legacy '--check-cfg=cfg(feature,values(any()))' -Zunstable-options -Zmacro-backtrace -Csplit-debuginfo=off -Cprefer-dynamic -Zinline-mir -Zinline-mir-preserve-debug -Zmir_strip_debuginfo=locals-in-tiny-functions -Clink-args=-Wl,-z,origin '-Clink-args=-Wl,-rpath,$ORIGIN/../lib' -Alinker-messages -Cembed-bitcode=yes -Clto=off -Zunstable-options -Cforce-frame-pointers=non-leaf '-Zcrate-attr=doc(html_root_url="https://doc.rust-lang.org/nightly/")' -Z binary-dep-depinfo -L native=/Users/girivs/src/rust-tantraos/build/aarch64-apple-darwin/stage1-std/aarch64-tantraos/debug/build/compiler_builtins-d931ed850ff3b322/out -l static=compiler-rt --cfg f16_enabled --cfg f128_enabled --cfg intrinsics_enabled --cfg arch_enabled --cfg 'feature="unstable-intrinsics"' --cfg 'feature="mem-unaligned"' --cfg '__aarch64_cas1_relax="optimized-c"' --cfg '__aarch64_cas1_acq="optimized-c"' --cfg '__aarch64_cas1_rel="optimized-c"' --cfg '__aarch64_cas1_acq_rel="optimized-c"' --cfg '__aarch64_cas2_relax="optimized-c"' --cfg '__aarch64_cas2_acq="optimized-c"' --cfg '__aarch64_cas2_rel="optimized-c"' --cfg '__aarch64_cas2_acq_rel="optimized-c"' --cfg '__aarch64_cas4_relax="optimized-c"' --cfg '__aarch64_cas4_acq="optimized-c"' --cfg '__aarch64_cas4_rel="optimized-c"' --cfg '__aarch64_cas4_acq_rel="optimized-c"' --cfg '__aarch64_cas8_relax="optimized-c"' --cfg '__aarch64_cas8_acq="optimized-c"' --cfg '__aarch64_cas8_rel="optimized-c"' --cfg '__aarch64_cas8_acq_rel="optimized-c"' --cfg '__aarch64_cas16_relax="optimized-c"' --cfg '__aarch64_cas16_acq="optimized-c"' --cfg '__aarch64_cas16_rel="optimized-c"' --cfg '__aarch64_cas16_acq_rel="optimized-c"' --cfg '__aarch64_swp1_relax="optimized-c"' --cfg '__aarch64_swp1_acq="optimized-c"' --cfg '__aarch64_swp1_rel="optimized-c"' --cfg '__aarch64_swp1_acq_rel="optimized-c"' --cfg '__aarch64_swp2_relax="optimized-c"' --cfg '__aarch64_swp2_acq="optimized-c"' --cfg '__aarch64_swp2_rel="optimized-c"' --cfg '__aarch64_swp2_acq_rel="optimized-c"' --cfg '__aarch64_swp4_relax="optimized-c"' --cfg '__aarch64_swp4_acq="optimized-c"' --cfg '__aarch64_swp4_rel="optimized-c"' --cfg '__aarch64_swp4_acq_rel="optimized-c"' --cfg '__aarch64_swp8_relax="optimized-c"' --cfg '__aarch64_swp8_acq="optimized-c"' --cfg '__aarch64_swp8_rel="optimized-c"' --cfg '__aarch64_swp8_acq_rel="optimized-c"' --cfg '__aarch64_ldadd1_relax="optimized-c"' --cfg '__aarch64_ldadd1_acq="optimized-c"' --cfg '__aarch64_ldadd1_rel="optimized-c"' --cfg '__aarch64_ldadd1_acq_rel="optimized-c"' --cfg '__aarch64_ldadd2_relax="optimized-c"' --cfg '__aarch64_ldadd2_acq="optimized-c"' --cfg '__aarch64_ldadd2_rel="optimized-c"' --cfg '__aarch64_ldadd2_acq_rel="optimized-c"' --cfg '__aarch64_ldadd4_relax="optimized-c"' --cfg '__aarch64_ldadd4_acq="optimized-c"' --cfg '__aarch64_ldadd4_rel="optimized-c"' --cfg '__aarch64_ldadd4_acq_rel="optimized-c"' --cfg '__aarch64_ldadd8_relax="optimized-c"' --cfg '__aarch64_ldadd8_acq="optimized-c"' --cfg '__aarch64_ldadd8_rel="optimized-c"' --cfg '__aarch64_ldadd8_acq_rel="optimized-c"' --cfg '__aarch64_ldclr1_relax="optimized-c"' --cfg '__aarch64_ldclr1_acq="optimized-c"' --cfg '__aarch64_ldclr1_rel="optimized-c"' --cfg '__aarch64_ldclr1_acq_rel="optimized-c"' --cfg '__aarch64_ldclr2_relax="optimized-c"' --cfg '__aarch64_ldclr2_acq="optimized-c"' --cfg '__aarch64_ldclr2_rel="optimized-c"' --cfg '__aarch64_ldclr2_acq_rel="optimized-c"' --cfg '__aarch64_ldclr4_relax="optimized-c"' --cfg '__aarch64_ldclr4_acq="optimized-c"' --cfg '__aarch64_ldclr4_rel="optimized-c"' --cfg '__aarch64_ldclr4_acq_rel="optimized-c"' --cfg '__aarch64_ldclr8_relax="optimized-c"' --cfg '__aarch64_ldclr8_acq="optimized-c"' --cfg '__aarch64_ldclr8_rel="optimized-c"' --cfg '__aarch64_ldclr8_acq_rel="optimized-c"' --cfg '__aarch64_ldeor1_relax="optimized-c"' --cfg '__aarch64_ldeor1_acq="optimized-c"' --cfg '__aarch64_ldeor1_rel="optimized-c"' --cfg '__aarch64_ldeor1_acq_rel="optimized-c"' --cfg '__aarch64_ldeor2_relax="optimized-c"' --cfg '__aarch64_ldeor2_acq="optimized-c"' --cfg '__aarch64_ldeor2_rel="optimized-c"' --cfg '__aarch64_ldeor2_acq_rel="optimized-c"' --cfg '__aarch64_ldeor4_relax="optimized-c"' --cfg '__aarch64_ldeor4_acq="optimized-c"' --cfg '__aarch64_ldeor4_rel="optimized-c"' --cfg '__aarch64_ldeor4_acq_rel="optimized-c"' --cfg '__aarch64_ldeor8_relax="optimized-c"' --cfg '__aarch64_ldeor8_acq="optimized-c"' --cfg '__aarch64_ldeor8_rel="optimized-c"' --cfg '__aarch64_ldeor8_acq_rel="optimized-c"' --cfg '__aarch64_ldset1_relax="optimized-c"' --cfg '__aarch64_ldset1_acq="optimized-c"' --cfg '__aarch64_ldset1_rel="optimized-c"' --cfg '__aarch64_ldset1_acq_rel="optimized-c"' --cfg '__aarch64_ldset2_relax="optimized-c"' --cfg '__aarch64_ldset2_acq="optimized-c"' --cfg '__aarch64_ldset2_rel="optimized-c"' --cfg '__aarch64_ldset2_acq_rel="optimized-c"' --cfg '__aarch64_ldset4_relax="optimized-c"' --cfg '__aarch64_ldset4_acq="optimized-c"' --cfg '__aarch64_ldset4_rel="optimized-c"' --cfg '__aarch64_ldset4_acq_rel="optimized-c"' --cfg '__aarch64_ldset8_relax="optimized-c"' --cfg '__aarch64_ldset8_acq="optimized-c"' --cfg '__aarch64_ldset8_rel="optimized-c"' --cfg '__aarch64_ldset8_acq_rel="optimized-c"' --cfg '__aarch64_have_lse_atomics="optimized-c"' --cfg '__absvdi2="optimized-c"' --cfg '__absvsi2="optimized-c"' --cfg '__absvti2="optimized-c"' --cfg '__addvdi3="optimized-c"' --cfg '__addvsi3="optimized-c"' --cfg '__addvti3="optimized-c"' --cfg '__cmpdi2="optimized-c"' --cfg '__cmpti2="optimized-c"' --cfg '__divdc3="optimized-c"' --cfg '__divsc3="optimized-c"' --cfg '__fe_getround="optimized-c"' --cfg '__fe_raise_inexact="optimized-c"' --cfg '__ffsti2="optimized-c"' --cfg '__int_util="optimized-c"' --cfg '__muldc3="optimized-c"' --cfg '__mulsc3="optimized-c"' --cfg '__multc3="optimized-c"' --cfg '__mulvdi3="optimized-c"' --cfg '__mulvsi3="optimized-c"' --cfg '__mulvti3="optimized-c"' --cfg '__negdf2="optimized-c"' --cfg '__negdi2="optimized-c"' --cfg '__negsf2="optimized-c"' --cfg '__negti2="optimized-c"' --cfg '__negvdi2="optimized-c"' --cfg '__negvsi2="optimized-c"' --cfg '__negvti2="optimized-c"' --cfg '__paritydi2="optimized-c"' --cfg '__paritysi2="optimized-c"' --cfg '__parityti2="optimized-c"' --cfg '__popcountdi2="optimized-c"' --cfg '__popcountsi2="optimized-c"' --cfg '__popcountti2="optimized-c"' --cfg '__subvdi3="optimized-c"' --cfg '__subvsi3="optimized-c"' --cfg '__subvti3="optimized-c"' --cfg '__ucmpdi2="optimized-c"' --cfg '__ucmpti2="optimized-c"' --check-cfg 'cfg(__ashldi3, values("optimized-c"))' --check-cfg 'cfg(__ashlsi3, values("optimized-c"))' --check-cfg 'cfg(__ashrdi3, values("optimized-c"))' --check-cfg 'cfg(__ashrsi3, values("optimized-c"))' --check-cfg 'cfg(__bswapsi2, values("optimized-c"))' --check-cfg 'cfg(__bswapdi2, values("optimized-c"))' --check-cfg 'cfg(__bswapti2, values("optimized-c"))' --check-cfg 'cfg(__divdi3, values("optimized-c"))' --check-cfg 'cfg(__divsi3, values("optimized-c"))' --check-cfg 'cfg(__divmoddi4, values("optimized-c"))' --check-cfg 'cfg(__divmodsi4, values("optimized-c"))' --check-cfg 'cfg(__divmodsi4, values("optimized-c"))' --check-cfg 'cfg(__divmodti4, values("optimized-c"))' --check-cfg 'cfg(__lshrdi3, values("optimized-c"))' --check-cfg 'cfg(__lshrsi3, values("optimized-c"))' --check-cfg 'cfg(__moddi3, values("optimized-c"))' --check-cfg 'cfg(__modsi3, values("optimized-c"))' --check-cfg 'cfg(__muldi3, values("optimized-c"))' --check-cfg 'cfg(__udivdi3, values("optimized-c"))' --check-cfg 'cfg(__udivmoddi4, values("optimized-c"))' --check-cfg 'cfg(__udivmodsi4, values("optimized-c"))' --check-cfg 'cfg(__udivsi3, values("optimized-c"))' --check-cfg 'cfg(__umoddi3, values("optimized-c"))' --check-cfg 'cfg(__umodsi3, values("optimized-c"))' --check-cfg 'cfg(__aarch64_cas1_relax, values("optimized-c"))' --check-cfg 'cfg(__aarch64_cas1_acq, values("optimized-c"))' --check-cfg 'cfg(__aarch64_cas1_rel, values("optimized-c"))' --check-cfg 'cfg(__aarch64_cas1_acq_rel, values("optimized-c"))' --check-cfg 'cfg(__aarch64_cas2_relax, values("optimized-c"))' --check-cfg 'cfg(__aarch64_cas2_acq, values("optimized-c"))' --check-cfg 'cfg(__aarch64_cas2_rel, values("optimized-c"))' --check-cfg 'cfg(__aarch64_cas2_acq_rel, values("optimized-c"))' --check-cfg 'cfg(__aarch64_cas4_relax, values("optimized-c"))' --check-cfg 'cfg(__aarch64_cas4_acq, values("optimized-c"))' --check-cfg 'cfg(__aarch64_cas4_rel, values("optimized-c"))' --check-cfg 'cfg(__aarch64_cas4_acq_rel, values("optimized-c"))' --check-cfg 'cfg(__aarch64_cas8_relax, values("optimized-c"))' --check-cfg 'cfg(__aarch64_cas8_acq, values("optimized-c"))' --check-cfg 'cfg(__aarch64_cas8_rel, values("optimized-c"))' --check-cfg 'cfg(__aarch64_cas8_acq_rel, values("optimized-c"))' --check-cfg 'cfg(__aarch64_cas16_relax, values("optimized-c"))' --check-cfg 'cfg(__aarch64_cas16_acq, values("optimized-c"))' --check-cfg 'cfg(__aarch64_cas16_rel, values("optimized-c"))' --check-cfg 'cfg(__aarch64_cas16_acq_rel, values("optimized-c"))' --check-cfg 'cfg(__aarch64_ldadd1_relax, values("optimized-c"))' --check-cfg 'cfg(__aarch64_ldadd1_acq, values("optimized-c"))' --check-cfg 'cfg(__aarch64_ldadd1_rel, values("optimized-c"))' --check-cfg 'cfg(__aarch64_ldadd1_acq_rel, values("optimized-c"))' --check-cfg 'cfg(__aarch64_ldadd2_relax, values("optimized-c"))' --check-cfg 'cfg(__aarch64_ldadd2_acq, values("optimized-c"))' --check-cfg 'cfg(__aarch64_ldadd2_rel, values("optimized-c"))' --check-cfg 'cfg(__aarch64_ldadd2_acq_rel, values("optimized-c"))' --check-cfg 'cfg(__aarch64_ldadd4_relax, values("optimized-c"))' --check-cfg 'cfg(__aarch64_ldadd4_acq, values("optimized-c"))' --check-cfg 'cfg(__aarch64_ldadd4_rel, values("optimized-c"))' --check-cfg 'cfg(__aarch64_ldadd4_acq_rel, values("optimized-c"))' --check-cfg 'cfg(__aarch64_ldadd8_relax, values("optimized-c"))' --check-cfg 'cfg(__aarch64_ldadd8_acq, values("optimized-c"))' --check-cfg 'cfg(__aarch64_ldadd8_rel, values("optimized-c"))' --check-cfg 'cfg(__aarch64_ldadd8_acq_rel, values("optimized-c"))' --check-cfg 'cfg(__aarch64_ldclr1_relax, values("optimized-c"))' --check-cfg 'cfg(__aarch64_ldclr1_acq, values("optimized-c"))' --check-cfg 'cfg(__aarch64_ldclr1_rel, values("optimized-c"))' --check-cfg 'cfg(__aarch64_ldclr1_acq_rel, values("optimized-c"))' --check-cfg 'cfg(__aarch64_ldclr2_relax, values("optimized-c"))' --check-cfg 'cfg(__aarch64_ldclr2_acq, values("optimized-c"))' --check-cfg 'cfg(__aarch64_ldclr2_rel, values("optimized-c"))' --check-cfg 'cfg(__aarch64_ldclr2_acq_rel, values("optimized-c"))' --check-cfg 'cfg(__aarch64_ldclr4_relax, values("optimized-c"))' --check-cfg 'cfg(__aarch64_ldclr4_acq, values("optimized-c"))' --check-cfg 'cfg(__aarch64_ldclr4_rel, values("optimized-c"))' --check-cfg 'cfg(__aarch64_ldclr4_acq_rel, values("optimized-c"))' --check-cfg 'cfg(__aarch64_ldclr8_relax, values("optimized-c"))' --check-cfg 'cfg(__aarch64_ldclr8_acq, values("optimized-c"))' --check-cfg 'cfg(__aarch64_ldclr8_rel, values("optimized-c"))' --check-cfg 'cfg(__aarch64_ldclr8_acq_rel, values("optimized-c"))' --check-cfg 'cfg(__aarch64_ldeor1_relax, values("optimized-c"))' --check-cfg 'cfg(__aarch64_ldeor1_acq, values("optimized-c"))' --check-cfg 'cfg(__aarch64_ldeor1_rel, values("optimized-c"))' --check-cfg 'cfg(__aarch64_ldeor1_acq_rel, values("optimized-c"))' --check-cfg 'cfg(__aarch64_ldeor2_relax, values("optimized-c"))' --check-cfg 'cfg(__aarch64_ldeor2_acq, values("optimized-c"))' --check-cfg 'cfg(__aarch64_ldeor2_rel, values("optimized-c"))' --check-cfg 'cfg(__aarch64_ldeor2_acq_rel, values("optimized-c"))' --check-cfg 'cfg(__aarch64_ldeor4_relax, values("optimized-c"))' --check-cfg 'cfg(__aarch64_ldeor4_acq, values("optimized-c"))' --check-cfg 'cfg(__aarch64_ldeor4_rel, values("optimized-c"))' --check-cfg 'cfg(__aarch64_ldeor4_acq_rel, values("optimized-c"))' --check-cfg 'cfg(__aarch64_ldeor8_relax, values("optimized-c"))' --check-cfg 'cfg(__aarch64_ldeor8_acq, values("optimized-c"))' --check-cfg 'cfg(__aarch64_ldeor8_rel, values("optimized-c"))' --check-cfg 'cfg(__aarch64_ldeor8_acq_rel, values("optimized-c"))' --check-cfg 'cfg(__aarch64_ldset1_relax, values("optimized-c"))' --check-cfg 'cfg(__aarch64_ldset1_acq, values("optimized-c"))' --check-cfg 'cfg(__aarch64_ldset1_rel, values("optimized-c"))' --check-cfg 'cfg(__aarch64_ldset1_acq_rel, values("optimized-c"))' --check-cfg 'cfg(__aarch64_ldset2_relax, values("optimized-c"))' --check-cfg 'cfg(__aarch64_ldset2_acq, values("optimized-c"))' --check-cfg 'cfg(__aarch64_ldset2_rel, values("optimized-c"))' --check-cfg 'cfg(__aarch64_ldset2_acq_rel, values("optimized-c"))' --check-cfg 'cfg(__aarch64_ldset4_relax, values("optimized-c"))' --check-cfg 'cfg(__aarch64_ldset4_acq, values("optimized-c"))' --check-cfg 'cfg(__aarch64_ldset4_rel, values("optimized-c"))' --check-cfg 'cfg(__aarch64_ldset4_acq_rel, values("optimized-c"))' --check-cfg 'cfg(__aarch64_ldset8_relax, values("optimized-c"))' --check-cfg 'cfg(__aarch64_ldset8_acq, values("optimized-c"))' --check-cfg 'cfg(__aarch64_ldset8_rel, values("optimized-c"))' --check-cfg 'cfg(__aarch64_ldset8_acq_rel, values("optimized-c"))' --check-cfg 'cfg(__aarch64_swp1_relax, values("optimized-c"))' --check-cfg 'cfg(__aarch64_swp1_acq, values("optimized-c"))' --check-cfg 'cfg(__aarch64_swp1_rel, values("optimized-c"))' --check-cfg 'cfg(__aarch64_swp1_acq_rel, values("optimized-c"))' --check-cfg 'cfg(__aarch64_swp2_relax, values("optimized-c"))' --check-cfg 'cfg(__aarch64_swp2_acq, values("optimized-c"))' --check-cfg 'cfg(__aarch64_swp2_rel, values("optimized-c"))' --check-cfg 'cfg(__aarch64_swp2_acq_rel, values("optimized-c"))' --check-cfg 'cfg(__aarch64_swp4_relax, values("optimized-c"))' --check-cfg 'cfg(__aarch64_swp4_acq, values("optimized-c"))' --check-cfg 'cfg(__aarch64_swp4_rel, values("optimized-c"))' --check-cfg 'cfg(__aarch64_swp4_acq_rel, values("optimized-c"))' --check-cfg 'cfg(__aarch64_swp8_relax, values("optimized-c"))' --check-cfg 'cfg(__aarch64_swp8_acq, values("optimized-c"))' --check-cfg 'cfg(__aarch64_swp8_rel, values("optimized-c"))' --check-cfg 'cfg(__aarch64_swp8_acq_rel, values("optimized-c"))' --check-cfg 'cfg(target_feature, values("vis3"))' --check-cfg 'cfg(feature, values("checked"))' --check-cfg 'cfg(assert_no_panic)' --check-cfg 'cfg(thumb)' --check-cfg 'cfg(thumb_1)' --check-cfg 'cfg(x86_no_sse)' --check-cfg 'cfg(f16_enabled)' --check-cfg 'cfg(f128_enabled)' --check-cfg 'cfg(intrinsics_enabled)' --check-cfg 'cfg(arch_enabled)' --check-cfg 'cfg(optimizations_enabled)' --check-cfg 'cfg(feature, values("unstable-public-internals"))' --check-cfg 'cfg(optimizations_enabled)' --check-cfg 'cfg(kernel_user_helpers)' --check-cfg 'cfg(feature, values("mem-unaligned"))'`
   Compiling rustc-std-workspace-core v1.99.0 (/Users/girivs/src/rust-tantraos/library/rustc-std-workspace-core)
   Compiling alloc v0.0.0 (/Users/girivs/src/rust-tantraos/library/alloc)
     Running `/Users/girivs/src/rust-tantraos/build/bootstrap/debug/rustc /Users/girivs/src/rust-tantraos/build/bootstrap/debug/rustc --crate-name rustc_std_workspace_core --edition=2024 library/rustc-std-workspace-core/lib.rs --error-format=json --json=diagnostic-rendered-ansi,artifacts,future-incompat --crate-type lib --emit=dep-info,metadata,link -C embed-bitcode=no -C codegen-units=16 -C debug-assertions=off --check-cfg 'cfg(docsrs,test)' --check-cfg 'cfg(feature, values())' -C metadata=f8147eca4c5497cf -C extra-filename=-9d5fe40ab18429fa --out-dir /Users/girivs/src/rust-tantraos/build/aarch64-apple-darwin/stage1-std/aarch64-tantraos/debug/deps --target aarch64-tantraos -C linker=rust-lld -L dependency=/Users/girivs/src/rust-tantraos/build/aarch64-apple-darwin/stage1-std/aarch64-tantraos/debug/deps -L dependency=/Users/girivs/src/rust-tantraos/build/aarch64-apple-darwin/stage1-std/debug/deps --extern 'priv:compiler_builtins=/Users/girivs/src/rust-tantraos/build/aarch64-apple-darwin/stage1-std/aarch64-tantraos/debug/deps/libcompiler_builtins-fe7bb6a6db036198.rmeta' --extern core=/Users/girivs/src/rust-tantraos/build/aarch64-apple-darwin/stage1-std/aarch64-tantraos/debug/deps/libcore-c79bf7c8d33923f7.rmeta -Z unstable-options -Csymbol-mangling-version=legacy '--check-cfg=cfg(feature,values(any()))' -Zunstable-options -Zmacro-backtrace -Csplit-debuginfo=off -Cprefer-dynamic -Zinline-mir -Zinline-mir-preserve-debug -Zmir_strip_debuginfo=locals-in-tiny-functions -Clink-args=-Wl,-z,origin '-Clink-args=-Wl,-rpath,$ORIGIN/../lib' -Alinker-messages -Cembed-bitcode=yes -Clto=off -Zunstable-options -Cforce-frame-pointers=non-leaf '-Zcrate-attr=doc(html_root_url="https://doc.rust-lang.org/nightly/")' -Z binary-dep-depinfo -L native=/Users/girivs/src/rust-tantraos/build/aarch64-apple-darwin/stage1-std/aarch64-tantraos/debug/build/compiler_builtins-d931ed850ff3b322/out`
     Running `/Users/girivs/src/rust-tantraos/build/bootstrap/debug/rustc /Users/girivs/src/rust-tantraos/build/bootstrap/debug/rustc --crate-name alloc --edition=2024 library/alloc/src/lib.rs --error-format=json --json=diagnostic-rendered-ansi,artifacts,future-incompat --crate-type lib --emit=dep-info,metadata,link -C embed-bitcode=no -C codegen-units=16 --warn=unexpected_cfgs --check-cfg 'cfg(no_global_oom_handling)' --check-cfg 'cfg(no_rc)' --check-cfg 'cfg(no_sync)' -C debug-assertions=off --cfg 'feature="compiler-builtins-c"' --check-cfg 'cfg(docsrs,test)' --check-cfg 'cfg(feature, values("compiler-builtins-c", "compiler-builtins-mem", "compiler-builtins-no-f16-f128", "optimize_for_size", "panic_immediate_abort"))' -C metadata=dda94609f2040c48 -C extra-filename=-8fb762d18e16146c --out-dir /Users/girivs/src/rust-tantraos/build/aarch64-apple-darwin/stage1-std/aarch64-tantraos/debug/deps --target aarch64-tantraos -C linker=rust-lld -L dependency=/Users/girivs/src/rust-tantraos/build/aarch64-apple-darwin/stage1-std/aarch64-tantraos/debug/deps -L dependency=/Users/girivs/src/rust-tantraos/build/aarch64-apple-darwin/stage1-std/debug/deps --extern 'priv:compiler_builtins=/Users/girivs/src/rust-tantraos/build/aarch64-apple-darwin/stage1-std/aarch64-tantraos/debug/deps/libcompiler_builtins-fe7bb6a6db036198.rmeta' --extern core=/Users/girivs/src/rust-tantraos/build/aarch64-apple-darwin/stage1-std/aarch64-tantraos/debug/deps/libcore-c79bf7c8d33923f7.rmeta -Z unstable-options -Csymbol-mangling-version=legacy '--check-cfg=cfg(feature,values(any()))' -Zunstable-options -Zmacro-backtrace -Csplit-debuginfo=off -Cprefer-dynamic -Zinline-mir -Zinline-mir-preserve-debug -Zmir_strip_debuginfo=locals-in-tiny-functions -Clink-args=-Wl,-z,origin '-Clink-args=-Wl,-rpath,$ORIGIN/../lib' -Alinker-messages -Cembed-bitcode=yes -Clto=off -Zunstable-options -Cforce-frame-pointers=non-leaf '-Zcrate-attr=doc(html_root_url="https://doc.rust-lang.org/nightly/")' -Z binary-dep-depinfo -L native=/Users/girivs/src/rust-tantraos/build/aarch64-apple-darwin/stage1-std/aarch64-tantraos/debug/build/compiler_builtins-d931ed850ff3b322/out`
   Compiling memchr v2.7.5
   Compiling adler2 v2.0.1
   Compiling cfg-if v1.0.1
   Compiling panic_abort v0.0.0 (/Users/girivs/src/rust-tantraos/library/panic_abort)
   Compiling rustc-demangle v0.1.26
     Running `/Users/girivs/src/rust-tantraos/build/bootstrap/debug/rustc /Users/girivs/src/rust-tantraos/build/bootstrap/debug/rustc --crate-name libc --edition=2021 /Users/girivs/.cargo/registry/src/index.crates.io-1949cf8c6b5b557f/libc-0.2.175/src/lib.rs --error-format=json --json=diagnostic-rendered-ansi,artifacts,future-incompat --crate-type lib --emit=dep-info,metadata,link -C embed-bitcode=no -C codegen-units=16 '--allow=clippy::used_underscore_binding' --allow=unused_qualifications '--warn=clippy::unnecessary_semicolon' '--allow=clippy::unnecessary_cast' '--allow=clippy::uninlined_format_args' '--warn=clippy::ptr_as_ptr' '--allow=clippy::non_minimal_cfg' '--allow=clippy::missing_safety_doc' '--warn=clippy::map_unwrap_or' '--warn=clippy::manual_assert' '--allow=clippy::identity_op' '--warn=clippy::explicit_iter_loop' '--allow=clippy::expl_impl_clone_on_copy' -C debug-assertions=off --cfg 'feature="align"' --cfg 'feature="rustc-dep-of-std"' --cfg 'feature="rustc-std-workspace-core"' --check-cfg 'cfg(docsrs,test)' --check-cfg 'cfg(feature, values("align", "const-extern-fn", "default", "extra_traits", "rustc-dep-of-std", "rustc-std-workspace-core", "std", "use_std"))' -C metadata=eaf905f0f81b1de7 -C extra-filename=-1222b4726416f144 --out-dir /Users/girivs/src/rust-tantraos/build/aarch64-apple-darwin/stage1-std/aarch64-tantraos/debug/deps --target aarch64-tantraos -C linker=rust-lld -L dependency=/Users/girivs/src/rust-tantraos/build/aarch64-apple-darwin/stage1-std/aarch64-tantraos/debug/deps -L dependency=/Users/girivs/src/rust-tantraos/build/aarch64-apple-darwin/stage1-std/debug/deps --extern rustc_std_workspace_core=/Users/girivs/src/rust-tantraos/build/aarch64-apple-darwin/stage1-std/aarch64-tantraos/debug/deps/librustc_std_workspace_core-9d5fe40ab18429fa.rmeta --cap-lints allow -Csymbol-mangling-version=legacy '--check-cfg=cfg(feature,values(any()))' -Zunstable-options -Zmacro-backtrace -Csplit-debuginfo=off -Cprefer-dynamic -Zinline-mir -Zinline-mir-preserve-debug -Zmir_strip_debuginfo=locals-in-tiny-functions -Clink-args=-Wl,-z,origin '-Clink-args=-Wl,-rpath,$ORIGIN/../lib' -Alinker-messages -Cembed-bitcode=yes -Clto=off -Zunstable-options -Cforce-frame-pointers=non-leaf '-Zcrate-attr=doc(html_root_url="https://doc.rust-lang.org/nightly/")' -Z binary-dep-depinfo -L native=/Users/girivs/src/rust-tantraos/build/aarch64-apple-darwin/stage1-std/aarch64-tantraos/debug/build/compiler_builtins-d931ed850ff3b322/out --cfg freebsd12 --cfg libc_thread_local --cfg libc_const_extern_fn --check-cfg 'cfg(emscripten_old_stat_abi)' --check-cfg 'cfg(espidf_time32)' --check-cfg 'cfg(freebsd10)' --check-cfg 'cfg(freebsd11)' --check-cfg 'cfg(freebsd12)' --check-cfg 'cfg(freebsd13)' --check-cfg 'cfg(freebsd14)' --check-cfg 'cfg(freebsd15)' --check-cfg 'cfg(gnu_file_offset_bits64)' --check-cfg 'cfg(gnu_time_bits64)' --check-cfg 'cfg(libc_const_extern_fn)' --check-cfg 'cfg(libc_deny_warnings)' --check-cfg 'cfg(libc_thread_local)' --check-cfg 'cfg(libc_ctest)' --check-cfg 'cfg(linux_time_bits64)' --check-cfg 'cfg(musl_v1_2_3)' --check-cfg 'cfg(target_os,values("switch","aix","ohos","hurd","rtems","visionos","nuttx","cygwin"))' --check-cfg 'cfg(target_env,values("illumos","wasi","aix","ohos","nto71_iosock","nto80"))' --check-cfg 'cfg(target_arch,values("loongarch64","mips32r6","mips64r6","csky"))'`
     Running `/Users/girivs/src/rust-tantraos/build/bootstrap/debug/rustc /Users/girivs/src/rust-tantraos/build/bootstrap/debug/rustc --crate-name memchr --edition=2021 /Users/girivs/.cargo/registry/src/index.crates.io-1949cf8c6b5b557f/memchr-2.7.5/src/lib.rs --error-format=json --json=diagnostic-rendered-ansi,artifacts,future-incompat --crate-type lib --emit=dep-info,metadata,link -C embed-bitcode=no -C codegen-units=16 -C debug-assertions=off --cfg 'feature="core"' --cfg 'feature="rustc-dep-of-std"' --check-cfg 'cfg(docsrs,test)' --check-cfg 'cfg(feature, values("alloc", "core", "default", "libc", "logging", "rustc-dep-of-std", "std", "use_std"))' -C metadata=720ee877121f5821 -C extra-filename=-7e96d2b1de0de88c --out-dir /Users/girivs/src/rust-tantraos/build/aarch64-apple-darwin/stage1-std/aarch64-tantraos/debug/deps --target aarch64-tantraos -C linker=rust-lld -L dependency=/Users/girivs/src/rust-tantraos/build/aarch64-apple-darwin/stage1-std/aarch64-tantraos/debug/deps -L dependency=/Users/girivs/src/rust-tantraos/build/aarch64-apple-darwin/stage1-std/debug/deps --extern core=/Users/girivs/src/rust-tantraos/build/aarch64-apple-darwin/stage1-std/aarch64-tantraos/debug/deps/librustc_std_workspace_core-9d5fe40ab18429fa.rmeta --cap-lints allow -Csymbol-mangling-version=legacy '--check-cfg=cfg(feature,values(any()))' -Zunstable-options -Zmacro-backtrace -Csplit-debuginfo=off -Cprefer-dynamic -Zinline-mir -Zinline-mir-preserve-debug -Zmir_strip_debuginfo=locals-in-tiny-functions -Clink-args=-Wl,-z,origin '-Clink-args=-Wl,-rpath,$ORIGIN/../lib' -Alinker-messages -Cembed-bitcode=yes -Clto=off -Zunstable-options -Cforce-frame-pointers=non-leaf '-Zcrate-attr=doc(html_root_url="https://doc.rust-lang.org/nightly/")' -Z binary-dep-depinfo -L native=/Users/girivs/src/rust-tantraos/build/aarch64-apple-darwin/stage1-std/aarch64-tantraos/debug/build/compiler_builtins-d931ed850ff3b322/out`
     Running `/Users/girivs/src/rust-tantraos/build/bootstrap/debug/rustc /Users/girivs/src/rust-tantraos/build/bootstrap/debug/rustc --crate-name adler2 --edition=2021 /Users/girivs/.cargo/registry/src/index.crates.io-1949cf8c6b5b557f/adler2-2.0.1/src/lib.rs --error-format=json --json=diagnostic-rendered-ansi,artifacts,future-incompat --crate-type lib --emit=dep-info,metadata,link -C embed-bitcode=no -C codegen-units=16 -C debug-assertions=off --cfg 'feature="core"' --cfg 'feature="rustc-dep-of-std"' --check-cfg 'cfg(docsrs,test)' --check-cfg 'cfg(feature, values("core", "default", "rustc-dep-of-std", "std"))' -C metadata=3ed755ad8644bb21 -C extra-filename=-0ab0deeec7ca570f --out-dir /Users/girivs/src/rust-tantraos/build/aarch64-apple-darwin/stage1-std/aarch64-tantraos/debug/deps --target aarch64-tantraos -C linker=rust-lld -L dependency=/Users/girivs/src/rust-tantraos/build/aarch64-apple-darwin/stage1-std/aarch64-tantraos/debug/deps -L dependency=/Users/girivs/src/rust-tantraos/build/aarch64-apple-darwin/stage1-std/debug/deps --extern core=/Users/girivs/src/rust-tantraos/build/aarch64-apple-darwin/stage1-std/aarch64-tantraos/debug/deps/librustc_std_workspace_core-9d5fe40ab18429fa.rmeta --cap-lints allow -Csymbol-mangling-version=legacy '--check-cfg=cfg(feature,values(any()))' -Zunstable-options -Zmacro-backtrace -Csplit-debuginfo=off -Cprefer-dynamic -Zinline-mir -Zinline-mir-preserve-debug -Zmir_strip_debuginfo=locals-in-tiny-functions -Clink-args=-Wl,-z,origin '-Clink-args=-Wl,-rpath,$ORIGIN/../lib' -Alinker-messages -Cembed-bitcode=yes -Clto=off -Zunstable-options -Cforce-frame-pointers=non-leaf '-Zcrate-attr=doc(html_root_url="https://doc.rust-lang.org/nightly/")' -Z binary-dep-depinfo -L native=/Users/girivs/src/rust-tantraos/build/aarch64-apple-darwin/stage1-std/aarch64-tantraos/debug/build/compiler_builtins-d931ed850ff3b322/out`
     Running `/Users/girivs/src/rust-tantraos/build/bootstrap/debug/rustc /Users/girivs/src/rust-tantraos/build/bootstrap/debug/rustc --crate-name cfg_if --edition=2018 /Users/girivs/.cargo/registry/src/index.crates.io-1949cf8c6b5b557f/cfg-if-1.0.1/src/lib.rs --error-format=json --json=diagnostic-rendered-ansi,artifacts,future-incompat --crate-type lib --emit=dep-info,metadata,link -C embed-bitcode=no -C codegen-units=16 -C debug-assertions=off --cfg 'feature="core"' --cfg 'feature="rustc-dep-of-std"' --check-cfg 'cfg(docsrs,test)' --check-cfg 'cfg(feature, values("core", "rustc-dep-of-std"))' -C metadata=627378c0311a7c81 -C extra-filename=-784a8e5f691e46f6 --out-dir /Users/girivs/src/rust-tantraos/build/aarch64-apple-darwin/stage1-std/aarch64-tantraos/debug/deps --target aarch64-tantraos -C linker=rust-lld -L dependency=/Users/girivs/src/rust-tantraos/build/aarch64-apple-darwin/stage1-std/aarch64-tantraos/debug/deps -L dependency=/Users/girivs/src/rust-tantraos/build/aarch64-apple-darwin/stage1-std/debug/deps --extern core=/Users/girivs/src/rust-tantraos/build/aarch64-apple-darwin/stage1-std/aarch64-tantraos/debug/deps/librustc_std_workspace_core-9d5fe40ab18429fa.rmeta --cap-lints allow -Csymbol-mangling-version=legacy '--check-cfg=cfg(feature,values(any()))' -Zunstable-options -Zmacro-backtrace -Csplit-debuginfo=off -Cprefer-dynamic -Zinline-mir -Zinline-mir-preserve-debug -Zmir_strip_debuginfo=locals-in-tiny-functions -Clink-args=-Wl,-z,origin '-Clink-args=-Wl,-rpath,$ORIGIN/../lib' -Alinker-messages -Cembed-bitcode=yes -Clto=off -Zunstable-options -Cforce-frame-pointers=non-leaf '-Zcrate-attr=doc(html_root_url="https://doc.rust-lang.org/nightly/")' -Z binary-dep-depinfo -L native=/Users/girivs/src/rust-tantraos/build/aarch64-apple-darwin/stage1-std/aarch64-tantraos/debug/build/compiler_builtins-d931ed850ff3b322/out`
     Running `/Users/girivs/src/rust-tantraos/build/bootstrap/debug/rustc /Users/girivs/src/rust-tantraos/build/bootstrap/debug/rustc --crate-name panic_abort --edition=2024 library/panic_abort/src/lib.rs --error-format=json --json=diagnostic-rendered-ansi,artifacts,future-incompat --crate-type lib --emit=dep-info,metadata,link -C embed-bitcode=no -C codegen-units=16 -Cpanic=abort -C debug-assertions=off --check-cfg 'cfg(docsrs,test)' --check-cfg 'cfg(feature, values())' -C metadata=a4858c37665560ce -C extra-filename=-c072dd8ddcfb0bca --out-dir /Users/girivs/src/rust-tantraos/build/aarch64-apple-darwin/stage1-std/aarch64-tantraos/debug/deps --target aarch64-tantraos -C linker=rust-lld -C strip=debuginfo -L dependency=/Users/girivs/src/rust-tantraos/build/aarch64-apple-darwin/stage1-std/aarch64-tantraos/debug/deps -L dependency=/Users/girivs/src/rust-tantraos/build/aarch64-apple-darwin/stage1-std/debug/deps --extern core=/Users/girivs/src/rust-tantraos/build/aarch64-apple-darwin/stage1-std/aarch64-tantraos/debug/deps/librustc_std_workspace_core-9d5fe40ab18429fa.rmeta -Csymbol-mangling-version=legacy '--check-cfg=cfg(feature,values(any()))' -Zunstable-options -Zmacro-backtrace -Csplit-debuginfo=off -Cprefer-dynamic -Zinline-mir -Zinline-mir-preserve-debug -Zmir_strip_debuginfo=locals-in-tiny-functions -Clink-args=-Wl,-z,origin '-Clink-args=-Wl,-rpath,$ORIGIN/../lib' -Alinker-messages -Cembed-bitcode=yes -Clto=off -Zunstable-options -Cforce-frame-pointers=non-leaf '-Zcrate-attr=doc(html_root_url="https://doc.rust-lang.org/nightly/")' -Z binary-dep-depinfo -L native=/Users/girivs/src/rust-tantraos/build/aarch64-apple-darwin/stage1-std/aarch64-tantraos/debug/build/compiler_builtins-d931ed850ff3b322/out`
     Running `/Users/girivs/src/rust-tantraos/build/bootstrap/debug/rustc /Users/girivs/src/rust-tantraos/build/bootstrap/debug/rustc --crate-name rustc_demangle --edition=2015 /Users/girivs/.cargo/registry/src/index.crates.io-1949cf8c6b5b557f/rustc-demangle-0.1.26/src/lib.rs --error-format=json --json=diagnostic-rendered-ansi,artifacts,future-incompat --crate-type lib --emit=dep-info,metadata,link -C embed-bitcode=no -C codegen-units=16 -C debug-assertions=off --cfg 'feature="core"' --cfg 'feature="rustc-dep-of-std"' --check-cfg 'cfg(docsrs,test)' --check-cfg 'cfg(feature, values("compiler_builtins", "core", "rustc-dep-of-std", "std"))' -C metadata=e6fe8f9e2a6148c7 -C extra-filename=-3a44432d4fbc1700 --out-dir /Users/girivs/src/rust-tantraos/build/aarch64-apple-darwin/stage1-std/aarch64-tantraos/debug/deps --target aarch64-tantraos -C linker=rust-lld -L dependency=/Users/girivs/src/rust-tantraos/build/aarch64-apple-darwin/stage1-std/aarch64-tantraos/debug/deps -L dependency=/Users/girivs/src/rust-tantraos/build/aarch64-apple-darwin/stage1-std/debug/deps --extern core=/Users/girivs/src/rust-tantraos/build/aarch64-apple-darwin/stage1-std/aarch64-tantraos/debug/deps/librustc_std_workspace_core-9d5fe40ab18429fa.rmeta --cap-lints allow -Csymbol-mangling-version=legacy '--check-cfg=cfg(feature,values(any()))' -Zunstable-options -Zmacro-backtrace -Csplit-debuginfo=off -Cprefer-dynamic -Zinline-mir -Zinline-mir-preserve-debug -Zmir_strip_debuginfo=locals-in-tiny-functions -Clink-args=-Wl,-z,origin '-Clink-args=-Wl,-rpath,$ORIGIN/../lib' -Alinker-messages -Cembed-bitcode=yes -Clto=off -Zunstable-options -Cforce-frame-pointers=non-leaf '-Zcrate-attr=doc(html_root_url="https://doc.rust-lang.org/nightly/")' -Z binary-dep-depinfo -L native=/Users/girivs/src/rust-tantraos/build/aarch64-apple-darwin/stage1-std/aarch64-tantraos/debug/build/compiler_builtins-d931ed850ff3b322/out`
   Compiling unwind v0.0.0 (/Users/girivs/src/rust-tantraos/library/unwind)
     Running `/Users/girivs/src/rust-tantraos/build/bootstrap/debug/rustc /Users/girivs/src/rust-tantraos/build/bootstrap/debug/rustc --crate-name unwind --edition=2024 library/unwind/src/lib.rs --error-format=json --json=diagnostic-rendered-ansi,artifacts,future-incompat --crate-type lib --emit=dep-info,metadata,link -C embed-bitcode=no -C codegen-units=16 --warn=unexpected_cfgs --check-cfg 'cfg(emscripten_wasm_eh)' --check-cfg 'cfg(target_arch, values("loongarch32"))' -C debug-assertions=off --check-cfg 'cfg(docsrs,test)' --check-cfg 'cfg(feature, values("llvm-libunwind", "system-llvm-libunwind"))' -C metadata=56c45621158a099b -C extra-filename=-d7e29ab6eb738d82 --out-dir /Users/girivs/src/rust-tantraos/build/aarch64-apple-darwin/stage1-std/aarch64-tantraos/debug/deps --target aarch64-tantraos -C linker=rust-lld -L dependency=/Users/girivs/src/rust-tantraos/build/aarch64-apple-darwin/stage1-std/aarch64-tantraos/debug/deps -L dependency=/Users/girivs/src/rust-tantraos/build/aarch64-apple-darwin/stage1-std/debug/deps --extern libc=/Users/girivs/src/rust-tantraos/build/aarch64-apple-darwin/stage1-std/aarch64-tantraos/debug/deps/liblibc-1222b4726416f144.rmeta --extern core=/Users/girivs/src/rust-tantraos/build/aarch64-apple-darwin/stage1-std/aarch64-tantraos/debug/deps/librustc_std_workspace_core-9d5fe40ab18429fa.rmeta -Csymbol-mangling-version=legacy '--check-cfg=cfg(feature,values(any()))' -Zunstable-options -Zmacro-backtrace -Csplit-debuginfo=off -Cprefer-dynamic -Zinline-mir -Zinline-mir-preserve-debug -Zmir_strip_debuginfo=locals-in-tiny-functions -Clink-args=-Wl,-z,origin '-Clink-args=-Wl,-rpath,$ORIGIN/../lib' -Alinker-messages -Cembed-bitcode=yes -Clto=off -Zunstable-options -Cforce-frame-pointers=non-leaf '-Zcrate-attr=doc(html_root_url="https://doc.rust-lang.org/nightly/")' -Z binary-dep-depinfo -L native=/Users/girivs/src/rust-tantraos/build/aarch64-apple-darwin/stage1-std/aarch64-tantraos/debug/build/compiler_builtins-d931ed850ff3b322/out`
   Compiling rustc-std-workspace-alloc v1.99.0 (/Users/girivs/src/rust-tantraos/library/rustc-std-workspace-alloc)
   Compiling panic_unwind v0.0.0 (/Users/girivs/src/rust-tantraos/library/panic_unwind)
     Running `/Users/girivs/src/rust-tantraos/build/bootstrap/debug/rustc /Users/girivs/src/rust-tantraos/build/bootstrap/debug/rustc --crate-name rustc_std_workspace_alloc --edition=2024 library/rustc-std-workspace-alloc/lib.rs --error-format=json --json=diagnostic-rendered-ansi,artifacts,future-incompat --crate-type lib --emit=dep-info,metadata,link -C embed-bitcode=no -C codegen-units=16 -C debug-assertions=off --check-cfg 'cfg(docsrs,test)' --check-cfg 'cfg(feature, values())' -C metadata=f325101387e128e7 -C extra-filename=-aa1d672ecf267ec8 --out-dir /Users/girivs/src/rust-tantraos/build/aarch64-apple-darwin/stage1-std/aarch64-tantraos/debug/deps --target aarch64-tantraos -C linker=rust-lld -L dependency=/Users/girivs/src/rust-tantraos/build/aarch64-apple-darwin/stage1-std/aarch64-tantraos/debug/deps -L dependency=/Users/girivs/src/rust-tantraos/build/aarch64-apple-darwin/stage1-std/debug/deps --extern alloc=/Users/girivs/src/rust-tantraos/build/aarch64-apple-darwin/stage1-std/aarch64-tantraos/debug/deps/liballoc-8fb762d18e16146c.rmeta -Csymbol-mangling-version=legacy '--check-cfg=cfg(feature,values(any()))' -Zunstable-options -Zmacro-backtrace -Csplit-debuginfo=off -Cprefer-dynamic -Zinline-mir -Zinline-mir-preserve-debug -Zmir_strip_debuginfo=locals-in-tiny-functions -Clink-args=-Wl,-z,origin '-Clink-args=-Wl,-rpath,$ORIGIN/../lib' -Alinker-messages -Cembed-bitcode=yes -Clto=off -Zunstable-options -Cforce-frame-pointers=non-leaf '-Zcrate-attr=doc(html_root_url="https://doc.rust-lang.org/nightly/")' -Z binary-dep-depinfo -L native=/Users/girivs/src/rust-tantraos/build/aarch64-apple-darwin/stage1-std/aarch64-tantraos/debug/build/compiler_builtins-d931ed850ff3b322/out`
     Running `/Users/girivs/src/rust-tantraos/build/bootstrap/debug/rustc /Users/girivs/src/rust-tantraos/build/bootstrap/debug/rustc --crate-name panic_unwind --edition=2024 library/panic_unwind/src/lib.rs --error-format=json --json=diagnostic-rendered-ansi,artifacts,future-incompat --crate-type lib --emit=dep-info,metadata,link -C embed-bitcode=no -C codegen-units=16 --warn=unexpected_cfgs --check-cfg 'cfg(emscripten_wasm_eh)' -C debug-assertions=off --check-cfg 'cfg(docsrs,test)' --check-cfg 'cfg(feature, values())' -C metadata=1db143a80da61328 -C extra-filename=-5c09c4aaa7816b40 --out-dir /Users/girivs/src/rust-tantraos/build/aarch64-apple-darwin/stage1-std/aarch64-tantraos/debug/deps --target aarch64-tantraos -C linker=rust-lld -L dependency=/Users/girivs/src/rust-tantraos/build/aarch64-apple-darwin/stage1-std/aarch64-tantraos/debug/deps -L dependency=/Users/girivs/src/rust-tantraos/build/aarch64-apple-darwin/stage1-std/debug/deps --extern alloc=/Users/girivs/src/rust-tantraos/build/aarch64-apple-darwin/stage1-std/aarch64-tantraos/debug/deps/liballoc-8fb762d18e16146c.rmeta --extern libc=/Users/girivs/src/rust-tantraos/build/aarch64-apple-darwin/stage1-std/aarch64-tantraos/debug/deps/liblibc-1222b4726416f144.rmeta --extern core=/Users/girivs/src/rust-tantraos/build/aarch64-apple-darwin/stage1-std/aarch64-tantraos/debug/deps/librustc_std_workspace_core-9d5fe40ab18429fa.rmeta --extern unwind=/Users/girivs/src/rust-tantraos/build/aarch64-apple-darwin/stage1-std/aarch64-tantraos/debug/deps/libunwind-d7e29ab6eb738d82.rmeta -Csymbol-mangling-version=legacy '--check-cfg=cfg(feature,values(any()))' -Zunstable-options -Zmacro-backtrace -Csplit-debuginfo=off -Cprefer-dynamic -Zinline-mir -Zinline-mir-preserve-debug -Zmir_strip_debuginfo=locals-in-tiny-functions -Clink-args=-Wl,-z,origin '-Clink-args=-Wl,-rpath,$ORIGIN/../lib' -Alinker-messages -Cembed-bitcode=yes -Clto=off -Zunstable-options -Cforce-frame-pointers=non-leaf '-Zcrate-attr=doc(html_root_url="https://doc.rust-lang.org/nightly/")' -Z binary-dep-depinfo -L native=/Users/girivs/src/rust-tantraos/build/aarch64-apple-darwin/stage1-std/aarch64-tantraos/debug/build/compiler_builtins-d931ed850ff3b322/out`
   Compiling gimli v0.32.0
   Compiling miniz_oxide v0.8.9
   Compiling hashbrown v0.15.5
   Compiling std_detect v0.1.5 (/Users/girivs/src/rust-tantraos/library/std_detect)
     Running `/Users/girivs/src/rust-tantraos/build/bootstrap/debug/rustc /Users/girivs/src/rust-tantraos/build/bootstrap/debug/rustc --crate-name gimli --edition=2018 /Users/girivs/.cargo/registry/src/index.crates.io-1949cf8c6b5b557f/gimli-0.32.0/src/lib.rs --error-format=json --json=diagnostic-rendered-ansi,artifacts,future-incompat --crate-type lib --emit=dep-info,metadata,link -C embed-bitcode=no -C codegen-units=16 -C debug-assertions=off --cfg 'feature="read"' --cfg 'feature="read-core"' --cfg 'feature="rustc-dep-of-std"' --check-cfg 'cfg(docsrs,test)' --check-cfg 'cfg(feature, values("default", "endian-reader", "fallible-iterator", "read", "read-all", "read-core", "rustc-dep-of-std", "std", "write"))' -C metadata=77f124e534911916 -C extra-filename=-5a268729eb9f3884 --out-dir /Users/girivs/src/rust-tantraos/build/aarch64-apple-darwin/stage1-std/aarch64-tantraos/debug/deps --target aarch64-tantraos -C linker=rust-lld -L dependency=/Users/girivs/src/rust-tantraos/build/aarch64-apple-darwin/stage1-std/aarch64-tantraos/debug/deps -L dependency=/Users/girivs/src/rust-tantraos/build/aarch64-apple-darwin/stage1-std/debug/deps --extern alloc=/Users/girivs/src/rust-tantraos/build/aarch64-apple-darwin/stage1-std/aarch64-tantraos/debug/deps/librustc_std_workspace_alloc-aa1d672ecf267ec8.rmeta --extern core=/Users/girivs/src/rust-tantraos/build/aarch64-apple-darwin/stage1-std/aarch64-tantraos/debug/deps/librustc_std_workspace_core-9d5fe40ab18429fa.rmeta --cap-lints allow -Csymbol-mangling-version=legacy '--check-cfg=cfg(feature,values(any()))' -Zunstable-options -Zmacro-backtrace -Csplit-debuginfo=off -Cprefer-dynamic -Zinline-mir -Zinline-mir-preserve-debug -Zmir_strip_debuginfo=locals-in-tiny-functions -Clink-args=-Wl,-z,origin '-Clink-args=-Wl,-rpath,$ORIGIN/../lib' -Alinker-messages -Cembed-bitcode=yes -Clto=off -Zunstable-options -Cforce-frame-pointers=non-leaf '-Zcrate-attr=doc(html_root_url="https://doc.rust-lang.org/nightly/")' -Z binary-dep-depinfo -L native=/Users/girivs/src/rust-tantraos/build/aarch64-apple-darwin/stage1-std/aarch64-tantraos/debug/build/compiler_builtins-d931ed850ff3b322/out`
     Running `/Users/girivs/src/rust-tantraos/build/bootstrap/debug/rustc /Users/girivs/src/rust-tantraos/build/bootstrap/debug/rustc --crate-name object --edition=2018 /Users/girivs/.cargo/registry/src/index.crates.io-1949cf8c6b5b557f/object-0.37.3/src/lib.rs --error-format=json --json=diagnostic-rendered-ansi,artifacts,future-incompat --crate-type lib --emit=dep-info,metadata,link -C embed-bitcode=no -C codegen-units=16 '--allow=clippy::uninlined_format_args' '--allow=clippy::type_complexity' '--allow=clippy::single_match' '--allow=clippy::should_implement_trait' '--allow=clippy::result_unit_err' '--allow=clippy::needless_lifetimes' '--allow=clippy::match_like_matches_macro' '--allow=clippy::manual_flatten' '--allow=clippy::field_reassign_with_default' '--allow=clippy::comparison_chain' '--allow=clippy::collapsible_match' '--allow=clippy::collapsible_if' '--allow=clippy::collapsible_else_if' -C debug-assertions=off --cfg 'feature="alloc"' --cfg 'feature="archive"' --cfg 'feature="coff"' --cfg 'feature="core"' --cfg 'feature="elf"' --cfg 'feature="macho"' --cfg 'feature="pe"' --cfg 'feature="read_core"' --cfg 'feature="rustc-dep-of-std"' --cfg 'feature="unaligned"' --cfg 'feature="xcoff"' --check-cfg 'cfg(docsrs,test)' --check-cfg 'cfg(feature, values("all", "alloc", "archive", "build", "build_core", "cargo-all", "coff", "compression", "core", "default", "doc", "elf", "macho", "pe", "read", "read_core", "rustc-dep-of-std", "std", "unaligned", "unstable", "unstable-all", "wasm", "write", "write_core", "write_std", "xcoff"))' -C metadata=5624ed7628d63d9e -C extra-filename=-0b3eeedbdfb703b2 --out-dir /Users/girivs/src/rust-tantraos/build/aarch64-apple-darwin/stage1-std/aarch64-tantraos/debug/deps --target aarch64-tantraos -C linker=rust-lld -L dependency=/Users/girivs/src/rust-tantraos/build/aarch64-apple-darwin/stage1-std/aarch64-tantraos/debug/deps -L dependency=/Users/girivs/src/rust-tantraos/build/aarch64-apple-darwin/stage1-std/debug/deps --extern memchr=/Users/girivs/src/rust-tantraos/build/aarch64-apple-darwin/stage1-std/aarch64-tantraos/debug/deps/libmemchr-7e96d2b1de0de88c.rmeta --extern alloc=/Users/girivs/src/rust-tantraos/build/aarch64-apple-darwin/stage1-std/aarch64-tantraos/debug/deps/librustc_std_workspace_alloc-aa1d672ecf267ec8.rmeta --extern core=/Users/girivs/src/rust-tantraos/build/aarch64-apple-darwin/stage1-std/aarch64-tantraos/debug/deps/librustc_std_workspace_core-9d5fe40ab18429fa.rmeta --cap-lints allow -Csymbol-mangling-version=legacy '--check-cfg=cfg(feature,values(any()))' -Zunstable-options -Zmacro-backtrace -Csplit-debuginfo=off -Cprefer-dynamic -Zinline-mir -Zinline-mir-preserve-debug -Zmir_strip_debuginfo=locals-in-tiny-functions -Clink-args=-Wl,-z,origin '-Clink-args=-Wl,-rpath,$ORIGIN/../lib' -Alinker-messages -Cembed-bitcode=yes -Clto=off -Zunstable-options -Cforce-frame-pointers=non-leaf '-Zcrate-attr=doc(html_root_url="https://doc.rust-lang.org/nightly/")' -Z binary-dep-depinfo -L native=/Users/girivs/src/rust-tantraos/build/aarch64-apple-darwin/stage1-std/aarch64-tantraos/debug/build/compiler_builtins-d931ed850ff3b322/out --cfg core_error --check-cfg 'cfg(core_error)'`
     Running `/Users/girivs/src/rust-tantraos/build/bootstrap/debug/rustc /Users/girivs/src/rust-tantraos/build/bootstrap/debug/rustc --crate-name std_detect --edition=2024 library/std_detect/src/lib.rs --error-format=json --json=diagnostic-rendered-ansi,artifacts,future-incompat --crate-type lib --emit=dep-info,metadata,link -C embed-bitcode=no -C codegen-units=16 -C debug-assertions=off --cfg 'feature="default"' --cfg 'feature="libc"' --cfg 'feature="std_detect_dlsym_getauxval"' --cfg 'feature="std_detect_file_io"' --check-cfg 'cfg(docsrs,test)' --check-cfg 'cfg(feature, values("default", "libc", "std_detect_dlsym_getauxval", "std_detect_env_override", "std_detect_file_io"))' -C metadata=0604f766f37bf116 -C extra-filename=-a89b208fc07751e7 --out-dir /Users/girivs/src/rust-tantraos/build/aarch64-apple-darwin/stage1-std/aarch64-tantraos/debug/deps --target aarch64-tantraos -C linker=rust-lld -L dependency=/Users/girivs/src/rust-tantraos/build/aarch64-apple-darwin/stage1-std/aarch64-tantraos/debug/deps -L dependency=/Users/girivs/src/rust-tantraos/build/aarch64-apple-darwin/stage1-std/debug/deps --extern libc=/Users/girivs/src/rust-tantraos/build/aarch64-apple-darwin/stage1-std/aarch64-tantraos/debug/deps/liblibc-1222b4726416f144.rmeta --extern alloc=/Users/girivs/src/rust-tantraos/build/aarch64-apple-darwin/stage1-std/aarch64-tantraos/debug/deps/librustc_std_workspace_alloc-aa1d672ecf267ec8.rmeta --extern core=/Users/girivs/src/rust-tantraos/build/aarch64-apple-darwin/stage1-std/aarch64-tantraos/debug/deps/librustc_std_workspace_core-9d5fe40ab18429fa.rmeta -Csymbol-mangling-version=legacy '--check-cfg=cfg(feature,values(any()))' -Zunstable-options -Zmacro-backtrace -Csplit-debuginfo=off -Cprefer-dynamic -Zinline-mir -Zinline-mir-preserve-debug -Zmir_strip_debuginfo=locals-in-tiny-functions -Clink-args=-Wl,-z,origin '-Clink-args=-Wl,-rpath,$ORIGIN/../lib' -Alinker-messages -Cembed-bitcode=yes -Clto=off -Zunstable-options -Cforce-frame-pointers=non-leaf '-Zcrate-attr=doc(html_root_url="https://doc.rust-lang.org/nightly/")' -Z binary-dep-depinfo -L native=/Users/girivs/src/rust-tantraos/build/aarch64-apple-darwin/stage1-std/aarch64-tantraos/debug/build/compiler_builtins-d931ed850ff3b322/out`
     Running `/Users/girivs/src/rust-tantraos/build/bootstrap/debug/rustc /Users/girivs/src/rust-tantraos/build/bootstrap/debug/rustc --crate-name hashbrown --edition=2021 /Users/girivs/.cargo/registry/src/index.crates.io-1949cf8c6b5b557f/hashbrown-0.15.5/src/lib.rs --error-format=json --json=diagnostic-rendered-ansi,artifacts,future-incompat --crate-type lib --emit=dep-info,metadata,link -C embed-bitcode=no -C codegen-units=16 -C debug-assertions=off --cfg 'feature="alloc"' --cfg 'feature="core"' --cfg 'feature="nightly"' --cfg 'feature="rustc-dep-of-std"' --cfg 'feature="rustc-internal-api"' --check-cfg 'cfg(docsrs,test)' --check-cfg 'cfg(feature, values("alloc", "allocator-api2", "core", "default", "default-hasher", "equivalent", "inline-more", "nightly", "raw-entry", "rayon", "rustc-dep-of-std", "rustc-internal-api", "serde"))' -C metadata=b06c90232932769d -C extra-filename=-5e9b3aafb8de9793 --out-dir /Users/girivs/src/rust-tantraos/build/aarch64-apple-darwin/stage1-std/aarch64-tantraos/debug/deps --target aarch64-tantraos -C linker=rust-lld -L dependency=/Users/girivs/src/rust-tantraos/build/aarch64-apple-darwin/stage1-std/aarch64-tantraos/debug/deps -L dependency=/Users/girivs/src/rust-tantraos/build/aarch64-apple-darwin/stage1-std/debug/deps --extern alloc=/Users/girivs/src/rust-tantraos/build/aarch64-apple-darwin/stage1-std/aarch64-tantraos/debug/deps/librustc_std_workspace_alloc-aa1d672ecf267ec8.rmeta --extern core=/Users/girivs/src/rust-tantraos/build/aarch64-apple-darwin/stage1-std/aarch64-tantraos/debug/deps/librustc_std_workspace_core-9d5fe40ab18429fa.rmeta --cap-lints allow -Csymbol-mangling-version=legacy '--check-cfg=cfg(feature,values(any()))' -Zunstable-options -Zmacro-backtrace -Csplit-debuginfo=off -Cprefer-dynamic -Zinline-mir -Zinline-mir-preserve-debug -Zmir_strip_debuginfo=locals-in-tiny-functions -Clink-args=-Wl,-z,origin '-Clink-args=-Wl,-rpath,$ORIGIN/../lib' -Alinker-messages -Cembed-bitcode=yes -Clto=off -Zunstable-options -Cforce-frame-pointers=non-leaf '-Zcrate-attr=doc(html_root_url="https://doc.rust-lang.org/nightly/")' -Z binary-dep-depinfo -L native=/Users/girivs/src/rust-tantraos/build/aarch64-apple-darwin/stage1-std/aarch64-tantraos/debug/build/compiler_builtins-d931ed850ff3b322/out`
     Running `/Users/girivs/src/rust-tantraos/build/bootstrap/debug/rustc /Users/girivs/src/rust-tantraos/build/bootstrap/debug/rustc --crate-name miniz_oxide --edition=2021 /Users/girivs/.cargo/registry/src/index.crates.io-1949cf8c6b5b557f/miniz_oxide-0.8.9/src/lib.rs --error-format=json --json=diagnostic-rendered-ansi,artifacts,future-incompat --crate-type lib --emit=dep-info,metadata,link -C embed-bitcode=no -C codegen-units=16 --warn=unexpected_cfgs --check-cfg 'cfg(fuzzing)' -C debug-assertions=off --cfg 'feature="alloc"' --cfg 'feature="core"' --cfg 'feature="rustc-dep-of-std"' --check-cfg 'cfg(docsrs,test)' --check-cfg 'cfg(feature, values("alloc", "block-boundary", "core", "default", "rustc-dep-of-std", "serde", "simd", "simd-adler32", "std", "with-alloc"))' -C metadata=4b014971044c9c2c -C extra-filename=-cab8d4bb0752dd80 --out-dir /Users/girivs/src/rust-tantraos/build/aarch64-apple-darwin/stage1-std/aarch64-tantraos/debug/deps --target aarch64-tantraos -C linker=rust-lld -L dependency=/Users/girivs/src/rust-tantraos/build/aarch64-apple-darwin/stage1-std/aarch64-tantraos/debug/deps -L dependency=/Users/girivs/src/rust-tantraos/build/aarch64-apple-darwin/stage1-std/debug/deps --extern adler2=/Users/girivs/src/rust-tantraos/build/aarch64-apple-darwin/stage1-std/aarch64-tantraos/debug/deps/libadler2-0ab0deeec7ca570f.rmeta --extern alloc=/Users/girivs/src/rust-tantraos/build/aarch64-apple-darwin/stage1-std/aarch64-tantraos/debug/deps/librustc_std_workspace_alloc-aa1d672ecf267ec8.rmeta --extern core=/Users/girivs/src/rust-tantraos/build/aarch64-apple-darwin/stage1-std/aarch64-tantraos/debug/deps/librustc_std_workspace_core-9d5fe40ab18429fa.rmeta --cap-lints allow -Csymbol-mangling-version=legacy '--check-cfg=cfg(feature,values(any()))' -Zunstable-options -Zmacro-backtrace -Csplit-debuginfo=off -Cprefer-dynamic -Zinline-mir -Zinline-mir-preserve-debug -Zmir_strip_debuginfo=locals-in-tiny-functions -Clink-args=-Wl,-z,origin '-Clink-args=-Wl,-rpath,$ORIGIN/../lib' -Alinker-messages -Cembed-bitcode=yes -Clto=off -Zunstable-options -Cforce-frame-pointers=non-leaf '-Zcrate-attr=doc(html_root_url="https://doc.rust-lang.org/nightly/")' -Z binary-dep-depinfo -L native=/Users/girivs/src/rust-tantraos/build/aarch64-apple-darwin/stage1-std/aarch64-tantraos/debug/build/compiler_builtins-d931ed850ff3b322/out`
   Compiling addr2line v0.25.0
     Running `/Users/girivs/src/rust-tantraos/build/bootstrap/debug/rustc /Users/girivs/src/rust-tantraos/build/bootstrap/debug/rustc --crate-name addr2line --edition=2018 /Users/girivs/.cargo/registry/src/index.crates.io-1949cf8c6b5b557f/addr2line-0.25.0/src/lib.rs --error-format=json --json=diagnostic-rendered-ansi,artifacts,future-incompat --crate-type lib --emit=dep-info,metadata,link -C embed-bitcode=no -C codegen-units=16 -C debug-assertions=off --cfg 'feature="alloc"' --cfg 'feature="core"' --cfg 'feature="rustc-dep-of-std"' --check-cfg 'cfg(docsrs,test)' --check-cfg 'cfg(feature, values("all", "alloc", "bin", "cargo-all", "core", "cpp_demangle", "default", "fallible-iterator", "loader", "rustc-demangle", "rustc-dep-of-std", "smallvec", "std", "wasm"))' -C metadata=f37e37ca69576aef -C extra-filename=-bbf4fedd132a9d5e --out-dir /Users/girivs/src/rust-tantraos/build/aarch64-apple-darwin/stage1-std/aarch64-tantraos/debug/deps --target aarch64-tantraos -C linker=rust-lld -L dependency=/Users/girivs/src/rust-tantraos/build/aarch64-apple-darwin/stage1-std/aarch64-tantraos/debug/deps -L dependency=/Users/girivs/src/rust-tantraos/build/aarch64-apple-darwin/stage1-std/debug/deps --extern gimli=/Users/girivs/src/rust-tantraos/build/aarch64-apple-darwin/stage1-std/aarch64-tantraos/debug/deps/libgimli-5a268729eb9f3884.rmeta --extern alloc=/Users/girivs/src/rust-tantraos/build/aarch64-apple-darwin/stage1-std/aarch64-tantraos/debug/deps/librustc_std_workspace_alloc-aa1d672ecf267ec8.rmeta --extern core=/Users/girivs/src/rust-tantraos/build/aarch64-apple-darwin/stage1-std/aarch64-tantraos/debug/deps/librustc_std_workspace_core-9d5fe40ab18429fa.rmeta --cap-lints allow -Csymbol-mangling-version=legacy '--check-cfg=cfg(feature,values(any()))' -Zunstable-options -Zmacro-backtrace -Csplit-debuginfo=off -Cprefer-dynamic -Zinline-mir -Zinline-mir-preserve-debug -Zmir_strip_debuginfo=locals-in-tiny-functions -Clink-args=-Wl,-z,origin '-Clink-args=-Wl,-rpath,$ORIGIN/../lib' -Alinker-messages -Cembed-bitcode=yes -Clto=off -Zunstable-options -Cforce-frame-pointers=non-leaf '-Zcrate-attr=doc(html_root_url="https://doc.rust-lang.org/nightly/")' -Z binary-dep-depinfo -L native=/Users/girivs/src/rust-tantraos/build/aarch64-apple-darwin/stage1-std/aarch64-tantraos/debug/build/compiler_builtins-d931ed850ff3b322/out`
     Running `/Users/girivs/src/rust-tantraos/build/bootstrap/debug/rustc /Users/girivs/src/rust-tantraos/build/bootstrap/debug/rustc --crate-name std --edition=2024 library/std/src/lib.rs --error-format=json --json=diagnostic-rendered-ansi,artifacts,future-incompat --crate-type dylib --crate-type rlib --emit=dep-info,link -C embed-bitcode=no -C codegen-units=16 --warn=unexpected_cfgs --check-cfg 'cfg(feature, values(any()))' --check-cfg 'cfg(target_has_reliable_f16)' --check-cfg 'cfg(target_has_reliable_f16_math)' --check-cfg 'cfg(target_has_reliable_f128)' --check-cfg 'cfg(target_has_reliable_f128_math)' -C debug-assertions=off --cfg 'feature="addr2line"' --cfg 'feature="backtrace"' --cfg 'feature="compiler-builtins-c"' --cfg 'feature="miniz_oxide"' --cfg 'feature="object"' --cfg 'feature="panic-unwind"' --cfg 'feature="std_detect_dlsym_getauxval"' --cfg 'feature="std_detect_file_io"' --check-cfg 'cfg(docsrs,test)' --check-cfg 'cfg(feature, values("addr2line", "backtrace", "backtrace-trace-only", "compiler-builtins-c", "compiler-builtins-mem", "compiler-builtins-no-f16-f128", "debug_refcell", "llvm-libunwind", "miniz_oxide", "object", "optimize_for_size", "panic-unwind", "panic_immediate_abort", "std_detect_dlsym_getauxval", "std_detect_file_io", "system-llvm-libunwind", "windows_raw_dylib"))' -C metadata=f83f4be9b4957bc1 -C extra-filename=-5626981e099ee37b --out-dir /Users/girivs/src/rust-tantraos/build/aarch64-apple-darwin/stage1-std/aarch64-tantraos/debug/deps --target aarch64-tantraos -C linker=rust-lld -L dependency=/Users/girivs/src/rust-tantraos/build/aarch64-apple-darwin/stage1-std/aarch64-tantraos/debug/deps -L dependency=/Users/girivs/src/rust-tantraos/build/aarch64-apple-darwin/stage1-std/debug/deps --extern 'priv:addr2line=/Users/girivs/src/rust-tantraos/build/aarch64-apple-darwin/stage1-std/aarch64-tantraos/debug/deps/libaddr2line-bbf4fedd132a9d5e.rlib' --extern alloc=/Users/girivs/src/rust-tantraos/build/aarch64-apple-darwin/stage1-std/aarch64-tantraos/debug/deps/liballoc-8fb762d18e16146c.rlib --extern 'priv:cfg_if=/Users/girivs/src/rust-tantraos/build/aarch64-apple-darwin/stage1-std/aarch64-tantraos/debug/deps/libcfg_if-784a8e5f691e46f6.rlib' --extern core=/Users/girivs/src/rust-tantraos/build/aarch64-apple-darwin/stage1-std/aarch64-tantraos/debug/deps/libcore-c79bf7c8d33923f7.rlib --extern 'priv:hashbrown=/Users/girivs/src/rust-tantraos/build/aarch64-apple-darwin/stage1-std/aarch64-tantraos/debug/deps/libhashbrown-5e9b3aafb8de9793.rlib' --extern libc=/Users/girivs/src/rust-tantraos/build/aarch64-apple-darwin/stage1-std/aarch64-tantraos/debug/deps/liblibc-1222b4726416f144.rlib --extern 'priv:miniz_oxide=/Users/girivs/src/rust-tantraos/build/aarch64-apple-darwin/stage1-std/aarch64-tantraos/debug/deps/libminiz_oxide-cab8d4bb0752dd80.rlib' --extern 'priv:object=/Users/girivs/src/rust-tantraos/build/aarch64-apple-darwin/stage1-std/aarch64-tantraos/debug/deps/libobject-0b3eeedbdfb703b2.rlib' --extern 'priv:panic_abort=/Users/girivs/src/rust-tantraos/build/aarch64-apple-darwin/stage1-std/aarch64-tantraos/debug/deps/libpanic_abort-c072dd8ddcfb0bca.rlib' --extern 'priv:panic_unwind=/Users/girivs/src/rust-tantraos/build/aarch64-apple-darwin/stage1-std/aarch64-tantraos/debug/deps/libpanic_unwind-5c09c4aaa7816b40.rlib' --extern 'priv:rustc_demangle=/Users/girivs/src/rust-tantraos/build/aarch64-apple-darwin/stage1-std/aarch64-tantraos/debug/deps/librustc_demangle-3a44432d4fbc1700.rlib' --extern std_detect=/Users/girivs/src/rust-tantraos/build/aarch64-apple-darwin/stage1-std/aarch64-tantraos/debug/deps/libstd_detect-a89b208fc07751e7.rlib --extern 'priv:unwind=/Users/girivs/src/rust-tantraos/build/aarch64-apple-darwin/stage1-std/aarch64-tantraos/debug/deps/libunwind-d7e29ab6eb738d82.rlib' -Z unstable-options -Csymbol-mangling-version=legacy '--check-cfg=cfg(feature,values(any()))' -Zunstable-options -Zmacro-backtrace -Csplit-debuginfo=off -Cprefer-dynamic -Zinline-mir -Zinline-mir-preserve-debug -Zmir_strip_debuginfo=locals-in-tiny-functions -Clink-args=-Wl,-z,origin '-Clink-args=-Wl,-rpath,$ORIGIN/../lib' -Alinker-messages -Cembed-bitcode=yes -Clto=off -Zunstable-options -Cforce-frame-pointers=non-leaf '-Zcrate-attr=doc(html_root_url="https://doc.rust-lang.org/nightly/")' -Z binary-dep-depinfo -L native=/Users/girivs/src/rust-tantraos/build/aarch64-apple-darwin/stage1-std/aarch64-tantraos/debug/build/compiler_builtins-d931ed850ff3b322/out --cfg restricted_std --cfg backtrace_in_libstd --check-cfg 'cfg(netbsd10)' --check-cfg 'cfg(restricted_std)' --check-cfg 'cfg(backtrace_in_libstd)'`
warning: dropping unsupported crate type `dylib` for target `aarch64-tantraos`

error[E0583]: file not found for module `thread`
 --> library/std/src/sys/pal/unsupported/mod.rs:5:1
  |
5 | pub mod thread;
  | ^^^^^^^^^^^^^^^
  |
  = help: to create the module `thread`, create file "library/std/src/sys/pal/unsupported/thread.rs" or "library/std/src/sys/pal/unsupported/thread/mod.rs"
  = note: if there is a `mod thread` elsewhere in the crate already, import it with `use crate::...` instead

error: none of the predicates in this `cfg_select` evaluated to true
   --> library/std/src/sys/alloc/mod.rs:71:1
    |
 71 | / cfg_select! {
 72 | |     any(
 73 | |         target_family = "unix",
 74 | |         target_os = "wasi",
...   |
104 | | }
    | |_^

error[E0432]: unresolved imports `super::key::Key`, `super::key::LazyKey`, `super::key::get`, `super::key::set`
 --> library/std/src/sys/thread_local/os.rs:1:18
  |
1 | use super::key::{Key, LazyKey, get, set};
  |                  ^^^  ^^^^^^^  ^^^  ^^^ no `set` in `sys::thread_local::key`
  |                  |    |        |
  |                  |    |        no `get` in `sys::thread_local::key`
  |                  |    no `LazyKey` in `sys::thread_local::key`
  |                  no `Key` in `sys::thread_local::key`
  |
note: module `crate::collections::hash::set` exists but is inaccessible
 --> library/std/src/collections/hash/mod.rs:4:1
  |
4 | pub mod set;
  | ^^^^^^^^^^^^ not accessible

error[E0432]: unresolved imports `crate::sys::thread_local::key::LazyKey`, `crate::sys::thread_local::key::set`
 --> library/std/src/sys/thread_local/guard/key.rs:6:37
  |
6 | use crate::sys::thread_local::key::{LazyKey, set};
  |                                     ^^^^^^^  ^^^ no `set` in `sys::thread_local::key`
  |                                     |
  |                                     no `LazyKey` in `sys::thread_local::key`
  |
note: module `crate::collections::hash::set` exists but is inaccessible
 --> library/std/src/collections/hash/mod.rs:4:1
  |
4 | pub mod set;
  | ^^^^^^^^^^^^ not accessible

error[E0425]: cannot find function `fill_bytes` in module `sys`
  --> library/std/src/random.rs:64:14
   |
64 |         sys::fill_bytes(bytes)
   |              ^^^^^^^^^^ not found in `sys`

error[E0277]: the trait bound `System: core::alloc::GlobalAlloc` is not satisfied
   --> library/std/src/sys/alloc/mod.rs:60:42
    |
 60 |         let new_ptr = GlobalAlloc::alloc(alloc, new_layout);
    |                       ------------------ ^^^^^ unsatisfied trait bound
    |                       |
    |                       required by a bound introduced by this call
    |
help: the trait `core::alloc::GlobalAlloc` is not implemented for `System`
   --> library/std/src/alloc.rs:132:1
    |
132 | pub struct System;
    | ^^^^^^^^^^^^^^^^^

error[E0277]: the trait bound `System: core::alloc::GlobalAlloc` is not satisfied
   --> library/std/src/sys/alloc/mod.rs:64:34
    |
 64 |             GlobalAlloc::dealloc(alloc, ptr, old_layout);
    |             -------------------- ^^^^^ unsatisfied trait bound
    |             |
    |             required by a bound introduced by this call
    |
help: the trait `core::alloc::GlobalAlloc` is not implemented for `System`
   --> library/std/src/alloc.rs:132:1
    |
132 | pub struct System;
    | ^^^^^^^^^^^^^^^^^

error[E0425]: cannot find function `fill_bytes` in this scope
   --> library/std/src/sys/random/mod.rs:122:5
    |
122 |     fill_bytes(&mut buf);
    |     ^^^^^^^^^^ not found in this scope

error[E0277]: the trait bound `System: core::alloc::GlobalAlloc` is not satisfied
   --> library/std/src/alloc.rs:142:47
    |
142 |                     GlobalAlloc::alloc_zeroed(self, layout)
    |                     ------------------------- ^^^^ unsatisfied trait bound
    |                     |
    |                     required by a bound introduced by this call
    |
help: the trait `core::alloc::GlobalAlloc` is not implemented for `System`
   --> library/std/src/alloc.rs:132:1
    |
132 | pub struct System;
    | ^^^^^^^^^^^^^^^^^

error[E0277]: the trait bound `System: core::alloc::GlobalAlloc` is not satisfied
   --> library/std/src/alloc.rs:144:40
    |
144 |                     GlobalAlloc::alloc(self, layout)
    |                     ------------------ ^^^^ unsatisfied trait bound
    |                     |
    |                     required by a bound introduced by this call
    |
help: the trait `core::alloc::GlobalAlloc` is not implemented for `System`
   --> library/std/src/alloc.rs:132:1
    |
132 | pub struct System;
    | ^^^^^^^^^^^^^^^^^

error[E0277]: the trait bound `System: core::alloc::GlobalAlloc` is not satisfied
   --> library/std/src/alloc.rs:178:52
    |
178 |                 let raw_ptr = GlobalAlloc::realloc(self, ptr.as_ptr(), old_layout, new_size);
    |                               -------------------- ^^^^ unsatisfied trait bound
    |                               |
    |                               required by a bound introduced by this call
    |
help: the trait `core::alloc::GlobalAlloc` is not implemented for `System`
   --> library/std/src/alloc.rs:132:1
    |
132 | pub struct System;
    | ^^^^^^^^^^^^^^^^^

error[E0277]: the trait bound `System: core::alloc::GlobalAlloc` is not satisfied
   --> library/std/src/alloc.rs:220:43
    |
220 |             unsafe { GlobalAlloc::dealloc(self, ptr.as_ptr(), layout) }
    |                      -------------------- ^^^^ unsatisfied trait bound
    |                      |
    |                      required by a bound introduced by this call
    |
help: the trait `core::alloc::GlobalAlloc` is not implemented for `System`
   --> library/std/src/alloc.rs:132:1
    |
132 | pub struct System;
    | ^^^^^^^^^^^^^^^^^

error[E0277]: the trait bound `System: core::alloc::GlobalAlloc` is not satisfied
   --> library/std/src/alloc.rs:270:52
    |
270 |                 let raw_ptr = GlobalAlloc::realloc(self, ptr.as_ptr(), old_layout, new_size);
    |                               -------------------- ^^^^ unsatisfied trait bound
    |                               |
    |                               required by a bound introduced by this call
    |
help: the trait `core::alloc::GlobalAlloc` is not implemented for `System`
   --> library/std/src/alloc.rs:132:1
    |
132 | pub struct System;
    | ^^^^^^^^^^^^^^^^^

error[E0599]: no method named `alloc` found for struct `System` in the current scope
   --> library/std/src/alloc.rs:402:20
    |
132 | pub struct System;
    | ----------------- method `alloc` not found for this struct
...
402 |             System.alloc(layout)
    |                    ^^^^^
    |
    = help: items from traits can only be used if the trait is implemented and in scope
    = note: the following trait defines an item `alloc`, perhaps you need to implement it:
            candidate #1: `core::alloc::GlobalAlloc`
help: there is a method `allocate` with a similar name
    |
402 |             System.allocate(layout)
    |                         +++

error[E0599]: no method named `dealloc` found for struct `System` in the current scope
   --> library/std/src/alloc.rs:410:25
    |
132 | pub struct System;
    | ----------------- method `dealloc` not found for this struct
...
410 |         unsafe { System.dealloc(ptr, Layout::from_size_align_unchecked(size, align)) }
    |                         ^^^^^^^
    |
    = help: items from traits can only be used if the trait is implemented and in scope
    = note: the following trait defines an item `dealloc`, perhaps you need to implement it:
            candidate #1: `core::alloc::GlobalAlloc`
help: there is a method `deallocate` with a similar name
    |
410 |         unsafe { System.deallocate(ptr, Layout::from_size_align_unchecked(size, align)) }
    |                                +++

error[E0599]: no method named `realloc` found for struct `System` in the current scope
   --> library/std/src/alloc.rs:424:20
    |
132 | pub struct System;
    | ----------------- method `realloc` not found for this struct
...
424 |             System.realloc(ptr, old_layout, new_size)
    |                    ^^^^^^^ method not found in `System`
    |
    = help: items from traits can only be used if the trait is implemented and in scope
    = note: the following trait defines an item `realloc`, perhaps you need to implement it:
            candidate #1: `core::alloc::GlobalAlloc`

error[E0599]: no method named `alloc_zeroed` found for struct `System` in the current scope
   --> library/std/src/alloc.rs:434:20
    |
132 | pub struct System;
    | ----------------- method `alloc_zeroed` not found for this struct
...
434 |             System.alloc_zeroed(layout)
    |                    ^^^^^^^^^^^^
    |
    = help: items from traits can only be used if the trait is implemented and in scope
    = note: the following trait defines an item `alloc_zeroed`, perhaps you need to implement it:
            candidate #1: `core::alloc::GlobalAlloc`
help: there is a method `allocate_zeroed` with a similar name
    |
434 |             System.allocate_zeroed(layout)
    |                         +++

Some errors have detailed explanations: E0277, E0425, E0432, E0583, E0599.
For more information about an error, try `rustc --explain E0277`.

Did not run successfully: exit status: 1
DYLD_LIBRARY_PATH="/Users/girivs/src/rust-tantraos/build/aarch64-apple-darwin/stage1/lib" "/Users/girivs/src/rust-tantraos/build/aarch64-apple-darwin/stage1/bin/rustc" "--crate-name" "std" "--edition=2024" "library/std/src/lib.rs" "--error-format=json" "--json=diagnostic-rendered-ansi,artifacts,future-incompat" "--crate-type" "dylib" "--crate-type" "rlib" "--emit=dep-info,link" "-C" "embed-bitcode=no" "-C" "codegen-units=16" "--warn=unexpected_cfgs" "--check-cfg" "cfg(feature, values(any()))" "--check-cfg" "cfg(target_has_reliable_f16)" "--check-cfg" "cfg(target_has_reliable_f16_math)" "--check-cfg" "cfg(target_has_reliable_f128)" "--check-cfg" "cfg(target_has_reliable_f128_math)" "-C" "debug-assertions=off" "--cfg" "feature=\"addr2line\"" "--cfg" "feature=\"backtrace\"" "--cfg" "feature=\"compiler-builtins-c\"" "--cfg" "feature=\"miniz_oxide\"" "--cfg" "feature=\"object\"" "--cfg" "feature=\"panic-unwind\"" "--cfg" "feature=\"std_detect_dlsym_getauxval\"" "--cfg" "feature=\"std_detect_file_io\"" "--check-cfg" "cfg(docsrs,test)" "--check-cfg" "cfg(feature, values(\"addr2line\", \"backtrace\", \"backtrace-trace-only\", \"compiler-builtins-c\", \"compiler-builtins-mem\", \"compiler-builtins-no-f16-f128\", \"debug_refcell\", \"llvm-libunwind\", \"miniz_oxide\", \"object\", \"optimize_for_size\", \"panic-unwind\", \"panic_immediate_abort\", \"std_detect_dlsym_getauxval\", \"std_detect_file_io\", \"system-llvm-libunwind\", \"windows_raw_dylib\"))" "-C" "metadata=f83f4be9b4957bc1" "-C" "extra-filename=-5626981e099ee37b" "--out-dir" "/Users/girivs/src/rust-tantraos/build/aarch64-apple-darwin/stage1-std/aarch64-tantraos/debug/deps" "--target" "aarch64-tantraos" "-C" "linker=rust-lld" "-L" "dependency=/Users/girivs/src/rust-tantraos/build/aarch64-apple-darwin/stage1-std/aarch64-tantraos/debug/deps" "-L" "dependency=/Users/girivs/src/rust-tantraos/build/aarch64-apple-darwin/stage1-std/debug/deps" "--extern" "priv:addr2line=/Users/girivs/src/rust-tantraos/build/aarch64-apple-darwin/stage1-std/aarch64-tantraos/debug/deps/libaddr2line-bbf4fedd132a9d5e.rlib" "--extern" "alloc=/Users/girivs/src/rust-tantraos/build/aarch64-apple-darwin/stage1-std/aarch64-tantraos/debug/deps/liballoc-8fb762d18e16146c.rlib" "--extern" "priv:cfg_if=/Users/girivs/src/rust-tantraos/build/aarch64-apple-darwin/stage1-std/aarch64-tantraos/debug/deps/libcfg_if-784a8e5f691e46f6.rlib" "--extern" "core=/Users/girivs/src/rust-tantraos/build/aarch64-apple-darwin/stage1-std/aarch64-tantraos/debug/deps/libcore-c79bf7c8d33923f7.rlib" "--extern" "priv:hashbrown=/Users/girivs/src/rust-tantraos/build/aarch64-apple-darwin/stage1-std/aarch64-tantraos/debug/deps/libhashbrown-5e9b3aafb8de9793.rlib" "--extern" "libc=/Users/girivs/src/rust-tantraos/build/aarch64-apple-darwin/stage1-std/aarch64-tantraos/debug/deps/liblibc-1222b4726416f144.rlib" "--extern" "priv:miniz_oxide=/Users/girivs/src/rust-tantraos/build/aarch64-apple-darwin/stage1-std/aarch64-tantraos/debug/deps/libminiz_oxide-cab8d4bb0752dd80.rlib" "--extern" "priv:object=/Users/girivs/src/rust-tantraos/build/aarch64-apple-darwin/stage1-std/aarch64-tantraos/debug/deps/libobject-0b3eeedbdfb703b2.rlib" "--extern" "priv:panic_abort=/Users/girivs/src/rust-tantraos/build/aarch64-apple-darwin/stage1-std/aarch64-tantraos/debug/deps/libpanic_abort-c072dd8ddcfb0bca.rlib" "--extern" "priv:panic_unwind=/Users/girivs/src/rust-tantraos/build/aarch64-apple-darwin/stage1-std/aarch64-tantraos/debug/deps/libpanic_unwind-5c09c4aaa7816b40.rlib" "--extern" "priv:rustc_demangle=/Users/girivs/src/rust-tantraos/build/aarch64-apple-darwin/stage1-std/aarch64-tantraos/debug/deps/librustc_demangle-3a44432d4fbc1700.rlib" "--extern" "std_detect=/Users/girivs/src/rust-tantraos/build/aarch64-apple-darwin/stage1-std/aarch64-tantraos/debug/deps/libstd_detect-a89b208fc07751e7.rlib" "--extern" "priv:unwind=/Users/girivs/src/rust-tantraos/build/aarch64-apple-darwin/stage1-std/aarch64-tantraos/debug/deps/libunwind-d7e29ab6eb738d82.rlib" "-Z" "unstable-options" "-Csymbol-mangling-version=legacy" "--check-cfg=cfg(feature,values(any()))" "-Zunstable-options" "-Zmacro-backtrace" "-Csplit-debuginfo=off" "-Cprefer-dynamic" "-Zinline-mir" "-Zinline-mir-preserve-debug" "-Zmir_strip_debuginfo=locals-in-tiny-functions" "-Clink-args=-Wl,-z,origin" "-Clink-args=-Wl,-rpath,$ORIGIN/../lib" "-Alinker-messages" "-Cembed-bitcode=yes" "-Clto=off" "-Zunstable-options" "-Cforce-frame-pointers=non-leaf" "-Zcrate-attr=doc(html_root_url=\"https://doc.rust-lang.org/nightly/\")" "-Z" "binary-dep-depinfo" "-L" "native=/Users/girivs/src/rust-tantraos/build/aarch64-apple-darwin/stage1-std/aarch64-tantraos/debug/build/compiler_builtins-d931ed850ff3b322/out" "--cfg" "restricted_std" "--cfg" "backtrace_in_libstd" "--check-cfg" "cfg(netbsd10)" "--check-cfg" "cfg(restricted_std)" "--check-cfg" "cfg(backtrace_in_libstd)" "-Wrust_2018_idioms" "-Wunused_lifetimes" "-Dwarnings" "--sysroot" "/Users/girivs/src/rust-tantraos/build/aarch64-apple-darwin/stage1" "-Z" "force-unstable-if-unmarked"
-------------
warning: `std` (lib) generated 1 warning
error: could not compile `std` (lib) due to 17 previous errors; 1 warning emitted

Caused by:
  process didn't exit successfully: `/Users/girivs/src/rust-tantraos/build/bootstrap/debug/rustc /Users/girivs/src/rust-tantraos/build/bootstrap/debug/rustc --crate-name std --edition=2024 library/std/src/lib.rs --error-format=json --json=diagnostic-rendered-ansi,artifacts,future-incompat --crate-type dylib --crate-type rlib --emit=dep-info,link -C embed-bitcode=no -C codegen-units=16 --warn=unexpected_cfgs --check-cfg 'cfg(feature, values(any()))' --check-cfg 'cfg(target_has_reliable_f16)' --check-cfg 'cfg(target_has_reliable_f16_math)' --check-cfg 'cfg(target_has_reliable_f128)' --check-cfg 'cfg(target_has_reliable_f128_math)' -C debug-assertions=off --cfg 'feature="addr2line"' --cfg 'feature="backtrace"' --cfg 'feature="compiler-builtins-c"' --cfg 'feature="miniz_oxide"' --cfg 'feature="object"' --cfg 'feature="panic-unwind"' --cfg 'feature="std_detect_dlsym_getauxval"' --cfg 'feature="std_detect_file_io"' --check-cfg 'cfg(docsrs,test)' --check-cfg 'cfg(feature, values("addr2line", "backtrace", "backtrace-trace-only", "compiler-builtins-c", "compiler-builtins-mem", "compiler-builtins-no-f16-f128", "debug_refcell", "llvm-libunwind", "miniz_oxide", "object", "optimize_for_size", "panic-unwind", "panic_immediate_abort", "std_detect_dlsym_getauxval", "std_detect_file_io", "system-llvm-libunwind", "windows_raw_dylib"))' -C metadata=f83f4be9b4957bc1 -C extra-filename=-5626981e099ee37b --out-dir /Users/girivs/src/rust-tantraos/build/aarch64-apple-darwin/stage1-std/aarch64-tantraos/debug/deps --target aarch64-tantraos -C linker=rust-lld -L dependency=/Users/girivs/src/rust-tantraos/build/aarch64-apple-darwin/stage1-std/aarch64-tantraos/debug/deps -L dependency=/Users/girivs/src/rust-tantraos/build/aarch64-apple-darwin/stage1-std/debug/deps --extern 'priv:addr2line=/Users/girivs/src/rust-tantraos/build/aarch64-apple-darwin/stage1-std/aarch64-tantraos/debug/deps/libaddr2line-bbf4fedd132a9d5e.rlib' --extern alloc=/Users/girivs/src/rust-tantraos/build/aarch64-apple-darwin/stage1-std/aarch64-tantraos/debug/deps/liballoc-8fb762d18e16146c.rlib --extern 'priv:cfg_if=/Users/girivs/src/rust-tantraos/build/aarch64-apple-darwin/stage1-std/aarch64-tantraos/debug/deps/libcfg_if-784a8e5f691e46f6.rlib' --extern core=/Users/girivs/src/rust-tantraos/build/aarch64-apple-darwin/stage1-std/aarch64-tantraos/debug/deps/libcore-c79bf7c8d33923f7.rlib --extern 'priv:hashbrown=/Users/girivs/src/rust-tantraos/build/aarch64-apple-darwin/stage1-std/aarch64-tantraos/debug/deps/libhashbrown-5e9b3aafb8de9793.rlib' --extern libc=/Users/girivs/src/rust-tantraos/build/aarch64-apple-darwin/stage1-std/aarch64-tantraos/debug/deps/liblibc-1222b4726416f144.rlib --extern 'priv:miniz_oxide=/Users/girivs/src/rust-tantraos/build/aarch64-apple-darwin/stage1-std/aarch64-tantraos/debug/deps/libminiz_oxide-cab8d4bb0752dd80.rlib' --extern 'priv:object=/Users/girivs/src/rust-tantraos/build/aarch64-apple-darwin/stage1-std/aarch64-tantraos/debug/deps/libobject-0b3eeedbdfb703b2.rlib' --extern 'priv:panic_abort=/Users/girivs/src/rust-tantraos/build/aarch64-apple-darwin/stage1-std/aarch64-tantraos/debug/deps/libpanic_abort-c072dd8ddcfb0bca.rlib' --extern 'priv:panic_unwind=/Users/girivs/src/rust-tantraos/build/aarch64-apple-darwin/stage1-std/aarch64-tantraos/debug/deps/libpanic_unwind-5c09c4aaa7816b40.rlib' --extern 'priv:rustc_demangle=/Users/girivs/src/rust-tantraos/build/aarch64-apple-darwin/stage1-std/aarch64-tantraos/debug/deps/librustc_demangle-3a44432d4fbc1700.rlib' --extern std_detect=/Users/girivs/src/rust-tantraos/build/aarch64-apple-darwin/stage1-std/aarch64-tantraos/debug/deps/libstd_detect-a89b208fc07751e7.rlib --extern 'priv:unwind=/Users/girivs/src/rust-tantraos/build/aarch64-apple-darwin/stage1-std/aarch64-tantraos/debug/deps/libunwind-d7e29ab6eb738d82.rlib' -Z unstable-options -Csymbol-mangling-version=legacy '--check-cfg=cfg(feature,values(any()))' -Zunstable-options -Zmacro-backtrace -Csplit-debuginfo=off -Cprefer-dynamic -Zinline-mir -Zinline-mir-preserve-debug -Zmir_strip_debuginfo=locals-in-tiny-functions -Clink-args=-Wl,-z,origin '-Clink-args=-Wl,-rpath,$ORIGIN/../lib' -Alinker-messages -Cembed-bitcode=yes -Clto=off -Zunstable-options -Cforce-frame-pointers=non-leaf '-Zcrate-attr=doc(html_root_url="https://doc.rust-lang.org/nightly/")' -Z binary-dep-depinfo -L native=/Users/girivs/src/rust-tantraos/build/aarch64-apple-darwin/stage1-std/aarch64-tantraos/debug/build/compiler_builtins-d931ed850ff3b322/out --cfg restricted_std --cfg backtrace_in_libstd --check-cfg 'cfg(netbsd10)' --check-cfg 'cfg(restricted_std)' --check-cfg 'cfg(backtrace_in_libstd)'` (exit status: 1)
command did not execute successfully: cd "/Users/girivs/src/rust-tantraos" && env -u MAKEFLAGS -u MFLAGS AR_aarch64_tantraos="ar" CARGO_BUILD_BUILD_DIR="/Users/girivs/src/rust-tantraos/build/aarch64-apple-darwin/stage1-std" CARGO_INCREMENTAL="0" CARGO_LOG="cargo::core::compiler::fingerprint=info" CARGO_PROFILE_DEV_CODEGEN_UNITS="16" CARGO_PROFILE_DEV_DEBUG="0" CARGO_PROFILE_DEV_DEBUG_ASSERTIONS="false" CARGO_PROFILE_DEV_OVERFLOW_CHECKS="false" CARGO_PROFILE_DEV_STRIP="false" CARGO_TARGET_AARCH64_TANTRAOS_LINKER="rust-lld" CARGO_TARGET_DIR="/Users/girivs/src/rust-tantraos/build/aarch64-apple-darwin/stage1-std" CC_aarch64_tantraos="clang" CFG_COMPILER_BUILD_TRIPLE="aarch64-apple-darwin" CFG_COMPILER_HOST_TRIPLE="aarch64-tantraos" CFG_RELEASE_CHANNEL="nightly" CFLAGS_aarch64_tantraos="" CXXFLAGS_aarch64_tantraos="" CXX_aarch64_tantraos="clang++" LIBC_CHECK_CFG="1" RANLIB_aarch64_tantraos="ar s" REAL_LIBRARY_PATH_VAR="DYLD_LIBRARY_PATH" RUSTBUILD_NATIVE_DIR="/Users/girivs/src/rust-tantraos/build/aarch64-tantraos/native" RUSTC="/Users/girivs/src/rust-tantraos/build/bootstrap/debug/rustc" RUSTC_BOOTSTRAP="1" RUSTC_BREAK_ON_ICE="1" RUSTC_ERROR_METADATA_DST="/Users/girivs/src/rust-tantraos/build/tmp/extended-error-metadata" RUSTC_FORCE_UNSTABLE="1" RUSTC_INSTALL_BINDIR="bin" RUSTC_LIBDIR="/Users/girivs/src/rust-tantraos/build/aarch64-apple-darwin/stage1/lib" RUSTC_LINK_STD_INTO_RUSTC_DRIVER="1" RUSTC_LINT_FLAGS="-Wrust_2018_idioms -Wunused_lifetimes -Dwarnings" RUSTC_REAL="/Users/girivs/src/rust-tantraos/build/aarch64-apple-darwin/stage1/bin/rustc" RUSTC_SNAPSHOT="/Users/girivs/src/rust-tantraos/build/aarch64-apple-darwin/stage0/bin/rustc" RUSTC_SNAPSHOT_LIBDIR="/Users/girivs/src/rust-tantraos/build/aarch64-apple-darwin/stage0/lib" RUSTC_STAGE="1" RUSTC_SYSROOT="/Users/girivs/src/rust-tantraos/build/aarch64-apple-darwin/stage1" RUSTC_VERBOSE="1" RUSTC_WRAPPER="/Users/girivs/src/rust-tantraos/build/bootstrap/debug/rustc" RUSTDOC="/Users/girivs/src/rust-tantraos/build/bootstrap/debug/rustdoc" RUSTDOCFLAGS="-Csymbol-mangling-version=legacy --check-cfg=cfg(feature,values(any())) -Zunstable-options -Dwarnings -Wrustdoc::invalid_codeblock_attributes --crate-version 1.92.0-nightly\t(5b63cd28a\t2025-09-16) -Clinker=rust-lld -Zcrate-attr=doc(html_root_url=\"https://doc.rust-lang.org/nightly/\") -Zcrate-attr=warn(rust_2018_idioms)" RUSTDOC_REAL="/path/to/nowhere/rustdoc/not/required" RUSTFLAGS="-Csymbol-mangling-version=legacy --check-cfg=cfg(feature,values(any())) -Zunstable-options -Zmacro-backtrace -Csplit-debuginfo=off -Cprefer-dynamic -Zinline-mir -Zinline-mir-preserve-debug -Zmir_strip_debuginfo=locals-in-tiny-functions -Clink-args=-Wl,-z,origin -Clink-args=-Wl,-rpath,$ORIGIN/../lib -Alinker-messages -Cembed-bitcode=yes -Clto=off -Zunstable-options -Cforce-frame-pointers=non-leaf -Zcrate-attr=doc(html_root_url=\"https://doc.rust-lang.org/nightly/\")" RUST_COMPILER_RT_ROOT="/Users/girivs/src/rust-tantraos/src/llvm-project/compiler-rt" RUST_TEST_THREADS="10" WINAPI_NO_BUNDLED_LIBRARIES="1" __CARGO_DEFAULT_LIB_METADATA="nightlystd1.92.0" "/Users/girivs/src/rust-tantraos/build/aarch64-apple-darwin/stage0/bin/cargo" "build" "--target" "aarch64-tantraos" "-Zbinary-dep-depinfo" "-j" "10" "-Zroot-dir=/Users/girivs/src/rust-tantraos" "-v" "--features" "backtrace panic-unwind compiler-builtins-c" "--manifest-path" "/Users/girivs/src/rust-tantraos/library/sysroot/Cargo.toml" "-p" "alloc" "-p" "compiler_builtins" "-p" "core" "-p" "panic_abort" "-p" "panic_unwind" "-p" "proc_macro" "-p" "rustc-std-workspace-core" "-p" "std" "-p" "std_detect" "-p" "sysroot" "-p" "test" "-p" "unwind" "--message-format" "json-render-diagnostics" (failure_mode=Exit)
expected success, got: exit status: 101
Traceback (most recent call last):
  File "/Users/girivs/src/rust-tantraos/./x.py", line 53, in <module>
    bootstrap.main()
    ~~~~~~~~~~~~~~^^
  File "/Users/girivs/src/rust-tantraos/src/bootstrap/bootstrap.py", line 1392, in main
    bootstrap(args)
    ~~~~~~~~~^^^^^^
  File "/Users/girivs/src/rust-tantraos/src/bootstrap/bootstrap.py", line 1367, in bootstrap
    run(args, env=env, verbose=build.verbose, is_bootstrap=True)
    ~~~^^^^^^^^^^^^^^^^^^^^^^^^^^^^^^^^^^^^^^^^^^^^^^^^^^^^^^^^^
  File "/Users/girivs/src/rust-tantraos/src/bootstrap/bootstrap.py", line 237, in run
    raise RuntimeError(err)
RuntimeError: failed to run: /Users/girivs/src/rust-tantraos/build/bootstrap/debug/bootstrap build --stage 1 --target aarch64-tantraos -j 10
