Building bootstrap
running: /Users/girivs/src/rust-tantraos/build/aarch64-apple-darwin/stage0/bin/cargo build --manifest-path /Users/girivs/src/rust-tantraos/src/bootstrap/Cargo.toml -Zroot-dir=/Users/girivs/src/rust-tantraos --verbose
       Fresh unicode-ident v1.0.13
       Fresh version_check v0.9.5
       Fresh memchr v2.7.4
       Fresh shlex v1.3.0
       Fresh pkg-config v0.3.31
       Fresh clap_lex v0.7.2
       Fresh heck v0.5.0
       Fresh regex-syntax v0.8.5
       Fresh anstyle v1.0.10
       Fresh proc-macro2 v1.0.89
       Fresh cc v1.2.28
       Fresh aho-corasick v1.1.3
       Fresh cfg-if v1.0.0
       Fresh clap_builder v4.5.20
       Fresh bstr v1.10.0
       Fresh log v0.4.22
       Fresh quote v1.0.37
       Fresh libc v0.2.174
       Fresh typenum v1.17.0
       Fresh serde v1.0.215
       Fresh crossbeam-utils v0.8.20
       Fresh regex-automata v0.4.9
       Fresh same-file v1.0.6
       Fresh itoa v1.0.11
       Fresh ryu v1.0.18
       Fresh syn v2.0.87
       Fresh generic-array v0.14.7
       Fresh crossbeam-epoch v0.9.18
       Fresh globset v0.4.15
       Fresh cpufeatures v0.2.15
       Fresh filetime v0.2.26
       Fresh walkdir v2.5.0
       Fresh serde_json v1.0.132
       Fresh semver v1.0.23
       Fresh toml v0.5.11
       Fresh cmake v0.1.54
       Fresh object v0.36.5
       Fresh block-buffer v0.10.4
       Fresh clap_derive v4.5.18
       Fresh crypto-common v0.1.6
       Fresh serde_derive v1.0.215
       Fresh lzma-sys v0.1.20
       Fresh crossbeam-deque v0.8.5
       Fresh tar v0.4.44
       Fresh home v0.5.11
       Fresh termcolor v1.4.1
       Fresh opener v0.8.2
       Fresh digest v0.10.7
       Fresh clap v4.5.20
       Fresh ignore v0.4.23
       Fresh build_helper v0.1.0 (/Users/girivs/src/rust-tantraos/src/build_helper)
       Fresh xz2 v0.1.7
       Fresh sha2 v0.10.8
       Fresh clap_complete v4.5.37
       Fresh bootstrap v0.0.0 (/Users/girivs/src/rust-tantraos/src/bootstrap)
    Finished `dev` profile [unoptimized] target(s) in 0.04s
running: /Users/girivs/src/rust-tantraos/build/bootstrap/debug/bootstrap build --stage 1 -j 10
WARNING: setting `optimize` to `false` is known to cause errors and should be considered unsupported. Refer to `bootstrap.example.toml` for more details.
downloading stage0 beta artifacts
running: "/Users/girivs/src/rust-tantraos/build/aarch64-apple-darwin/stage0/bin/rustc" "--print" "sysroot" (failure_mode=Exit) (created at src/bootstrap/src/core/config/config.rs:697:13, executed at src/bootstrap/src/core/config/config.rs:700:18)
downloading stage0 beta artifacts
Cache hit: cd "/Users/girivs/src/rust-tantraos" && env -u GIT_ALTERNATE_OBJECT_DIRECTORIES -u GIT_DIR -u GIT_INDEX_FILE -u GIT_OBJECT_DIRECTORY -u GIT_WORK_TREE "git" "rev-parse" (failure_mode=Ignore)
Cache hit: cd "/Users/girivs/src/rust-tantraos" && env -u GIT_ALTERNATE_OBJECT_DIRECTORIES -u GIT_DIR -u GIT_INDEX_FILE -u GIT_OBJECT_DIRECTORY -u GIT_WORK_TREE "git" "log" "-1" "--date=short" "--pretty=format:%cd" (failure_mode=Exit)
Cache hit: cd "/Users/girivs/src/rust-tantraos" && env -u GIT_ALTERNATE_OBJECT_DIRECTORIES -u GIT_DIR -u GIT_INDEX_FILE -u GIT_OBJECT_DIRECTORY -u GIT_WORK_TREE "git" "rev-parse" "HEAD" (failure_mode=Exit)
Cache hit: cd "/Users/girivs/src/rust-tantraos" && env -u GIT_ALTERNATE_OBJECT_DIRECTORIES -u GIT_DIR -u GIT_INDEX_FILE -u GIT_OBJECT_DIRECTORY -u GIT_WORK_TREE "git" "rev-parse" "--short=9" "HEAD" (failure_mode=Exit)
running: cd "/Users/girivs/src/rust-tantraos/src/llvm-project" && env -u GIT_ALTERNATE_OBJECT_DIRECTORIES -u GIT_DIR -u GIT_INDEX_FILE -u GIT_OBJECT_DIRECTORY -u GIT_WORK_TREE "git" "rev-parse" (failure_mode=Ignore) (created at src/bootstrap/src/utils/channel.rs:47:31, executed at src/bootstrap/src/utils/channel.rs:49:50)
running: cd "/Users/girivs/src/rust-tantraos/src/llvm-project" && env -u GIT_ALTERNATE_OBJECT_DIRECTORIES -u GIT_DIR -u GIT_INDEX_FILE -u GIT_OBJECT_DIRECTORY -u GIT_WORK_TREE "git" "log" "-1" "--date=short" "--pretty=format:%cd" (failure_mode=Exit) (created at src/bootstrap/src/utils/channel.rs:63:31, executed at src/bootstrap/src/utils/channel.rs:70:14)
running: cd "/Users/girivs/src/rust-tantraos/src/llvm-project" && env -u GIT_ALTERNATE_OBJECT_DIRECTORIES -u GIT_DIR -u GIT_INDEX_FILE -u GIT_OBJECT_DIRECTORY -u GIT_WORK_TREE "git" "rev-parse" "HEAD" (failure_mode=Exit) (created at src/bootstrap/src/utils/channel.rs:72:32, executed at src/bootstrap/src/utils/channel.rs:77:14)
running: cd "/Users/girivs/src/rust-tantraos/src/llvm-project" && env -u GIT_ALTERNATE_OBJECT_DIRECTORIES -u GIT_DIR -u GIT_INDEX_FILE -u GIT_OBJECT_DIRECTORY -u GIT_WORK_TREE "git" "rev-parse" "--short=9" "HEAD" (failure_mode=Exit) (created at src/bootstrap/src/utils/channel.rs:79:38, executed at src/bootstrap/src/utils/channel.rs:85:14)
WARNING: The `change-id` is missing in the `bootstrap.toml`. This means that you will not be able to track the major changes made to the bootstrap configurations.
NOTE: to silence this warning, add `change-id = 146435` or `change-id = "ignore"` at the top of `bootstrap.toml`
running: "/Users/girivs/src/rust-tantraos/build/aarch64-apple-darwin/stage0/bin/rustc" "--print" "target-libdir" (failure_mode=Exit) (created at src/bootstrap/src/lib.rs:485:37, executed at src/bootstrap/src/lib.rs:488:14)
running: "/Users/girivs/src/rust-tantraos/build/aarch64-apple-darwin/stage0/bin/rustc" "--version" "--verbose" (failure_mode=Exit) (created at src/bootstrap/src/lib.rs:595:37, executed at src/bootstrap/src/lib.rs:598:14)
finding compilers
CC_aarch64-apple-darwin = "cc"
CFLAGS_aarch64-apple-darwin = ["-ffunction-sections", "-fdata-sections", "-fPIC", "--target=arm64-apple-macosx", "-mmacosx-version-min=26.0"]
CXX_aarch64-apple-darwin = "c++"
CXXFLAGS_aarch64-apple-darwin = ["-ffunction-sections", "-fdata-sections", "-fPIC", "--target=arm64-apple-macosx", "-mmacosx-version-min=26.0", "-stdlib=libc++"]
AR_aarch64-apple-darwin = "ar"
CC_aarch64-tantraos = "clang"
CFLAGS_aarch64-tantraos = ["-ffunction-sections", "-fdata-sections", "-fPIC", "--target=aarch64-unknown-tantraos"]
CXX_aarch64-tantraos = "clang++"
CXXFLAGS_aarch64-tantraos = ["-ffunction-sections", "-fdata-sections", "-fPIC", "--target=aarch64-unknown-tantraos"]
AR_aarch64-tantraos = "ar"
running sanity check
running: "/Users/girivs/src/rust-tantraos/build/aarch64-apple-darwin/libcxx-version/libcxx-version" (failure_mode=Exit) (created at src/bootstrap/src/core/build_steps/tool.rs:1265:30, executed at src/bootstrap/src/core/build_steps/tool.rs:1265:50)
running: "/Users/girivs/src/rust-tantraos/build/aarch64-apple-darwin/stage0/bin/rustc" "--print" "target-list" (failure_mode=Exit) (created at src/bootstrap/src/core/sanity.rs:205:57, executed at src/bootstrap/src/core/sanity.rs:208:10)
running: cd "/Users/girivs/src/rust-tantraos/library/backtrace" && env -u GIT_ALTERNATE_OBJECT_DIRECTORIES -u GIT_DIR -u GIT_INDEX_FILE -u GIT_OBJECT_DIRECTORY -u GIT_WORK_TREE "git" "rev-parse" (failure_mode=Ignore) (created at src/bootstrap/src/utils/channel.rs:47:31, executed at src/bootstrap/src/utils/channel.rs:49:50)
running: cd "/Users/girivs/src/rust-tantraos/library/backtrace" && env -u GIT_ALTERNATE_OBJECT_DIRECTORIES -u GIT_DIR -u GIT_INDEX_FILE -u GIT_OBJECT_DIRECTORY -u GIT_WORK_TREE "git" "log" "-1" "--date=short" "--pretty=format:%cd" (failure_mode=Exit) (created at src/bootstrap/src/utils/channel.rs:63:31, executed at src/bootstrap/src/utils/channel.rs:70:14)
running: cd "/Users/girivs/src/rust-tantraos/library/backtrace" && env -u GIT_ALTERNATE_OBJECT_DIRECTORIES -u GIT_DIR -u GIT_INDEX_FILE -u GIT_OBJECT_DIRECTORY -u GIT_WORK_TREE "git" "rev-parse" "HEAD" (failure_mode=Exit) (created at src/bootstrap/src/utils/channel.rs:72:32, executed at src/bootstrap/src/utils/channel.rs:77:14)
running: cd "/Users/girivs/src/rust-tantraos/library/backtrace" && env -u GIT_ALTERNATE_OBJECT_DIRECTORIES -u GIT_DIR -u GIT_INDEX_FILE -u GIT_OBJECT_DIRECTORY -u GIT_WORK_TREE "git" "rev-parse" "--short=9" "HEAD" (failure_mode=Exit) (created at src/bootstrap/src/utils/channel.rs:79:38, executed at src/bootstrap/src/utils/channel.rs:85:14)
Cache hit: cd "/Users/girivs/src/rust-tantraos/library/backtrace" && env -u GIT_ALTERNATE_OBJECT_DIRECTORIES -u GIT_DIR -u GIT_INDEX_FILE -u GIT_OBJECT_DIRECTORY -u GIT_WORK_TREE "git" "rev-parse" "HEAD" (failure_mode=Exit)
running: cd "/Users/girivs/src/rust-tantraos" && env -u GIT_ALTERNATE_OBJECT_DIRECTORIES -u GIT_DIR -u GIT_INDEX_FILE -u GIT_OBJECT_DIRECTORY -u GIT_WORK_TREE "git" "ls-tree" "HEAD" "library/backtrace" (failure_mode=Exit) (created at src/bootstrap/src/core/config/config.rs:2263:20, executed at src/bootstrap/src/core/config/config.rs:2267:10)
running: cd "/Users/girivs/src/rust-tantraos" && env -u GIT_ALTERNATE_OBJECT_DIRECTORIES -u GIT_DIR -u GIT_INDEX_FILE -u GIT_OBJECT_DIRECTORY -u GIT_WORK_TREE "git" "config" "--file" ".gitmodules" "--get-regexp" "path" (failure_mode=Exit) (created at src/bootstrap/src/lib.rs:715:22, executed at src/bootstrap/src/lib.rs:719:14)
running: cd "src/llvm-project" && env -u GIT_ALTERNATE_OBJECT_DIRECTORIES -u GIT_DIR -u GIT_INDEX_FILE -u GIT_OBJECT_DIRECTORY -u GIT_WORK_TREE "git" "rev-parse" (failure_mode=Ignore) (created at src/bootstrap/src/utils/channel.rs:47:31, executed at src/bootstrap/src/utils/channel.rs:49:50)
running: cd "library/backtrace" && env -u GIT_ALTERNATE_OBJECT_DIRECTORIES -u GIT_DIR -u GIT_INDEX_FILE -u GIT_OBJECT_DIRECTORY -u GIT_WORK_TREE "git" "rev-parse" (failure_mode=Ignore) (created at src/bootstrap/src/utils/channel.rs:47:31, executed at src/bootstrap/src/utils/channel.rs:49:50)
running: cd "library/backtrace" && env -u GIT_ALTERNATE_OBJECT_DIRECTORIES -u GIT_DIR -u GIT_INDEX_FILE -u GIT_OBJECT_DIRECTORY -u GIT_WORK_TREE "git" "log" "-1" "--date=short" "--pretty=format:%cd" (failure_mode=Exit) (created at src/bootstrap/src/utils/channel.rs:63:31, executed at src/bootstrap/src/utils/channel.rs:70:14)
running: cd "src/llvm-project" && env -u GIT_ALTERNATE_OBJECT_DIRECTORIES -u GIT_DIR -u GIT_INDEX_FILE -u GIT_OBJECT_DIRECTORY -u GIT_WORK_TREE "git" "log" "-1" "--date=short" "--pretty=format:%cd" (failure_mode=Exit) (created at src/bootstrap/src/utils/channel.rs:63:31, executed at src/bootstrap/src/utils/channel.rs:70:14)
running: cd "library/backtrace" && env -u GIT_ALTERNATE_OBJECT_DIRECTORIES -u GIT_DIR -u GIT_INDEX_FILE -u GIT_OBJECT_DIRECTORY -u GIT_WORK_TREE "git" "rev-parse" "HEAD" (failure_mode=Exit) (created at src/bootstrap/src/utils/channel.rs:72:32, executed at src/bootstrap/src/utils/channel.rs:77:14)
running: cd "src/llvm-project" && env -u GIT_ALTERNATE_OBJECT_DIRECTORIES -u GIT_DIR -u GIT_INDEX_FILE -u GIT_OBJECT_DIRECTORY -u GIT_WORK_TREE "git" "rev-parse" "HEAD" (failure_mode=Exit) (created at src/bootstrap/src/utils/channel.rs:72:32, executed at src/bootstrap/src/utils/channel.rs:77:14)
running: cd "library/backtrace" && env -u GIT_ALTERNATE_OBJECT_DIRECTORIES -u GIT_DIR -u GIT_INDEX_FILE -u GIT_OBJECT_DIRECTORY -u GIT_WORK_TREE "git" "rev-parse" "--short=9" "HEAD" (failure_mode=Exit) (created at src/bootstrap/src/utils/channel.rs:79:38, executed at src/bootstrap/src/utils/channel.rs:85:14)
running: cd "src/llvm-project" && env -u GIT_ALTERNATE_OBJECT_DIRECTORIES -u GIT_DIR -u GIT_INDEX_FILE -u GIT_OBJECT_DIRECTORY -u GIT_WORK_TREE "git" "rev-parse" "--short=9" "HEAD" (failure_mode=Exit) (created at src/bootstrap/src/utils/channel.rs:79:38, executed at src/bootstrap/src/utils/channel.rs:85:14)
Cache hit: cd "/Users/girivs/src/rust-tantraos/library/backtrace" && env -u GIT_ALTERNATE_OBJECT_DIRECTORIES -u GIT_DIR -u GIT_INDEX_FILE -u GIT_OBJECT_DIRECTORY -u GIT_WORK_TREE "git" "rev-parse" (failure_mode=Ignore)
Cache hit: cd "/Users/girivs/src/rust-tantraos/library/backtrace" && env -u GIT_ALTERNATE_OBJECT_DIRECTORIES -u GIT_DIR -u GIT_INDEX_FILE -u GIT_OBJECT_DIRECTORY -u GIT_WORK_TREE "git" "log" "-1" "--date=short" "--pretty=format:%cd" (failure_mode=Exit)
Cache hit: cd "/Users/girivs/src/rust-tantraos/library/backtrace" && env -u GIT_ALTERNATE_OBJECT_DIRECTORIES -u GIT_DIR -u GIT_INDEX_FILE -u GIT_OBJECT_DIRECTORY -u GIT_WORK_TREE "git" "rev-parse" "HEAD" (failure_mode=Exit)
Cache hit: cd "/Users/girivs/src/rust-tantraos/library/backtrace" && env -u GIT_ALTERNATE_OBJECT_DIRECTORIES -u GIT_DIR -u GIT_INDEX_FILE -u GIT_OBJECT_DIRECTORY -u GIT_WORK_TREE "git" "rev-parse" "--short=9" "HEAD" (failure_mode=Exit)
Cache hit: cd "/Users/girivs/src/rust-tantraos/library/backtrace" && env -u GIT_ALTERNATE_OBJECT_DIRECTORIES -u GIT_DIR -u GIT_INDEX_FILE -u GIT_OBJECT_DIRECTORY -u GIT_WORK_TREE "git" "rev-parse" "HEAD" (failure_mode=Exit)
Cache hit: cd "/Users/girivs/src/rust-tantraos" && env -u GIT_ALTERNATE_OBJECT_DIRECTORIES -u GIT_DIR -u GIT_INDEX_FILE -u GIT_OBJECT_DIRECTORY -u GIT_WORK_TREE "git" "ls-tree" "HEAD" "library/backtrace" (failure_mode=Exit)
Cache hit: cd "/Users/girivs/src/rust-tantraos/src/llvm-project" && env -u GIT_ALTERNATE_OBJECT_DIRECTORIES -u GIT_DIR -u GIT_INDEX_FILE -u GIT_OBJECT_DIRECTORY -u GIT_WORK_TREE "git" "rev-parse" (failure_mode=Ignore)
Cache hit: cd "/Users/girivs/src/rust-tantraos/src/llvm-project" && env -u GIT_ALTERNATE_OBJECT_DIRECTORIES -u GIT_DIR -u GIT_INDEX_FILE -u GIT_OBJECT_DIRECTORY -u GIT_WORK_TREE "git" "log" "-1" "--date=short" "--pretty=format:%cd" (failure_mode=Exit)
Cache hit: cd "/Users/girivs/src/rust-tantraos/src/llvm-project" && env -u GIT_ALTERNATE_OBJECT_DIRECTORIES -u GIT_DIR -u GIT_INDEX_FILE -u GIT_OBJECT_DIRECTORY -u GIT_WORK_TREE "git" "rev-parse" "HEAD" (failure_mode=Exit)
Cache hit: cd "/Users/girivs/src/rust-tantraos/src/llvm-project" && env -u GIT_ALTERNATE_OBJECT_DIRECTORIES -u GIT_DIR -u GIT_INDEX_FILE -u GIT_OBJECT_DIRECTORY -u GIT_WORK_TREE "git" "rev-parse" "--short=9" "HEAD" (failure_mode=Exit)
Cache hit: cd "/Users/girivs/src/rust-tantraos/src/llvm-project" && env -u GIT_ALTERNATE_OBJECT_DIRECTORIES -u GIT_DIR -u GIT_INDEX_FILE -u GIT_OBJECT_DIRECTORY -u GIT_WORK_TREE "git" "rev-parse" "HEAD" (failure_mode=Exit)
running: cd "/Users/girivs/src/rust-tantraos" && env -u GIT_ALTERNATE_OBJECT_DIRECTORIES -u GIT_DIR -u GIT_INDEX_FILE -u GIT_OBJECT_DIRECTORY -u GIT_WORK_TREE "git" "ls-tree" "HEAD" "src/llvm-project" (failure_mode=Exit) (created at src/bootstrap/src/core/config/config.rs:2263:20, executed at src/bootstrap/src/core/config/config.rs:2267:10)
learning about cargo
running: RUSTC_BOOTSTRAP="1" "/Users/girivs/src/rust-tantraos/build/aarch64-apple-darwin/stage0/bin/cargo" "metadata" "--format-version" "1" "--no-deps" "--manifest-path" "/Users/girivs/src/rust-tantraos/Cargo.toml" (failure_mode=Exit) (created at src/bootstrap/src/core/metadata.rs:80:25, executed at src/bootstrap/src/core/metadata.rs:91:54)
running: RUSTC_BOOTSTRAP="1" "/Users/girivs/src/rust-tantraos/build/aarch64-apple-darwin/stage0/bin/cargo" "metadata" "--format-version" "1" "--no-deps" "--manifest-path" "/Users/girivs/src/rust-tantraos/library/Cargo.toml" (failure_mode=Exit) (created at src/bootstrap/src/core/metadata.rs:80:25, executed at src/bootstrap/src/core/metadata.rs:91:54)
Removing sysroot /Users/girivs/src/rust-tantraos/build/aarch64-apple-darwin/stage1 to avoid caching bugs
LLVM freshness: LastModifiedUpstream { upstream: "9d82de19dfae60e55c291f5f28e28cfc2c1b9630" }
Removing sysroot /Users/girivs/src/rust-tantraos/build/aarch64-apple-darwin/stage0-sysroot to avoid caching bugs
running: "/Users/girivs/src/rust-tantraos/build/aarch64-apple-darwin/stage0/bin/rustc" "--print" "sysroot" (failure_mode=Exit) (created at src/bootstrap/src/lib.rs:1079:13, executed at src/bootstrap/src/lib.rs:1082:18)
LLVM freshness: LastModifiedUpstream { upstream: "9d82de19dfae60e55c291f5f28e28cfc2c1b9630" }
running: cd "/Users/girivs/src/rust-tantraos" && env -u MAKEFLAGS -u MFLAGS CARGO_BUILD_BUILD_DIR="/Users/girivs/src/rust-tantraos/build/aarch64-apple-darwin/stage1-rustc" CARGO_INCREMENTAL="0" CARGO_LOG="cargo::core::compiler::fingerprint=info" CARGO_PROFILE_DEV_CODEGEN_UNITS="16" CARGO_PROFILE_DEV_DEBUG="0" CARGO_PROFILE_DEV_DEBUG_ASSERTIONS="false" CARGO_PROFILE_DEV_OVERFLOW_CHECKS="false" CARGO_PROFILE_DEV_STRIP="false" CARGO_TARGET_AARCH64_APPLE_DARWIN_LINKER="" CARGO_TARGET_DIR="/Users/girivs/src/rust-tantraos/build/aarch64-apple-darwin/stage1-rustc" CC_aarch64_apple_darwin="" CFG_COMPILER_BUILD_TRIPLE="aarch64-apple-darwin" CFG_COMPILER_HOST_TRIPLE="aarch64-apple-darwin" CFG_DEFAULT_CODEGEN_BACKEND="llvm" CFG_LIBDIR_RELATIVE="lib" CFG_RELEASE="1.92.0-nightly" CFG_RELEASE_CHANNEL="nightly" CFG_VERSION="1.92.0-nightly (36e56c065 2025-09-17)" CFG_VER_DATE="2025-09-17" CFG_VER_HASH="36e56c0655bf99db6a4a41eaa15cdd8ef0f43810" CFLAGS_aarch64_apple_darwin="" CXXFLAGS_aarch64_apple_darwin="-stdlib=libc++" CXX_aarch64_apple_darwin="" LIBC_CHECK_CFG="1" LLVM_CONFIG="/Users/girivs/src/rust-tantraos/build/aarch64-apple-darwin/ci-llvm/bin/llvm-config" LLVM_RUSTLLVM="1" REAL_LIBRARY_PATH_VAR="DYLD_LIBRARY_PATH" RUSTBUILD_NATIVE_DIR="/Users/girivs/src/rust-tantraos/build/aarch64-apple-darwin/native" RUSTC="/Users/girivs/src/rust-tantraos/build/bootstrap/debug/rustc" RUSTC_BOOTSTRAP="1" RUSTC_BREAK_ON_ICE="1" RUSTC_ERROR_METADATA_DST="/Users/girivs/src/rust-tantraos/build/tmp/extended-error-metadata" RUSTC_FORCE_UNSTABLE="1" RUSTC_HOST_FLAGS="--check-cfg=cfg(bootstrap) --cfg=bootstrap -Clinker=" RUSTC_INSTALL_BINDIR="bin" RUSTC_LIBDIR="/Users/girivs/src/rust-tantraos/build/aarch64-apple-darwin/stage0/lib" RUSTC_LINK_STD_INTO_RUSTC_DRIVER="1" RUSTC_LINT_FLAGS="-Wrust_2018_idioms -Wunused_lifetimes -Dwarnings -Wrustc::internal -Drustc::symbol_intern_string_literal -Wkeyword_idents_2024 -Wunreachable_pub -Wunsafe_op_in_unsafe_fn -Wunused_crate_dependencies" RUSTC_REAL="/Users/girivs/src/rust-tantraos/build/aarch64-apple-darwin/stage0/bin/rustc" RUSTC_SNAPSHOT="/Users/girivs/src/rust-tantraos/build/aarch64-apple-darwin/stage0/bin/rustc" RUSTC_SNAPSHOT_LIBDIR="/Users/girivs/src/rust-tantraos/build/aarch64-apple-darwin/stage0/lib" RUSTC_STAGE="0" RUSTC_SYSROOT="/Users/girivs/src/rust-tantraos/build/aarch64-apple-darwin/stage0-sysroot" RUSTC_TLS_MODEL_INITIAL_EXEC="1" RUSTC_VERBOSE="1" RUSTC_WRAPPER="/Users/girivs/src/rust-tantraos/build/bootstrap/debug/rustc" RUSTDOC="/Users/girivs/src/rust-tantraos/build/bootstrap/debug/rustdoc" RUSTDOCFLAGS="--cfg=bootstrap --cfg=windows_raw_dylib -Csymbol-mangling-version=v0 -Zunstable-options --check-cfg=cfg(bootstrap) --check-cfg=cfg(llvm_enzyme) -Dwarnings -Wrustdoc::invalid_codeblock_attributes --crate-version 1.92.0-nightly\t(36e56c065\t2025-09-17) -Clinker= -Zcrate-attr=warn(rust_2018_idioms)" RUSTDOC_REAL="/path/to/nowhere/rustdoc/not/required" RUSTFLAGS="--cfg=bootstrap --cfg=windows_raw_dylib -Csymbol-mangling-version=v0 -Zunstable-options --check-cfg=cfg(bootstrap) --check-cfg=cfg(llvm_enzyme) -Zmacro-backtrace -Csplit-debuginfo=unpacked -Zosx-rpath-install-name -Clink-args=-Wl,-rpath,@loader_path/../lib -Alinker-messages -Zon-broken-pipe=kill -Clto=off" RUST_TEST_THREADS="10" WINAPI_NO_BUNDLED_LIBRARIES="1" __CARGO_DEFAULT_LIB_METADATA="bootstrap1.92.0" "/Users/girivs/src/rust-tantraos/build/aarch64-apple-darwin/stage0/bin/cargo" "build" "--target" "aarch64-apple-darwin" "-Zbinary-dep-depinfo" "-j" "10" "-Zroot-dir=/Users/girivs/src/rust-tantraos" "-v" "--features" "llvm max_level_info" "--manifest-path" "/Users/girivs/src/rust-tantraos/compiler/rustc/Cargo.toml" "--message-format" "json-render-diagnostics" (failure_mode=Exit)
Cache hit: cd "/Users/girivs/src/rust-tantraos/src/llvm-project" && env -u GIT_ALTERNATE_OBJECT_DIRECTORIES -u GIT_DIR -u GIT_INDEX_FILE -u GIT_OBJECT_DIRECTORY -u GIT_WORK_TREE "git" "rev-parse" (failure_mode=Ignore)
Cache hit: cd "/Users/girivs/src/rust-tantraos/src/llvm-project" && env -u GIT_ALTERNATE_OBJECT_DIRECTORIES -u GIT_DIR -u GIT_INDEX_FILE -u GIT_OBJECT_DIRECTORY -u GIT_WORK_TREE "git" "log" "-1" "--date=short" "--pretty=format:%cd" (failure_mode=Exit)
Cache hit: cd "/Users/girivs/src/rust-tantraos/src/llvm-project" && env -u GIT_ALTERNATE_OBJECT_DIRECTORIES -u GIT_DIR -u GIT_INDEX_FILE -u GIT_OBJECT_DIRECTORY -u GIT_WORK_TREE "git" "rev-parse" "HEAD" (failure_mode=Exit)
Cache hit: cd "/Users/girivs/src/rust-tantraos/src/llvm-project" && env -u GIT_ALTERNATE_OBJECT_DIRECTORIES -u GIT_DIR -u GIT_INDEX_FILE -u GIT_OBJECT_DIRECTORY -u GIT_WORK_TREE "git" "rev-parse" "--short=9" "HEAD" (failure_mode=Exit)
Cache hit: cd "/Users/girivs/src/rust-tantraos/src/llvm-project" && env -u GIT_ALTERNATE_OBJECT_DIRECTORIES -u GIT_DIR -u GIT_INDEX_FILE -u GIT_OBJECT_DIRECTORY -u GIT_WORK_TREE "git" "rev-parse" "HEAD" (failure_mode=Exit)
Cache hit: cd "/Users/girivs/src/rust-tantraos" && env -u GIT_ALTERNATE_OBJECT_DIRECTORIES -u GIT_DIR -u GIT_INDEX_FILE -u GIT_OBJECT_DIRECTORY -u GIT_WORK_TREE "git" "ls-tree" "HEAD" "src/llvm-project" (failure_mode=Exit)
running: cd "/Users/girivs/src/rust-tantraos" && env -u MAKEFLAGS -u MFLAGS CARGO_BUILD_BUILD_DIR="/Users/girivs/src/rust-tantraos/build/aarch64-apple-darwin/stage1-std" CARGO_INCREMENTAL="0" CARGO_LOG="cargo::core::compiler::fingerprint=info" CARGO_PROFILE_DEV_CODEGEN_UNITS="16" CARGO_PROFILE_DEV_DEBUG="0" CARGO_PROFILE_DEV_DEBUG_ASSERTIONS="false" CARGO_PROFILE_DEV_OVERFLOW_CHECKS="false" CARGO_PROFILE_DEV_STRIP="false" CARGO_TARGET_AARCH64_APPLE_DARWIN_LINKER="" CARGO_TARGET_DIR="/Users/girivs/src/rust-tantraos/build/aarch64-apple-darwin/stage1-std" CC_aarch64_apple_darwin="" CFG_COMPILER_BUILD_TRIPLE="aarch64-apple-darwin" CFG_COMPILER_HOST_TRIPLE="aarch64-apple-darwin" CFG_RELEASE_CHANNEL="nightly" CFLAGS_aarch64_apple_darwin="" CXXFLAGS_aarch64_apple_darwin="-stdlib=libc++" CXX_aarch64_apple_darwin="" LIBC_CHECK_CFG="1" REAL_LIBRARY_PATH_VAR="DYLD_LIBRARY_PATH" RUSTBUILD_NATIVE_DIR="/Users/girivs/src/rust-tantraos/build/aarch64-apple-darwin/native" RUSTC="/Users/girivs/src/rust-tantraos/build/bootstrap/debug/rustc" RUSTC_BOOTSTRAP="1" RUSTC_BREAK_ON_ICE="1" RUSTC_ERROR_METADATA_DST="/Users/girivs/src/rust-tantraos/build/tmp/extended-error-metadata" RUSTC_FORCE_UNSTABLE="1" RUSTC_HOST_FLAGS="-Clinker=" RUSTC_INSTALL_BINDIR="bin" RUSTC_LIBDIR="/Users/girivs/src/rust-tantraos/build/aarch64-apple-darwin/stage1/lib" RUSTC_LINK_STD_INTO_RUSTC_DRIVER="1" RUSTC_LINT_FLAGS="-Wrust_2018_idioms -Wunused_lifetimes -Dwarnings" RUSTC_REAL="/Users/girivs/src/rust-tantraos/build/aarch64-apple-darwin/stage1/bin/rustc" RUSTC_SNAPSHOT="/Users/girivs/src/rust-tantraos/build/aarch64-apple-darwin/stage0/bin/rustc" RUSTC_SNAPSHOT_LIBDIR="/Users/girivs/src/rust-tantraos/build/aarch64-apple-darwin/stage0/lib" RUSTC_STAGE="1" RUSTC_SYSROOT="/Users/girivs/src/rust-tantraos/build/aarch64-apple-darwin/stage1" RUSTC_VERBOSE="1" RUSTC_WRAPPER="/Users/girivs/src/rust-tantraos/build/bootstrap/debug/rustc" RUSTDOC="/Users/girivs/src/rust-tantraos/build/bootstrap/debug/rustdoc" RUSTDOCFLAGS="-Csymbol-mangling-version=legacy --check-cfg=cfg(feature,values(any())) -Zunstable-options -Dwarnings -Wrustdoc::invalid_codeblock_attributes --crate-version 1.92.0-nightly\t(36e56c065\t2025-09-17) -Clinker= -Zcrate-attr=doc(html_root_url=\"https://doc.rust-lang.org/nightly/\") -Zcrate-attr=warn(rust_2018_idioms)" RUSTDOC_REAL="/path/to/nowhere/rustdoc/not/required" RUSTFLAGS="-Csymbol-mangling-version=legacy --check-cfg=cfg(feature,values(any())) -Zunstable-options -Zmacro-backtrace -Csplit-debuginfo=unpacked -Cprefer-dynamic -Zinline-mir -Zinline-mir-preserve-debug -Zmir_strip_debuginfo=locals-in-tiny-functions -Zosx-rpath-install-name -Clink-args=-Wl,-rpath,@loader_path/../lib -Alinker-messages -Cembed-bitcode=yes -Clto=off -Zunstable-options -Cforce-frame-pointers=non-leaf -Zcrate-attr=doc(html_root_url=\"https://doc.rust-lang.org/nightly/\")" RUST_COMPILER_RT_ROOT="/Users/girivs/src/rust-tantraos/src/llvm-project/compiler-rt" RUST_TEST_THREADS="10" WINAPI_NO_BUNDLED_LIBRARIES="1" __CARGO_DEFAULT_LIB_METADATA="nightlystd1.92.0" "/Users/girivs/src/rust-tantraos/build/aarch64-apple-darwin/stage0/bin/cargo" "build" "--target" "aarch64-apple-darwin" "-Zbinary-dep-depinfo" "-j" "10" "-Zroot-dir=/Users/girivs/src/rust-tantraos" "-v" "--features" "backtrace panic-unwind compiler-builtins-c" "--manifest-path" "/Users/girivs/src/rust-tantraos/library/sysroot/Cargo.toml" "-p" "alloc" "-p" "compiler_builtins" "-p" "core" "-p" "panic_abort" "-p" "panic_unwind" "-p" "proc_macro" "-p" "rustc-std-workspace-core" "-p" "std" "-p" "std_detect" "-p" "sysroot" "-p" "test" "-p" "unwind" "--message-format" "json-render-diagnostics" (failure_mode=Exit)
Cache hit: cd "/Users/girivs/src/rust-tantraos/src/llvm-project" && env -u GIT_ALTERNATE_OBJECT_DIRECTORIES -u GIT_DIR -u GIT_INDEX_FILE -u GIT_OBJECT_DIRECTORY -u GIT_WORK_TREE "git" "rev-parse" (failure_mode=Ignore)
Cache hit: cd "/Users/girivs/src/rust-tantraos/src/llvm-project" && env -u GIT_ALTERNATE_OBJECT_DIRECTORIES -u GIT_DIR -u GIT_INDEX_FILE -u GIT_OBJECT_DIRECTORY -u GIT_WORK_TREE "git" "log" "-1" "--date=short" "--pretty=format:%cd" (failure_mode=Exit)
Cache hit: cd "/Users/girivs/src/rust-tantraos/src/llvm-project" && env -u GIT_ALTERNATE_OBJECT_DIRECTORIES -u GIT_DIR -u GIT_INDEX_FILE -u GIT_OBJECT_DIRECTORY -u GIT_WORK_TREE "git" "rev-parse" "HEAD" (failure_mode=Exit)
Cache hit: cd "/Users/girivs/src/rust-tantraos/src/llvm-project" && env -u GIT_ALTERNATE_OBJECT_DIRECTORIES -u GIT_DIR -u GIT_INDEX_FILE -u GIT_OBJECT_DIRECTORY -u GIT_WORK_TREE "git" "rev-parse" "--short=9" "HEAD" (failure_mode=Exit)
Cache hit: cd "/Users/girivs/src/rust-tantraos/src/llvm-project" && env -u GIT_ALTERNATE_OBJECT_DIRECTORIES -u GIT_DIR -u GIT_INDEX_FILE -u GIT_OBJECT_DIRECTORY -u GIT_WORK_TREE "git" "rev-parse" "HEAD" (failure_mode=Exit)
Cache hit: cd "/Users/girivs/src/rust-tantraos" && env -u GIT_ALTERNATE_OBJECT_DIRECTORIES -u GIT_DIR -u GIT_INDEX_FILE -u GIT_OBJECT_DIRECTORY -u GIT_WORK_TREE "git" "ls-tree" "HEAD" "src/llvm-project" (failure_mode=Exit)
running: cd "/Users/girivs/src/rust-tantraos" && env -u MAKEFLAGS -u MFLAGS CARGO_BUILD_BUILD_DIR="/Users/girivs/src/rust-tantraos/build/aarch64-apple-darwin/stage1-std" CARGO_INCREMENTAL="0" CARGO_LOG="cargo::core::compiler::fingerprint=info" CARGO_PROFILE_DEV_CODEGEN_UNITS="16" CARGO_PROFILE_DEV_DEBUG="0" CARGO_PROFILE_DEV_DEBUG_ASSERTIONS="false" CARGO_PROFILE_DEV_OVERFLOW_CHECKS="false" CARGO_PROFILE_DEV_STRIP="false" CARGO_TARGET_AARCH64_TANTRAOS_LINKER="" CARGO_TARGET_DIR="/Users/girivs/src/rust-tantraos/build/aarch64-apple-darwin/stage1-std" CC_aarch64_tantraos="" CFG_COMPILER_BUILD_TRIPLE="aarch64-apple-darwin" CFG_COMPILER_HOST_TRIPLE="aarch64-tantraos" CFG_RELEASE_CHANNEL="nightly" CFLAGS_aarch64_tantraos="" CXXFLAGS_aarch64_tantraos="" CXX_aarch64_tantraos="" LIBC_CHECK_CFG="1" REAL_LIBRARY_PATH_VAR="DYLD_LIBRARY_PATH" RUSTBUILD_NATIVE_DIR="/Users/girivs/src/rust-tantraos/build/aarch64-tantraos/native" RUSTC="/Users/girivs/src/rust-tantraos/build/bootstrap/debug/rustc" RUSTC_BOOTSTRAP="1" RUSTC_BREAK_ON_ICE="1" RUSTC_ERROR_METADATA_DST="/Users/girivs/src/rust-tantraos/build/tmp/extended-error-metadata" RUSTC_FORCE_UNSTABLE="1" RUSTC_HOST_FLAGS="-Clinker=" RUSTC_INSTALL_BINDIR="bin" RUSTC_LIBDIR="/Users/girivs/src/rust-tantraos/build/aarch64-apple-darwin/stage1/lib" RUSTC_LINK_STD_INTO_RUSTC_DRIVER="1" RUSTC_LINT_FLAGS="-Wrust_2018_idioms -Wunused_lifetimes -Dwarnings" RUSTC_REAL="/Users/girivs/src/rust-tantraos/build/aarch64-apple-darwin/stage1/bin/rustc" RUSTC_SNAPSHOT="/Users/girivs/src/rust-tantraos/build/aarch64-apple-darwin/stage0/bin/rustc" RUSTC_SNAPSHOT_LIBDIR="/Users/girivs/src/rust-tantraos/build/aarch64-apple-darwin/stage0/lib" RUSTC_STAGE="1" RUSTC_SYSROOT="/Users/girivs/src/rust-tantraos/build/aarch64-apple-darwin/stage1" RUSTC_VERBOSE="1" RUSTC_WRAPPER="/Users/girivs/src/rust-tantraos/build/bootstrap/debug/rustc" RUSTDOC="/Users/girivs/src/rust-tantraos/build/bootstrap/debug/rustdoc" RUSTDOCFLAGS="-Csymbol-mangling-version=legacy --check-cfg=cfg(feature,values(any())) -Zunstable-options -Dwarnings -Wrustdoc::invalid_codeblock_attributes --crate-version 1.92.0-nightly\t(36e56c065\t2025-09-17) -Clinker= -Zcrate-attr=doc(html_root_url=\"https://doc.rust-lang.org/nightly/\") -Zcrate-attr=warn(rust_2018_idioms)" RUSTDOC_REAL="/path/to/nowhere/rustdoc/not/required" RUSTFLAGS="-Csymbol-mangling-version=legacy --check-cfg=cfg(feature,values(any())) -Zunstable-options -Zmacro-backtrace -Csplit-debuginfo=off -Cprefer-dynamic -Zinline-mir -Zinline-mir-preserve-debug -Zmir_strip_debuginfo=locals-in-tiny-functions -Clink-args=-Wl,-z,origin -Clink-args=-Wl,-rpath,$ORIGIN/../lib -Alinker-messages -Cembed-bitcode=yes -Clto=off -Zunstable-options -Cforce-frame-pointers=non-leaf -Zcrate-attr=doc(html_root_url=\"https://doc.rust-lang.org/nightly/\")" RUST_COMPILER_RT_ROOT="/Users/girivs/src/rust-tantraos/src/llvm-project/compiler-rt" RUST_TEST_THREADS="10" WINAPI_NO_BUNDLED_LIBRARIES="1" __CARGO_DEFAULT_LIB_METADATA="nightlystd1.92.0" "/Users/girivs/src/rust-tantraos/build/aarch64-apple-darwin/stage0/bin/cargo" "build" "--target" "aarch64-tantraos" "-Zbinary-dep-depinfo" "-j" "10" "-Zroot-dir=/Users/girivs/src/rust-tantraos" "-v" "--features" "backtrace panic-unwind compiler-builtins-c" "--manifest-path" "/Users/girivs/src/rust-tantraos/library/sysroot/Cargo.toml" "-p" "alloc" "-p" "compiler_builtins" "-p" "core" "-p" "panic_abort" "-p" "panic_unwind" "-p" "proc_macro" "-p" "rustc-std-workspace-core" "-p" "std" "-p" "std_detect" "-p" "sysroot" "-p" "test" "-p" "unwind" "--message-format" "json-render-diagnostics" (failure_mode=Exit)
running: cd "/Users/girivs/src/rust-tantraos" && env -u MAKEFLAGS -u MFLAGS CARGO_BUILD_BUILD_DIR="/Users/girivs/src/rust-tantraos/build/aarch64-apple-darwin/stage1-tools" CARGO_INCREMENTAL="0" CARGO_LOG="cargo::core::compiler::fingerprint=info" CARGO_PROFILE_DEV_CODEGEN_UNITS="16" CARGO_PROFILE_DEV_DEBUG="0" CARGO_PROFILE_DEV_DEBUG_ASSERTIONS="false" CARGO_PROFILE_DEV_OVERFLOW_CHECKS="false" CARGO_PROFILE_DEV_STRIP="false" CARGO_TARGET_AARCH64_APPLE_DARWIN_LINKER="" CARGO_TARGET_DIR="/Users/girivs/src/rust-tantraos/build/aarch64-apple-darwin/stage1-tools" CC_aarch64_apple_darwin="" CFG_COMPILER_BUILD_TRIPLE="aarch64-apple-darwin" CFG_COMPILER_HOST_TRIPLE="aarch64-apple-darwin" CFG_RELEASE="1.92.0-nightly" CFG_RELEASE_CHANNEL="nightly" CFG_RELEASE_NUM="1.92.0" CFG_VERSION="1.92.0-nightly (36e56c065 2025-09-17)" CFG_VER_DATE="2025-09-17" CFG_VER_HASH="36e56c0655bf99db6a4a41eaa15cdd8ef0f43810" CFLAGS_aarch64_apple_darwin="" CXXFLAGS_aarch64_apple_darwin="-stdlib=libc++" CXX_aarch64_apple_darwin="" DOC_RUST_LANG_ORG_CHANNEL="https://doc.rust-lang.org/nightly" FORCE_ON_BROKEN_PIPE_KILL="-Zon-broken-pipe=kill" JEMALLOC_SYS_WITH_LG_PAGE="16" LIBC_CHECK_CFG="1" LZMA_API_STATIC="1" REAL_LIBRARY_PATH_VAR="DYLD_LIBRARY_PATH" RUSTBUILD_NATIVE_DIR="/Users/girivs/src/rust-tantraos/build/aarch64-apple-darwin/native" RUSTC="/Users/girivs/src/rust-tantraos/build/bootstrap/debug/rustc" RUSTC_BOOTSTRAP="1" RUSTC_BREAK_ON_ICE="1" RUSTC_ERROR_METADATA_DST="/Users/girivs/src/rust-tantraos/build/tmp/extended-error-metadata" RUSTC_HOST_FLAGS="--check-cfg=cfg(bootstrap) --cfg=bootstrap -Clinker=" RUSTC_INSTALL_BINDIR="bin" RUSTC_LIBDIR="/Users/girivs/src/rust-tantraos/build/aarch64-apple-darwin/stage0/lib" RUSTC_LINK_STD_INTO_RUSTC_DRIVER="1" RUSTC_LINT_FLAGS="-Wrust_2018_idioms -Wunused_lifetimes -Dwarnings" RUSTC_REAL="/Users/girivs/src/rust-tantraos/build/aarch64-apple-darwin/stage0/bin/rustc" RUSTC_SNAPSHOT="/Users/girivs/src/rust-tantraos/build/aarch64-apple-darwin/stage0/bin/rustc" RUSTC_SNAPSHOT_LIBDIR="/Users/girivs/src/rust-tantraos/build/aarch64-apple-darwin/stage0/lib" RUSTC_STAGE="0" RUSTC_SYSROOT="/Users/girivs/src/rust-tantraos/build/aarch64-apple-darwin/stage0-sysroot" RUSTC_TLS_MODEL_INITIAL_EXEC="1" RUSTC_VERBOSE="1" RUSTC_WRAPPER="/Users/girivs/src/rust-tantraos/build/bootstrap/debug/rustc" RUSTDOC="/Users/girivs/src/rust-tantraos/build/bootstrap/debug/rustdoc" RUSTDOCFLAGS="--cfg=bootstrap --cfg=windows_raw_dylib -Csymbol-mangling-version=v0 -Zunstable-options --check-cfg=cfg(bootstrap) --check-cfg=cfg(llvm_enzyme) --check-cfg=cfg(rust_analyzer) -Dwarnings -Wrustdoc::invalid_codeblock_attributes --crate-version 1.92.0-nightly\t(36e56c065\t2025-09-17) -Clinker=" RUSTDOC_REAL="/path/to/nowhere/rustdoc/not/required" RUSTFLAGS="--cfg=bootstrap --cfg=windows_raw_dylib -Csymbol-mangling-version=v0 -Zunstable-options --check-cfg=cfg(bootstrap) --check-cfg=cfg(llvm_enzyme) --check-cfg=cfg(rust_analyzer) -Zmacro-backtrace -Csplit-debuginfo=unpacked -Zosx-rpath-install-name -Clink-args=-Wl,-rpath,@loader_path/../lib -Alinker-messages -Zunstable-options" RUST_TEST_THREADS="10" SYSROOT="/Users/girivs/src/rust-tantraos/build/aarch64-apple-darwin/stage0-sysroot" __CARGO_DEFAULT_LIB_METADATA="bootstraptool-rustc1.92.0" "/Users/girivs/src/rust-tantraos/build/aarch64-apple-darwin/stage0/bin/cargo" "build" "--target" "aarch64-apple-darwin" "-Zbinary-dep-depinfo" "-j" "10" "-Zroot-dir=/Users/girivs/src/rust-tantraos" "-v" "--manifest-path" "/Users/girivs/src/rust-tantraos/src/tools/rustdoc/Cargo.toml" "--message-format" "json-render-diagnostics" (failure_mode=Exit)
Removing sysroot /Users/girivs/src/rust-tantraos/build/aarch64-apple-darwin/stage1 to avoid caching bugs
Removing sysroot /Users/girivs/src/rust-tantraos/build/aarch64-apple-darwin/stage1/lib/rustlib/aarch64-apple-darwin/lib to avoid caching bugs
LLVM freshness: LastModifiedUpstream { upstream: "9d82de19dfae60e55c291f5f28e28cfc2c1b9630" }
running: "/Users/girivs/src/rust-tantraos/build/aarch64-apple-darwin/ci-llvm/bin/llvm-config" "--version" (failure_mode=Exit) (created at src/bootstrap/src/core/build_steps/llvm.rs:599:5, executed at src/bootstrap/src/core/build_steps/llvm.rs:602:10)
running: "/Users/girivs/src/rust-tantraos/build/aarch64-apple-darwin/ci-llvm/bin/llvm-config" "--bindir" (failure_mode=Exit) (created at src/bootstrap/src/core/build_steps/compile.rs:2024:41, executed at src/bootstrap/src/core/build_steps/compile.rs:2027:22)
/Users/girivs/src/rust-tantraos/build/aarch64-apple-darwin/ci-llvm/bin/llvm-strip does not exist; skipping copy
Removing sysroot /Users/girivs/src/rust-tantraos/build/aarch64-apple-darwin/stage0-sysroot to avoid caching bugs
LLVM freshness: LastModifiedUpstream { upstream: "9d82de19dfae60e55c291f5f28e28cfc2c1b9630" }
Removing sysroot /Users/girivs/src/rust-tantraos/build/aarch64-apple-darwin/stage0-sysroot/lib/rustlib/aarch64-apple-darwin/lib to avoid caching bugs
using sysroot /Users/girivs/src/rust-tantraos/build/aarch64-apple-darwin/stage0-sysroot
LLVM freshness: LastModifiedUpstream { upstream: "9d82de19dfae60e55c291f5f28e28cfc2c1b9630" }
Cache hit: "/Users/girivs/src/rust-tantraos/build/aarch64-apple-darwin/ci-llvm/bin/llvm-config" "--version" (failure_mode=Exit)
Building stage1 compiler artifacts (stage0 -> stage1, aarch64-apple-darwin)
running: cd "/Users/girivs/src/rust-tantraos" && env -u MAKEFLAGS -u MFLAGS AR_aarch64_apple_darwin="ar" CARGO_BUILD_BUILD_DIR="/Users/girivs/src/rust-tantraos/build/aarch64-apple-darwin/stage1-rustc" CARGO_INCREMENTAL="0" CARGO_LOG="cargo::core::compiler::fingerprint=info" CARGO_PROFILE_DEV_CODEGEN_UNITS="16" CARGO_PROFILE_DEV_DEBUG="0" CARGO_PROFILE_DEV_DEBUG_ASSERTIONS="false" CARGO_PROFILE_DEV_OVERFLOW_CHECKS="false" CARGO_PROFILE_DEV_STRIP="false" CARGO_TARGET_DIR="/Users/girivs/src/rust-tantraos/build/aarch64-apple-darwin/stage1-rustc" CC_aarch64_apple_darwin="cc" CFG_COMPILER_BUILD_TRIPLE="aarch64-apple-darwin" CFG_COMPILER_HOST_TRIPLE="aarch64-apple-darwin" CFG_DEFAULT_CODEGEN_BACKEND="llvm" CFG_LIBDIR_RELATIVE="lib" CFG_RELEASE="1.92.0-nightly" CFG_RELEASE_CHANNEL="nightly" CFG_VERSION="1.92.0-nightly (36e56c065 2025-09-17)" CFG_VER_DATE="2025-09-17" CFG_VER_HASH="36e56c0655bf99db6a4a41eaa15cdd8ef0f43810" CFLAGS_aarch64_apple_darwin="" CXXFLAGS_aarch64_apple_darwin="-stdlib=libc++" CXX_aarch64_apple_darwin="c++" LIBC_CHECK_CFG="1" LLVM_CONFIG="/Users/girivs/src/rust-tantraos/build/aarch64-apple-darwin/ci-llvm/bin/llvm-config" LLVM_RUSTLLVM="1" RANLIB_aarch64_apple_darwin="ar s" REAL_LIBRARY_PATH_VAR="DYLD_LIBRARY_PATH" RUSTBUILD_NATIVE_DIR="/Users/girivs/src/rust-tantraos/build/aarch64-apple-darwin/native" RUSTC="/Users/girivs/src/rust-tantraos/build/bootstrap/debug/rustc" RUSTC_BOOTSTRAP="1" RUSTC_BREAK_ON_ICE="1" RUSTC_ERROR_METADATA_DST="/Users/girivs/src/rust-tantraos/build/tmp/extended-error-metadata" RUSTC_FORCE_UNSTABLE="1" RUSTC_HOST_FLAGS="--check-cfg=cfg(bootstrap) --cfg=bootstrap" RUSTC_INSTALL_BINDIR="bin" RUSTC_LIBDIR="/Users/girivs/src/rust-tantraos/build/aarch64-apple-darwin/stage0/lib" RUSTC_LINK_STD_INTO_RUSTC_DRIVER="1" RUSTC_LINT_FLAGS="-Wrust_2018_idioms -Wunused_lifetimes -Dwarnings -Wrustc::internal -Drustc::symbol_intern_string_literal -Wkeyword_idents_2024 -Wunreachable_pub -Wunsafe_op_in_unsafe_fn -Wunused_crate_dependencies" RUSTC_REAL="/Users/girivs/src/rust-tantraos/build/aarch64-apple-darwin/stage0/bin/rustc" RUSTC_SNAPSHOT="/Users/girivs/src/rust-tantraos/build/aarch64-apple-darwin/stage0/bin/rustc" RUSTC_SNAPSHOT_LIBDIR="/Users/girivs/src/rust-tantraos/build/aarch64-apple-darwin/stage0/lib" RUSTC_STAGE="0" RUSTC_SYSROOT="/Users/girivs/src/rust-tantraos/build/aarch64-apple-darwin/stage0-sysroot" RUSTC_TLS_MODEL_INITIAL_EXEC="1" RUSTC_VERBOSE="1" RUSTC_WRAPPER="/Users/girivs/src/rust-tantraos/build/bootstrap/debug/rustc" RUSTDOC="/Users/girivs/src/rust-tantraos/build/bootstrap/debug/rustdoc" RUSTDOCFLAGS="--cfg=bootstrap --cfg=windows_raw_dylib -Csymbol-mangling-version=v0 -Zunstable-options --check-cfg=cfg(bootstrap) --check-cfg=cfg(llvm_enzyme) -Dwarnings -Wrustdoc::invalid_codeblock_attributes --crate-version 1.92.0-nightly\t(36e56c065\t2025-09-17) -Zcrate-attr=warn(rust_2018_idioms)" RUSTDOC_REAL="/path/to/nowhere/rustdoc/not/required" RUSTFLAGS="--cfg=bootstrap --cfg=windows_raw_dylib -Csymbol-mangling-version=v0 -Zunstable-options --check-cfg=cfg(bootstrap) --check-cfg=cfg(llvm_enzyme) -Zmacro-backtrace -Csplit-debuginfo=unpacked -Zosx-rpath-install-name -Clink-args=-Wl,-rpath,@loader_path/../lib -Alinker-messages -Zon-broken-pipe=kill -Clto=off" RUST_TEST_THREADS="10" WINAPI_NO_BUNDLED_LIBRARIES="1" __CARGO_DEFAULT_LIB_METADATA="bootstrap1.92.0" "/Users/girivs/src/rust-tantraos/build/aarch64-apple-darwin/stage0/bin/cargo" "build" "--target" "aarch64-apple-darwin" "-Zbinary-dep-depinfo" "-j" "10" "-Zroot-dir=/Users/girivs/src/rust-tantraos" "-v" "--features" "llvm max_level_info" "--manifest-path" "/Users/girivs/src/rust-tantraos/compiler/rustc/Cargo.toml" "--message-format" "json-render-diagnostics" (failure_mode=Exit)
   0.104603375s  INFO prepare_target{force=false package_id=rustc-main v0.0.0 (/Users/girivs/src/rust-tantraos/compiler/rustc) target="rustc-main"}: cargo::core::compiler::fingerprint: stale: changed "/Users/girivs/src/rust-tantraos/compiler/rustc_ty_utils/src/instance.rs"
   0.104619000s  INFO prepare_target{force=false package_id=rustc-main v0.0.0 (/Users/girivs/src/rust-tantraos/compiler/rustc) target="rustc-main"}: cargo::core::compiler::fingerprint:           (vs) "/Users/girivs/src/rust-tantraos/build/aarch64-apple-darwin/stage1-rustc/aarch64-apple-darwin/debug/.fingerprint/rustc_ty_utils-eb19f1895e7f68ff/dep-lib-rustc_ty_utils"
   0.104620875s  INFO prepare_target{force=false package_id=rustc-main v0.0.0 (/Users/girivs/src/rust-tantraos/compiler/rustc) target="rustc-main"}: cargo::core::compiler::fingerprint:                FileTime { seconds: 1758073039, nanos: 535070019 } < FileTime { seconds: 1758073468, nanos: 811850659 }
   0.106149959s  INFO prepare_target{force=false package_id=rustc-main v0.0.0 (/Users/girivs/src/rust-tantraos/compiler/rustc) target="rustc-main"}: cargo::core::compiler::fingerprint: fingerprint dirty for rustc-main v0.0.0 (/Users/girivs/src/rust-tantraos/compiler/rustc)/Build/TargetInner { name: "rustc-main", doc: true, ..: with_path("/Users/girivs/src/rust-tantraos/compiler/rustc/src/main.rs", Edition2024) }
   0.106158084s  INFO prepare_target{force=false package_id=rustc-main v0.0.0 (/Users/girivs/src/rust-tantraos/compiler/rustc) target="rustc-main"}: cargo::core::compiler::fingerprint:     dirty: FsStatusOutdated(StaleDepFingerprint { name: "rustc_driver_impl" })
   0.112848250s  INFO prepare_target{force=false package_id=rustc_driver v0.0.0 (/Users/girivs/src/rust-tantraos/compiler/rustc_driver) target="rustc_driver"}: cargo::core::compiler::fingerprint: fingerprint dirty for rustc_driver v0.0.0 (/Users/girivs/src/rust-tantraos/compiler/rustc_driver)/Build/TargetInner { name_inferred: true, ..: lib_target("rustc_driver", ["dylib"], "/Users/girivs/src/rust-tantraos/compiler/rustc_driver/src/lib.rs", Edition2024) }
   0.112864625s  INFO prepare_target{force=false package_id=rustc_driver v0.0.0 (/Users/girivs/src/rust-tantraos/compiler/rustc_driver) target="rustc_driver"}: cargo::core::compiler::fingerprint:     dirty: FsStatusOutdated(StaleDepFingerprint { name: "rustc_driver_impl" })
   0.113696750s  INFO prepare_target{force=false package_id=rustc_driver_impl v0.0.0 (/Users/girivs/src/rust-tantraos/compiler/rustc_driver_impl) target="rustc_driver_impl"}: cargo::core::compiler::fingerprint: fingerprint dirty for rustc_driver_impl v0.0.0 (/Users/girivs/src/rust-tantraos/compiler/rustc_driver_impl)/Build/TargetInner { name_inferred: true, ..: lib_target("rustc_driver_impl", ["lib"], "/Users/girivs/src/rust-tantraos/compiler/rustc_driver_impl/src/lib.rs", Edition2024) }
   0.113701000s  INFO prepare_target{force=false package_id=rustc_driver_impl v0.0.0 (/Users/girivs/src/rust-tantraos/compiler/rustc_driver_impl) target="rustc_driver_impl"}: cargo::core::compiler::fingerprint:     dirty: FsStatusOutdated(StaleDepFingerprint { name: "rustc_passes" })
   0.114748667s  INFO prepare_target{force=false package_id=rustc_interface v0.0.0 (/Users/girivs/src/rust-tantraos/compiler/rustc_interface) target="rustc_interface"}: cargo::core::compiler::fingerprint: fingerprint dirty for rustc_interface v0.0.0 (/Users/girivs/src/rust-tantraos/compiler/rustc_interface)/Build/TargetInner { name_inferred: true, ..: lib_target("rustc_interface", ["lib"], "/Users/girivs/src/rust-tantraos/compiler/rustc_interface/src/lib.rs", Edition2024) }
   0.114753042s  INFO prepare_target{force=false package_id=rustc_interface v0.0.0 (/Users/girivs/src/rust-tantraos/compiler/rustc_interface) target="rustc_interface"}: cargo::core::compiler::fingerprint:     dirty: FsStatusOutdated(StaleDepFingerprint { name: "rustc_passes" })
   0.115701250s  INFO prepare_target{force=false package_id=rustc_passes v0.0.0 (/Users/girivs/src/rust-tantraos/compiler/rustc_passes) target="rustc_passes"}: cargo::core::compiler::fingerprint: fingerprint dirty for rustc_passes v0.0.0 (/Users/girivs/src/rust-tantraos/compiler/rustc_passes)/Build/TargetInner { name_inferred: true, ..: lib_target("rustc_passes", ["lib"], "/Users/girivs/src/rust-tantraos/compiler/rustc_passes/src/lib.rs", Edition2024) }
   0.115704417s  INFO prepare_target{force=false package_id=rustc_passes v0.0.0 (/Users/girivs/src/rust-tantraos/compiler/rustc_passes) target="rustc_passes"}: cargo::core::compiler::fingerprint:     dirty: FsStatusOutdated(StaleDepFingerprint { name: "rustc_privacy" })
   0.116153042s  INFO prepare_target{force=false package_id=rustc_privacy v0.0.0 (/Users/girivs/src/rust-tantraos/compiler/rustc_privacy) target="rustc_privacy"}: cargo::core::compiler::fingerprint: fingerprint dirty for rustc_privacy v0.0.0 (/Users/girivs/src/rust-tantraos/compiler/rustc_privacy)/Build/TargetInner { name_inferred: true, ..: lib_target("rustc_privacy", ["lib"], "/Users/girivs/src/rust-tantraos/compiler/rustc_privacy/src/lib.rs", Edition2024) }
   0.116155834s  INFO prepare_target{force=false package_id=rustc_privacy v0.0.0 (/Users/girivs/src/rust-tantraos/compiler/rustc_privacy) target="rustc_privacy"}: cargo::core::compiler::fingerprint:     dirty: FsStatusOutdated(StaleDepFingerprint { name: "rustc_ty_utils" })
   0.116514750s  INFO prepare_target{force=false package_id=rustc_ty_utils v0.0.0 (/Users/girivs/src/rust-tantraos/compiler/rustc_ty_utils) target="rustc_ty_utils"}: cargo::core::compiler::fingerprint: fingerprint dirty for rustc_ty_utils v0.0.0 (/Users/girivs/src/rust-tantraos/compiler/rustc_ty_utils)/Build/TargetInner { name_inferred: true, ..: lib_target("rustc_ty_utils", ["lib"], "/Users/girivs/src/rust-tantraos/compiler/rustc_ty_utils/src/lib.rs", Edition2024) }
   0.116521167s  INFO prepare_target{force=false package_id=rustc_ty_utils v0.0.0 (/Users/girivs/src/rust-tantraos/compiler/rustc_ty_utils) target="rustc_ty_utils"}: cargo::core::compiler::fingerprint:     dirty: FsStatusOutdated(StaleItem(ChangedFile { reference: "/Users/girivs/src/rust-tantraos/build/aarch64-apple-darwin/stage1-rustc/aarch64-apple-darwin/debug/.fingerprint/rustc_ty_utils-eb19f1895e7f68ff/dep-lib-rustc_ty_utils", reference_mtime: FileTime { seconds: 1758073039, nanos: 535070019 }, stale: "/Users/girivs/src/rust-tantraos/compiler/rustc_ty_utils/src/instance.rs", stale_mtime: FileTime { seconds: 1758073468, nanos: 811850659 } }))
       Fresh unicode-ident v1.0.18
       Fresh cfg-if v1.0.1
       Fresh stable_deref_trait v1.2.0
       Fresh bitflags v2.9.3
       Fresh proc-macro2 v1.0.101
       Fresh allocator-api2 v0.2.21
       Fresh once_cell v1.21.3
       Fresh equivalent v1.0.2
       Fresh foldhash v0.1.5
       Fresh version_check v0.9.5
       Fresh quote v1.0.40
       Fresh libc v0.2.174
       Fresh proc-macro-hack v0.5.20+deprecated
       Fresh hashbrown v0.15.5
       Fresh autocfg v1.5.0
       Fresh tracing-core v0.1.34
       Fresh syn v2.0.106
       Fresh indexmap v2.10.0
       Fresh typenum v1.18.0
       Fresh log v0.4.27
       Fresh scopeguard v1.2.0
       Fresh synstructure v0.13.2
       Fresh displaydoc v0.2.5
       Fresh zerovec-derive v0.11.1
       Fresh getrandom v0.3.3
       Fresh generic-array v0.14.7
       Fresh tracing-attributes v0.1.30
       Fresh parking_lot_core v0.9.11
       Fresh pin-project-lite v0.2.16
       Fresh zerofrom-derive v0.1.6
       Fresh yoke-derive v0.8.0
       Fresh lock_api v0.4.13
       Fresh tracing v0.1.41
       Fresh block-buffer v0.10.4
       Fresh crossbeam-utils v0.8.21
       Fresh crypto-common v0.1.6
       Fresh errno v0.3.13
       Fresh zerofrom v0.1.6
       Fresh parking_lot v0.12.4
       Fresh rustc-stable-hash v0.1.2
       Fresh digest v0.10.7
       Fresh yoke v0.8.0
       Fresh unic-langid-macros-impl v0.9.6
       Fresh rustix v1.0.8
       Fresh rustc_hashes v0.0.0 (/Users/girivs/src/rust-tantraos/compiler/rustc_hashes)
       Fresh crossbeam-epoch v0.9.18
       Fresh aho-corasick v1.1.3
       Fresh rustc-hash v1.1.0
       Fresh zerovec v0.11.4
       Fresh thin-vec v0.2.14
       Fresh regex-syntax v0.8.5
       Fresh fastrand v2.3.0
       Fresh itoa v1.0.15
       Fresh rustc_macros v0.0.0 (/Users/girivs/src/rust-tantraos/compiler/rustc_macros)
       Fresh crossbeam-deque v0.8.6
       Fresh psm v0.1.26
       Fresh rustc_index_macros v0.0.0 (/Users/girivs/src/rust-tantraos/compiler/rustc_index_macros)
       Fresh tinystr v0.8.1
       Fresh regex-automata v0.4.9
       Fresh tempfile v3.20.0
       Fresh rustc_serialize v0.0.0 (/Users/girivs/src/rust-tantraos/compiler/rustc_serialize)
       Fresh thiserror-impl v2.0.15
       Fresh cpufeatures v0.2.17
       Fresh either v1.15.0
       Fresh arrayvec v0.7.6
       Fresh unic-langid-impl v0.9.6
       Fresh rustc_index v0.0.0 (/Users/girivs/src/rust-tantraos/compiler/rustc_index)
       Fresh rustc_thread_pool v0.0.0 (/Users/girivs/src/rust-tantraos/compiler/rustc_thread_pool)
       Fresh stacker v0.1.21
       Fresh measureme v12.0.3
       Fresh ena v0.14.3
       Fresh jobserver v0.1.33
       Fresh memmap2 v0.2.3
       Fresh elsa v1.11.2
       Fresh rustc_arena v0.0.0 (/Users/girivs/src/rust-tantraos/compiler/rustc_arena)
       Fresh rustc_graphviz v0.0.0 (/Users/girivs/src/rust-tantraos/compiler/rustc_graphviz)
       Fresh arrayref v0.3.9
       Fresh constant_time_eq v0.3.1
       Fresh zerocopy v0.8.26
       Fresh sha1 v0.10.6
       Fresh sha2 v0.10.9
       Fresh blake3 v1.8.2
       Fresh rustc_data_structures v0.0.0 (/Users/girivs/src/rust-tantraos/compiler/rustc_data_structures)
       Fresh md-5 v0.10.6
       Fresh derive-where v1.6.0
       Fresh litemap v0.8.0
       Fresh scoped-tls v1.0.1
       Fresh writeable v0.6.1
       Fresh ppv-lite86 v0.2.21
       Fresh zerotrie v0.2.2
       Fresh icu_locale_core v2.0.0
       Fresh rustc_span v0.0.0 (/Users/girivs/src/rust-tantraos/compiler/rustc_span)
       Fresh rustc-literal-escaper v0.0.5
       Fresh potential_utf v0.1.2
       Fresh unicode-properties v0.1.3
       Fresh unicode-xid v0.2.6
       Fresh icu_provider v2.0.0
       Fresh rustc_lexer v0.0.0 (/Users/girivs/src/rust-tantraos/compiler/rustc_lexer)
       Fresh icu_collections v2.0.0
       Fresh rustc_ast_ir v0.0.0 (/Users/girivs/src/rust-tantraos/compiler/rustc_ast_ir)
       Fresh icu_locale_data v2.0.0
       Fresh icu_list v2.0.0
       Fresh rustc_ast v0.0.0 (/Users/girivs/src/rust-tantraos/compiler/rustc_ast)
       Fresh itertools v0.12.1
       Fresh serde_derive v1.0.219
       Fresh rand_core v0.9.3
       Fresh icu_locale v2.0.0
       Fresh rustc_ast_pretty v0.0.0 (/Users/girivs/src/rust-tantraos/compiler/rustc_ast_pretty)
       Fresh serde v1.0.219
       Fresh rand_chacha v0.9.0
       Fresh unic-langid-macros v0.9.6
       Fresh rustc_baked_icu_data v0.0.0 (/Users/girivs/src/rust-tantraos/compiler/rustc_baked_icu_data)
       Fresh crc32fast v1.5.0
       Fresh ryu v1.0.20
       Fresh unic-langid v0.9.6
       Fresh rand v0.9.2
       Fresh rand_xoshiro v0.7.0
       Fresh serde_derive_internals v0.29.1
       Fresh rustc_error_messages v0.0.0 (/Users/girivs/src/rust-tantraos/compiler/rustc_error_messages)
       Fresh serde_json v1.0.142
       Fresh wasmparser v0.236.1
       Fresh ref-cast-impl v1.0.24
       Fresh schemars_derive v1.0.4
       Fresh rustc_hir_id v0.0.0 (/Users/girivs/src/rust-tantraos/compiler/rustc_hir_id)
       Fresh ident_case v1.0.1
       Fresh fnv v1.0.7
       Fresh rustc_abi v0.0.0 (/Users/girivs/src/rust-tantraos/compiler/rustc_abi)
       Fresh object v0.37.3
       Fresh ref-cast v1.0.24
       Fresh rustc-hash v2.1.1
       Fresh strsim v0.11.1
       Fresh dyn-clone v1.0.19
       Fresh thiserror v2.0.15
       Fresh serde_path_to_error v0.1.17
       Fresh rustc_fs_util v0.0.0 (/Users/girivs/src/rust-tantraos/compiler/rustc_fs_util)
       Fresh memchr v2.7.5
       Fresh darling_core v0.20.11
       Fresh type-map v0.5.1
       Fresh schemars v1.0.4
       Fresh fluent-syntax v0.12.0
       Fresh fluent-langneg v0.13.0
       Fresh intl_pluralrules v7.0.2
       Fresh odht v0.3.1
       Fresh unicode-width v0.2.1
       Fresh smallvec v1.15.1
       Fresh self_cell v1.2.0
       Fresh intl-memoizer v0.5.3
       Fresh rustc_target v0.0.0 (/Users/girivs/src/rust-tantraos/compiler/rustc_target)
       Fresh darling_macro v0.20.11
       Fresh anstyle v1.0.11
       Fresh rustc_lint_defs v0.0.0 (/Users/girivs/src/rust-tantraos/compiler/rustc_lint_defs)
       Fresh termize v0.2.0
       Fresh termcolor v1.4.1
       Fresh rustc_error_codes v0.0.0 (/Users/girivs/src/rust-tantraos/compiler/rustc_error_codes)
       Fresh getopts v0.2.24
       Fresh rustc_hir v0.0.0 (/Users/girivs/src/rust-tantraos/compiler/rustc_hir)
       Fresh darling v0.20.11
       Fresh fluent-bundle v0.16.0
       Fresh annotate-snippets v0.11.5
       Fresh rustc_type_ir_macros v0.0.0 (/Users/girivs/src/rust-tantraos/compiler/rustc_type_ir_macros)
       Fresh datafrog v2.0.1
       Fresh gsgdt v0.1.2
       Fresh tinyvec_macros v0.1.1
       Fresh derive_setters v0.1.8
       Fresh rustc_fluent_macro v0.0.0 (/Users/girivs/src/rust-tantraos/compiler/rustc_fluent_macro)
       Fresh rustc_feature v0.0.0 (/Users/girivs/src/rust-tantraos/compiler/rustc_feature)
       Fresh rustc_type_ir v0.0.0 (/Users/girivs/src/rust-tantraos/compiler/rustc_type_ir)
       Fresh rustc_hir_pretty v0.0.0 (/Users/girivs/src/rust-tantraos/compiler/rustc_hir_pretty)
       Fresh polonius-engine v0.13.0
       Fresh tinyvec v1.9.0
       Fresh rustc_parse_format v0.0.0 (/Users/girivs/src/rust-tantraos/compiler/rustc_parse_format)
       Fresh getrandom v0.2.16
       Fresh rustc_errors v0.0.0 (/Users/girivs/src/rust-tantraos/compiler/rustc_errors)
       Fresh rustc_apfloat v0.2.3+llvm-462a31f5a5ab
       Fresh unicode-normalization v0.1.24
       Fresh rustc_next_trait_solver v0.0.0 (/Users/girivs/src/rust-tantraos/compiler/rustc_next_trait_solver)
       Fresh rand_core v0.6.4
       Fresh regex v1.11.1
       Fresh rustc_proc_macro v0.0.0 (/Users/girivs/src/rust-tantraos/compiler/rustc_proc_macro)
       Fresh static_assertions v1.1.0
       Fresh adler2 v2.0.1
       Fresh rustc_session v0.0.0 (/Users/girivs/src/rust-tantraos/compiler/rustc_session)
       Fresh rand_chacha v0.3.1
       Fresh miniz_oxide v0.8.9
       Fresh unicode-script v0.5.7
       Fresh libloading v0.8.8
       Fresh regex-syntax v0.6.29
       Fresh fallible-iterator v0.3.0
       Fresh overload v0.1.1
       Fresh rustc_query_system v0.0.0 (/Users/girivs/src/rust-tantraos/compiler/rustc_query_system)
       Fresh rustc_parse v0.0.0 (/Users/girivs/src/rust-tantraos/compiler/rustc_parse)
       Fresh rand v0.8.5
       Fresh unicode-security v0.1.2
       Fresh flate2 v1.1.2
       Fresh regex-automata v0.1.10
       Fresh gimli v0.31.1
       Fresh rustc-demangle v0.1.26
       Fresh punycode v0.4.1
       Fresh cfg_aliases v0.2.1
       Fresh rustc_middle v0.0.0 (/Users/girivs/src/rust-tantraos/compiler/rustc_middle)
       Fresh rustc_attr_parsing v0.0.0 (/Users/girivs/src/rust-tantraos/compiler/rustc_attr_parsing)
       Fresh twox-hash v1.6.3
       Fresh lazy_static v1.5.0
       Fresh shlex v1.3.0
       Fresh leb128 v0.2.5
       Fresh matchers v0.1.0
       Fresh nu-ansi-term v0.46.0
       Fresh rustc_transmute v0.0.0 (/Users/girivs/src/rust-tantraos/compiler/rustc_transmute)
       Fresh rustc_infer v0.0.0 (/Users/girivs/src/rust-tantraos/compiler/rustc_infer)
       Fresh rustc_ast_passes v0.0.0 (/Users/girivs/src/rust-tantraos/compiler/rustc_ast_passes)
       Fresh rustc_incremental v0.0.0 (/Users/girivs/src/rust-tantraos/compiler/rustc_incremental)
       Fresh ruzstd v0.7.3
       Fresh rustc_mir_dataflow v0.0.0 (/Users/girivs/src/rust-tantraos/compiler/rustc_mir_dataflow)
       Fresh cc v1.2.16
       Fresh rustc_pattern_analysis v0.0.0 (/Users/girivs/src/rust-tantraos/compiler/rustc_pattern_analysis)
       Fresh wasm-encoder v0.219.2
       Fresh rustc_trait_selection v0.0.0 (/Users/girivs/src/rust-tantraos/compiler/rustc_trait_selection)
       Fresh rustc_expand v0.0.0 (/Users/girivs/src/rust-tantraos/compiler/rustc_expand)
       Fresh object v0.36.7
       Fresh rustc_symbol_mangling v0.0.0 (/Users/girivs/src/rust-tantraos/compiler/rustc_symbol_mangling)
       Fresh sharded-slab v0.1.7
       Fresh ar_archive_writer v0.5.1
       Fresh bstr v1.12.0
       Fresh rustc_windows_rc v0.0.0 (/Users/girivs/src/rust-tantraos/compiler/rustc_windows_rc)
       Fresh thread_local v1.1.9
       Fresh rustc_metadata v0.0.0 (/Users/girivs/src/rust-tantraos/compiler/rustc_metadata)
       Fresh rustc_lint v0.0.0 (/Users/girivs/src/rust-tantraos/compiler/rustc_lint)
       Dirty rustc_ty_utils v0.0.0 (/Users/girivs/src/rust-tantraos/compiler/rustc_ty_utils): the file `compiler/rustc_ty_utils/src/instance.rs` has changed (1758073468.811850659s, 7m 9s after last build at 1758073039.535070019s)
   Compiling rustc_ty_utils v0.0.0 (/Users/girivs/src/rust-tantraos/compiler/rustc_ty_utils)
       Fresh thorin-dwp v0.9.0
       Fresh unicase v2.8.1
       Fresh pulldown-cmark-escape v0.11.0
       Fresh pathdiff v0.2.3
       Fresh rustc_const_eval v0.0.0 (/Users/girivs/src/rust-tantraos/compiler/rustc_const_eval)
       Fresh rustc_llvm v0.0.0 (/Users/girivs/src/rust-tantraos/compiler/rustc_llvm)
       Fresh rustc_sanitizers v0.0.0 (/Users/girivs/src/rust-tantraos/compiler/rustc_sanitizers)
     Running `/Users/girivs/src/rust-tantraos/build/bootstrap/debug/rustc /Users/girivs/src/rust-tantraos/build/bootstrap/debug/rustc --crate-name rustc_ty_utils --edition=2024 compiler/rustc_ty_utils/src/lib.rs --error-format=json --json=diagnostic-rendered-ansi,artifacts,future-incompat --crate-type lib --emit=dep-info,metadata,link -C embed-bitcode=no -C codegen-units=16 -C debug-assertions=off --check-cfg 'cfg(docsrs,test)' --check-cfg 'cfg(feature, values())' -C metadata=60b2e68ae8172665 -C extra-filename=-eb19f1895e7f68ff --out-dir /Users/girivs/src/rust-tantraos/build/aarch64-apple-darwin/stage1-rustc/aarch64-apple-darwin/debug/deps --target aarch64-apple-darwin -L dependency=/Users/girivs/src/rust-tantraos/build/aarch64-apple-darwin/stage1-rustc/aarch64-apple-darwin/debug/deps -L dependency=/Users/girivs/src/rust-tantraos/build/aarch64-apple-darwin/stage1-rustc/debug/deps --extern itertools=/Users/girivs/src/rust-tantraos/build/aarch64-apple-darwin/stage1-rustc/aarch64-apple-darwin/debug/deps/libitertools-bb5340b0f82f4fc5.rmeta --extern rustc_abi=/Users/girivs/src/rust-tantraos/build/aarch64-apple-darwin/stage1-rustc/aarch64-apple-darwin/debug/deps/librustc_abi-09e488c880f2e0a3.rmeta --extern rustc_data_structures=/Users/girivs/src/rust-tantraos/build/aarch64-apple-darwin/stage1-rustc/aarch64-apple-darwin/debug/deps/librustc_data_structures-53324afa57622985.rmeta --extern rustc_errors=/Users/girivs/src/rust-tantraos/build/aarch64-apple-darwin/stage1-rustc/aarch64-apple-darwin/debug/deps/librustc_errors-89d154c028688311.rmeta --extern rustc_fluent_macro=/Users/girivs/src/rust-tantraos/build/aarch64-apple-darwin/stage1-rustc/debug/deps/librustc_fluent_macro-6a93aa79dabde813.dylib --extern rustc_hashes=/Users/girivs/src/rust-tantraos/build/aarch64-apple-darwin/stage1-rustc/aarch64-apple-darwin/debug/deps/librustc_hashes-f21b6e9214cef269.rmeta --extern rustc_hir=/Users/girivs/src/rust-tantraos/build/aarch64-apple-darwin/stage1-rustc/aarch64-apple-darwin/debug/deps/librustc_hir-48fcfc8b9aa9f89a.rmeta --extern rustc_index=/Users/girivs/src/rust-tantraos/build/aarch64-apple-darwin/stage1-rustc/aarch64-apple-darwin/debug/deps/librustc_index-2bf14f55015abfd3.rmeta --extern rustc_infer=/Users/girivs/src/rust-tantraos/build/aarch64-apple-darwin/stage1-rustc/aarch64-apple-darwin/debug/deps/librustc_infer-c26c8f4fe6f1661c.rmeta --extern rustc_macros=/Users/girivs/src/rust-tantraos/build/aarch64-apple-darwin/stage1-rustc/debug/deps/librustc_macros-82fd4294dca5b57c.dylib --extern rustc_middle=/Users/girivs/src/rust-tantraos/build/aarch64-apple-darwin/stage1-rustc/aarch64-apple-darwin/debug/deps/librustc_middle-4856c36a9d44bf79.rmeta --extern rustc_session=/Users/girivs/src/rust-tantraos/build/aarch64-apple-darwin/stage1-rustc/aarch64-apple-darwin/debug/deps/librustc_session-a2f907dc0b7ee91b.rmeta --extern rustc_span=/Users/girivs/src/rust-tantraos/build/aarch64-apple-darwin/stage1-rustc/aarch64-apple-darwin/debug/deps/librustc_span-d6bec53b237ec4c4.rmeta --extern rustc_target=/Users/girivs/src/rust-tantraos/build/aarch64-apple-darwin/stage1-rustc/aarch64-apple-darwin/debug/deps/librustc_target-35cf86096f412775.rmeta --extern rustc_trait_selection=/Users/girivs/src/rust-tantraos/build/aarch64-apple-darwin/stage1-rustc/aarch64-apple-darwin/debug/deps/librustc_trait_selection-1f9259437d4ba99f.rmeta --extern tracing=/Users/girivs/src/rust-tantraos/build/aarch64-apple-darwin/stage1-rustc/aarch64-apple-darwin/debug/deps/libtracing-5605f2f867fad977.rmeta --cfg=bootstrap --cfg=windows_raw_dylib -Csymbol-mangling-version=v0 -Zunstable-options '--check-cfg=cfg(bootstrap)' '--check-cfg=cfg(llvm_enzyme)' -Zmacro-backtrace -Csplit-debuginfo=unpacked -Zosx-rpath-install-name '-Clink-args=-Wl,-rpath,@loader_path/../lib' -Alinker-messages -Zon-broken-pipe=kill -Clto=off -Z binary-dep-depinfo -L native=/Users/girivs/src/rust-tantraos/build/aarch64-apple-darwin/stage1-rustc/aarch64-apple-darwin/debug/build/psm-4644cc58932be6af/out -L native=/Users/girivs/src/rust-tantraos/build/aarch64-apple-darwin/stage1-rustc/aarch64-apple-darwin/debug/build/blake3-486d38906040b2a9/out`
       Fresh rustc_mir_build v0.0.0 (/Users/girivs/src/rust-tantraos/compiler/rustc_mir_build)
       Fresh rustc_codegen_ssa v0.0.0 (/Users/girivs/src/rust-tantraos/compiler/rustc_codegen_ssa)
       Fresh pulldown-cmark v0.11.3
       Fresh tracing-subscriber v0.3.18
       Fresh rustc_hir_analysis v0.0.0 (/Users/girivs/src/rust-tantraos/compiler/rustc_hir_analysis)
       Fresh rustc_traits v0.0.0 (/Users/girivs/src/rust-tantraos/compiler/rustc_traits)
       Fresh rustc_ast_lowering v0.0.0 (/Users/girivs/src/rust-tantraos/compiler/rustc_ast_lowering)
       Fresh tracing-log v0.2.0
       Fresh nu-ansi-term v0.50.1
       Fresh rustc_resolve v0.0.0 (/Users/girivs/src/rust-tantraos/compiler/rustc_resolve)
       Fresh rustc_mir_transform v0.0.0 (/Users/girivs/src/rust-tantraos/compiler/rustc_mir_transform)
       Fresh rustc_codegen_llvm v0.0.0 (/Users/girivs/src/rust-tantraos/compiler/rustc_codegen_llvm)
       Fresh nix v0.30.1
       Fresh rustc_hir_typeck v0.0.0 (/Users/girivs/src/rust-tantraos/compiler/rustc_hir_typeck)
       Fresh rustc_borrowck v0.0.0 (/Users/girivs/src/rust-tantraos/compiler/rustc_borrowck)
       Fresh rustc_builtin_macros v0.0.0 (/Users/girivs/src/rust-tantraos/compiler/rustc_builtin_macros)
       Fresh rustc_public_bridge v0.0.0 (/Users/girivs/src/rust-tantraos/compiler/rustc_public_bridge)
       Fresh tracing-tree v0.3.1
       Fresh rustc_query_impl v0.0.0 (/Users/girivs/src/rust-tantraos/compiler/rustc_query_impl)
       Fresh rustc_monomorphize v0.0.0 (/Users/girivs/src/rust-tantraos/compiler/rustc_monomorphize)
       Fresh ctrlc v3.4.7
       Fresh rustc_public v0.1.0-preview (/Users/girivs/src/rust-tantraos/compiler/rustc_public)
       Fresh jiff v0.2.15
       Fresh rustc_log v0.0.0 (/Users/girivs/src/rust-tantraos/compiler/rustc_log)
       Dirty rustc_privacy v0.0.0 (/Users/girivs/src/rust-tantraos/compiler/rustc_privacy): the dependency rustc_ty_utils was rebuilt
   Compiling rustc_privacy v0.0.0 (/Users/girivs/src/rust-tantraos/compiler/rustc_privacy)
     Running `/Users/girivs/src/rust-tantraos/build/bootstrap/debug/rustc /Users/girivs/src/rust-tantraos/build/bootstrap/debug/rustc --crate-name rustc_privacy --edition=2024 compiler/rustc_privacy/src/lib.rs --error-format=json --json=diagnostic-rendered-ansi,artifacts,future-incompat --crate-type lib --emit=dep-info,metadata,link -C embed-bitcode=no -C codegen-units=16 -C debug-assertions=off --check-cfg 'cfg(docsrs,test)' --check-cfg 'cfg(feature, values())' -C metadata=4e4b40d2582a6f1d -C extra-filename=-50e1ffb75a78c5c5 --out-dir /Users/girivs/src/rust-tantraos/build/aarch64-apple-darwin/stage1-rustc/aarch64-apple-darwin/debug/deps --target aarch64-apple-darwin -L dependency=/Users/girivs/src/rust-tantraos/build/aarch64-apple-darwin/stage1-rustc/aarch64-apple-darwin/debug/deps -L dependency=/Users/girivs/src/rust-tantraos/build/aarch64-apple-darwin/stage1-rustc/debug/deps --extern rustc_ast=/Users/girivs/src/rust-tantraos/build/aarch64-apple-darwin/stage1-rustc/aarch64-apple-darwin/debug/deps/librustc_ast-986d44ba93a5512b.rmeta --extern rustc_data_structures=/Users/girivs/src/rust-tantraos/build/aarch64-apple-darwin/stage1-rustc/aarch64-apple-darwin/debug/deps/librustc_data_structures-53324afa57622985.rmeta --extern rustc_errors=/Users/girivs/src/rust-tantraos/build/aarch64-apple-darwin/stage1-rustc/aarch64-apple-darwin/debug/deps/librustc_errors-89d154c028688311.rmeta --extern rustc_fluent_macro=/Users/girivs/src/rust-tantraos/build/aarch64-apple-darwin/stage1-rustc/debug/deps/librustc_fluent_macro-6a93aa79dabde813.dylib --extern rustc_hir=/Users/girivs/src/rust-tantraos/build/aarch64-apple-darwin/stage1-rustc/aarch64-apple-darwin/debug/deps/librustc_hir-48fcfc8b9aa9f89a.rmeta --extern rustc_macros=/Users/girivs/src/rust-tantraos/build/aarch64-apple-darwin/stage1-rustc/debug/deps/librustc_macros-82fd4294dca5b57c.dylib --extern rustc_middle=/Users/girivs/src/rust-tantraos/build/aarch64-apple-darwin/stage1-rustc/aarch64-apple-darwin/debug/deps/librustc_middle-4856c36a9d44bf79.rmeta --extern rustc_session=/Users/girivs/src/rust-tantraos/build/aarch64-apple-darwin/stage1-rustc/aarch64-apple-darwin/debug/deps/librustc_session-a2f907dc0b7ee91b.rmeta --extern rustc_span=/Users/girivs/src/rust-tantraos/build/aarch64-apple-darwin/stage1-rustc/aarch64-apple-darwin/debug/deps/librustc_span-d6bec53b237ec4c4.rmeta --extern rustc_ty_utils=/Users/girivs/src/rust-tantraos/build/aarch64-apple-darwin/stage1-rustc/aarch64-apple-darwin/debug/deps/librustc_ty_utils-eb19f1895e7f68ff.rmeta --extern tracing=/Users/girivs/src/rust-tantraos/build/aarch64-apple-darwin/stage1-rustc/aarch64-apple-darwin/debug/deps/libtracing-5605f2f867fad977.rmeta --cfg=bootstrap --cfg=windows_raw_dylib -Csymbol-mangling-version=v0 -Zunstable-options '--check-cfg=cfg(bootstrap)' '--check-cfg=cfg(llvm_enzyme)' -Zmacro-backtrace -Csplit-debuginfo=unpacked -Zosx-rpath-install-name '-Clink-args=-Wl,-rpath,@loader_path/../lib' -Alinker-messages -Zon-broken-pipe=kill -Clto=off -Z binary-dep-depinfo -L native=/Users/girivs/src/rust-tantraos/build/aarch64-apple-darwin/stage1-rustc/aarch64-apple-darwin/debug/build/psm-4644cc58932be6af/out -L native=/Users/girivs/src/rust-tantraos/build/aarch64-apple-darwin/stage1-rustc/aarch64-apple-darwin/debug/build/blake3-486d38906040b2a9/out`
       Dirty rustc_passes v0.0.0 (/Users/girivs/src/rust-tantraos/compiler/rustc_passes): the dependency rustc_privacy was rebuilt
   Compiling rustc_passes v0.0.0 (/Users/girivs/src/rust-tantraos/compiler/rustc_passes)
     Running `/Users/girivs/src/rust-tantraos/build/bootstrap/debug/rustc /Users/girivs/src/rust-tantraos/build/bootstrap/debug/rustc --crate-name rustc_passes --edition=2024 compiler/rustc_passes/src/lib.rs --error-format=json --json=diagnostic-rendered-ansi,artifacts,future-incompat --crate-type lib --emit=dep-info,metadata,link -C embed-bitcode=no -C codegen-units=16 -C debug-assertions=off --check-cfg 'cfg(docsrs,test)' --check-cfg 'cfg(feature, values())' -C metadata=74bc1bb23d0ddc07 -C extra-filename=-53a50a97fea9d2b6 --out-dir /Users/girivs/src/rust-tantraos/build/aarch64-apple-darwin/stage1-rustc/aarch64-apple-darwin/debug/deps --target aarch64-apple-darwin -L dependency=/Users/girivs/src/rust-tantraos/build/aarch64-apple-darwin/stage1-rustc/aarch64-apple-darwin/debug/deps -L dependency=/Users/girivs/src/rust-tantraos/build/aarch64-apple-darwin/stage1-rustc/debug/deps --extern rustc_abi=/Users/girivs/src/rust-tantraos/build/aarch64-apple-darwin/stage1-rustc/aarch64-apple-darwin/debug/deps/librustc_abi-09e488c880f2e0a3.rmeta --extern rustc_ast=/Users/girivs/src/rust-tantraos/build/aarch64-apple-darwin/stage1-rustc/aarch64-apple-darwin/debug/deps/librustc_ast-986d44ba93a5512b.rmeta --extern rustc_ast_lowering=/Users/girivs/src/rust-tantraos/build/aarch64-apple-darwin/stage1-rustc/aarch64-apple-darwin/debug/deps/librustc_ast_lowering-e2a5d3f5b909baa8.rmeta --extern rustc_ast_pretty=/Users/girivs/src/rust-tantraos/build/aarch64-apple-darwin/stage1-rustc/aarch64-apple-darwin/debug/deps/librustc_ast_pretty-e5f9988db04cd780.rmeta --extern rustc_attr_parsing=/Users/girivs/src/rust-tantraos/build/aarch64-apple-darwin/stage1-rustc/aarch64-apple-darwin/debug/deps/librustc_attr_parsing-362765332dccbe89.rmeta --extern rustc_data_structures=/Users/girivs/src/rust-tantraos/build/aarch64-apple-darwin/stage1-rustc/aarch64-apple-darwin/debug/deps/librustc_data_structures-53324afa57622985.rmeta --extern rustc_errors=/Users/girivs/src/rust-tantraos/build/aarch64-apple-darwin/stage1-rustc/aarch64-apple-darwin/debug/deps/librustc_errors-89d154c028688311.rmeta --extern rustc_expand=/Users/girivs/src/rust-tantraos/build/aarch64-apple-darwin/stage1-rustc/aarch64-apple-darwin/debug/deps/librustc_expand-f1c9eba824dcfc81.rmeta --extern rustc_feature=/Users/girivs/src/rust-tantraos/build/aarch64-apple-darwin/stage1-rustc/aarch64-apple-darwin/debug/deps/librustc_feature-408fdd73cabbcdd5.rmeta --extern rustc_fluent_macro=/Users/girivs/src/rust-tantraos/build/aarch64-apple-darwin/stage1-rustc/debug/deps/librustc_fluent_macro-6a93aa79dabde813.dylib --extern rustc_hir=/Users/girivs/src/rust-tantraos/build/aarch64-apple-darwin/stage1-rustc/aarch64-apple-darwin/debug/deps/librustc_hir-48fcfc8b9aa9f89a.rmeta --extern rustc_index=/Users/girivs/src/rust-tantraos/build/aarch64-apple-darwin/stage1-rustc/aarch64-apple-darwin/debug/deps/librustc_index-2bf14f55015abfd3.rmeta --extern rustc_macros=/Users/girivs/src/rust-tantraos/build/aarch64-apple-darwin/stage1-rustc/debug/deps/librustc_macros-82fd4294dca5b57c.dylib --extern rustc_middle=/Users/girivs/src/rust-tantraos/build/aarch64-apple-darwin/stage1-rustc/aarch64-apple-darwin/debug/deps/librustc_middle-4856c36a9d44bf79.rmeta --extern rustc_privacy=/Users/girivs/src/rust-tantraos/build/aarch64-apple-darwin/stage1-rustc/aarch64-apple-darwin/debug/deps/librustc_privacy-50e1ffb75a78c5c5.rmeta --extern rustc_session=/Users/girivs/src/rust-tantraos/build/aarch64-apple-darwin/stage1-rustc/aarch64-apple-darwin/debug/deps/librustc_session-a2f907dc0b7ee91b.rmeta --extern rustc_span=/Users/girivs/src/rust-tantraos/build/aarch64-apple-darwin/stage1-rustc/aarch64-apple-darwin/debug/deps/librustc_span-d6bec53b237ec4c4.rmeta --extern rustc_target=/Users/girivs/src/rust-tantraos/build/aarch64-apple-darwin/stage1-rustc/aarch64-apple-darwin/debug/deps/librustc_target-35cf86096f412775.rmeta --extern rustc_trait_selection=/Users/girivs/src/rust-tantraos/build/aarch64-apple-darwin/stage1-rustc/aarch64-apple-darwin/debug/deps/librustc_trait_selection-1f9259437d4ba99f.rmeta --extern tracing=/Users/girivs/src/rust-tantraos/build/aarch64-apple-darwin/stage1-rustc/aarch64-apple-darwin/debug/deps/libtracing-5605f2f867fad977.rmeta --cfg=bootstrap --cfg=windows_raw_dylib -Csymbol-mangling-version=v0 -Zunstable-options '--check-cfg=cfg(bootstrap)' '--check-cfg=cfg(llvm_enzyme)' -Zmacro-backtrace -Csplit-debuginfo=unpacked -Zosx-rpath-install-name '-Clink-args=-Wl,-rpath,@loader_path/../lib' -Alinker-messages -Zon-broken-pipe=kill -Clto=off -Z binary-dep-depinfo -L native=/Users/girivs/src/rust-tantraos/build/aarch64-apple-darwin/stage1-rustc/aarch64-apple-darwin/debug/build/psm-4644cc58932be6af/out -L native=/Users/girivs/src/rust-tantraos/build/aarch64-apple-darwin/stage1-rustc/aarch64-apple-darwin/debug/build/blake3-486d38906040b2a9/out`
       Dirty rustc_interface v0.0.0 (/Users/girivs/src/rust-tantraos/compiler/rustc_interface): the dependency rustc_passes was rebuilt
   Compiling rustc_interface v0.0.0 (/Users/girivs/src/rust-tantraos/compiler/rustc_interface)
     Running `/Users/girivs/src/rust-tantraos/build/bootstrap/debug/rustc /Users/girivs/src/rust-tantraos/build/bootstrap/debug/rustc --crate-name rustc_interface --edition=2024 compiler/rustc_interface/src/lib.rs --error-format=json --json=diagnostic-rendered-ansi,artifacts,future-incompat --crate-type lib --emit=dep-info,metadata,link -C embed-bitcode=no -C codegen-units=16 -C debug-assertions=off --cfg 'feature="llvm"' --check-cfg 'cfg(docsrs,test)' --check-cfg 'cfg(feature, values("check_only", "llvm"))' -C metadata=164cdf522499cb11 -C extra-filename=-497297566db25050 --out-dir /Users/girivs/src/rust-tantraos/build/aarch64-apple-darwin/stage1-rustc/aarch64-apple-darwin/debug/deps --target aarch64-apple-darwin -L dependency=/Users/girivs/src/rust-tantraos/build/aarch64-apple-darwin/stage1-rustc/aarch64-apple-darwin/debug/deps -L dependency=/Users/girivs/src/rust-tantraos/build/aarch64-apple-darwin/stage1-rustc/debug/deps --extern rustc_ast=/Users/girivs/src/rust-tantraos/build/aarch64-apple-darwin/stage1-rustc/aarch64-apple-darwin/debug/deps/librustc_ast-986d44ba93a5512b.rmeta --extern rustc_ast_lowering=/Users/girivs/src/rust-tantraos/build/aarch64-apple-darwin/stage1-rustc/aarch64-apple-darwin/debug/deps/librustc_ast_lowering-e2a5d3f5b909baa8.rmeta --extern rustc_ast_passes=/Users/girivs/src/rust-tantraos/build/aarch64-apple-darwin/stage1-rustc/aarch64-apple-darwin/debug/deps/librustc_ast_passes-38fc80fedba07bb2.rmeta --extern rustc_ast_pretty=/Users/girivs/src/rust-tantraos/build/aarch64-apple-darwin/stage1-rustc/aarch64-apple-darwin/debug/deps/librustc_ast_pretty-e5f9988db04cd780.rmeta --extern rustc_attr_parsing=/Users/girivs/src/rust-tantraos/build/aarch64-apple-darwin/stage1-rustc/aarch64-apple-darwin/debug/deps/librustc_attr_parsing-362765332dccbe89.rmeta --extern rustc_borrowck=/Users/girivs/src/rust-tantraos/build/aarch64-apple-darwin/stage1-rustc/aarch64-apple-darwin/debug/deps/librustc_borrowck-a1367a0a299c9066.rmeta --extern rustc_builtin_macros=/Users/girivs/src/rust-tantraos/build/aarch64-apple-darwin/stage1-rustc/aarch64-apple-darwin/debug/deps/librustc_builtin_macros-fabec34a1763cbd7.rmeta --extern rustc_codegen_llvm=/Users/girivs/src/rust-tantraos/build/aarch64-apple-darwin/stage1-rustc/aarch64-apple-darwin/debug/deps/librustc_codegen_llvm-2a73e8e4d18bbbf7.rmeta --extern rustc_codegen_ssa=/Users/girivs/src/rust-tantraos/build/aarch64-apple-darwin/stage1-rustc/aarch64-apple-darwin/debug/deps/librustc_codegen_ssa-02c0928f02ba91c5.rmeta --extern rustc_const_eval=/Users/girivs/src/rust-tantraos/build/aarch64-apple-darwin/stage1-rustc/aarch64-apple-darwin/debug/deps/librustc_const_eval-6eb3232987f7a576.rmeta --extern rustc_data_structures=/Users/girivs/src/rust-tantraos/build/aarch64-apple-darwin/stage1-rustc/aarch64-apple-darwin/debug/deps/librustc_data_structures-53324afa57622985.rmeta --extern rustc_errors=/Users/girivs/src/rust-tantraos/build/aarch64-apple-darwin/stage1-rustc/aarch64-apple-darwin/debug/deps/librustc_errors-89d154c028688311.rmeta --extern rustc_expand=/Users/girivs/src/rust-tantraos/build/aarch64-apple-darwin/stage1-rustc/aarch64-apple-darwin/debug/deps/librustc_expand-f1c9eba824dcfc81.rmeta --extern rustc_feature=/Users/girivs/src/rust-tantraos/build/aarch64-apple-darwin/stage1-rustc/aarch64-apple-darwin/debug/deps/librustc_feature-408fdd73cabbcdd5.rmeta --extern rustc_fluent_macro=/Users/girivs/src/rust-tantraos/build/aarch64-apple-darwin/stage1-rustc/debug/deps/librustc_fluent_macro-6a93aa79dabde813.dylib --extern rustc_fs_util=/Users/girivs/src/rust-tantraos/build/aarch64-apple-darwin/stage1-rustc/aarch64-apple-darwin/debug/deps/librustc_fs_util-15cace19e9869a25.rmeta --extern rustc_hir=/Users/girivs/src/rust-tantraos/build/aarch64-apple-darwin/stage1-rustc/aarch64-apple-darwin/debug/deps/librustc_hir-48fcfc8b9aa9f89a.rmeta --extern rustc_hir_analysis=/Users/girivs/src/rust-tantraos/build/aarch64-apple-darwin/stage1-rustc/aarch64-apple-darwin/debug/deps/librustc_hir_analysis-52399541a10f399a.rmeta --extern rustc_hir_typeck=/Users/girivs/src/rust-tantraos/build/aarch64-apple-darwin/stage1-rustc/aarch64-apple-darwin/debug/deps/librustc_hir_typeck-6031be16d1fc7676.rmeta --extern rustc_incremental=/Users/girivs/src/rust-tantraos/build/aarch64-apple-darwin/stage1-rustc/aarch64-apple-darwin/debug/deps/librustc_incremental-0403c0da8cf745b1.rmeta --extern rustc_lint=/Users/girivs/src/rust-tantraos/build/aarch64-apple-darwin/stage1-rustc/aarch64-apple-darwin/debug/deps/librustc_lint-e3e7dded08f42b1e.rmeta --extern rustc_macros=/Users/girivs/src/rust-tantraos/build/aarch64-apple-darwin/stage1-rustc/debug/deps/librustc_macros-82fd4294dca5b57c.dylib --extern rustc_metadata=/Users/girivs/src/rust-tantraos/build/aarch64-apple-darwin/stage1-rustc/aarch64-apple-darwin/debug/deps/librustc_metadata-6eb25f80f3d7d52b.rmeta --extern rustc_middle=/Users/girivs/src/rust-tantraos/build/aarch64-apple-darwin/stage1-rustc/aarch64-apple-darwin/debug/deps/librustc_middle-4856c36a9d44bf79.rmeta --extern rustc_mir_build=/Users/girivs/src/rust-tantraos/build/aarch64-apple-darwin/stage1-rustc/aarch64-apple-darwin/debug/deps/librustc_mir_build-6f13cf009b1cfbc0.rmeta --extern rustc_mir_transform=/Users/girivs/src/rust-tantraos/build/aarch64-apple-darwin/stage1-rustc/aarch64-apple-darwin/debug/deps/librustc_mir_transform-53b6e50986cc59da.rmeta --extern rustc_monomorphize=/Users/girivs/src/rust-tantraos/build/aarch64-apple-darwin/stage1-rustc/aarch64-apple-darwin/debug/deps/librustc_monomorphize-9f3be6a72c911929.rmeta --extern rustc_parse=/Users/girivs/src/rust-tantraos/build/aarch64-apple-darwin/stage1-rustc/aarch64-apple-darwin/debug/deps/librustc_parse-d0ade8b6f510f5cb.rmeta --extern rustc_passes=/Users/girivs/src/rust-tantraos/build/aarch64-apple-darwin/stage1-rustc/aarch64-apple-darwin/debug/deps/librustc_passes-53a50a97fea9d2b6.rmeta --extern rustc_privacy=/Users/girivs/src/rust-tantraos/build/aarch64-apple-darwin/stage1-rustc/aarch64-apple-darwin/debug/deps/librustc_privacy-50e1ffb75a78c5c5.rmeta --extern rustc_query_impl=/Users/girivs/src/rust-tantraos/build/aarch64-apple-darwin/stage1-rustc/aarch64-apple-darwin/debug/deps/librustc_query_impl-9f96679472d93131.rmeta --extern rustc_query_system=/Users/girivs/src/rust-tantraos/build/aarch64-apple-darwin/stage1-rustc/aarch64-apple-darwin/debug/deps/librustc_query_system-48bb7dd372d0b900.rmeta --extern rustc_resolve=/Users/girivs/src/rust-tantraos/build/aarch64-apple-darwin/stage1-rustc/aarch64-apple-darwin/debug/deps/librustc_resolve-8910a05e9a634dd5.rmeta --extern rustc_session=/Users/girivs/src/rust-tantraos/build/aarch64-apple-darwin/stage1-rustc/aarch64-apple-darwin/debug/deps/librustc_session-a2f907dc0b7ee91b.rmeta --extern rustc_span=/Users/girivs/src/rust-tantraos/build/aarch64-apple-darwin/stage1-rustc/aarch64-apple-darwin/debug/deps/librustc_span-d6bec53b237ec4c4.rmeta --extern rustc_symbol_mangling=/Users/girivs/src/rust-tantraos/build/aarch64-apple-darwin/stage1-rustc/aarch64-apple-darwin/debug/deps/librustc_symbol_mangling-afc9f98714ddb03c.rmeta --extern rustc_target=/Users/girivs/src/rust-tantraos/build/aarch64-apple-darwin/stage1-rustc/aarch64-apple-darwin/debug/deps/librustc_target-35cf86096f412775.rmeta --extern rustc_thread_pool=/Users/girivs/src/rust-tantraos/build/aarch64-apple-darwin/stage1-rustc/aarch64-apple-darwin/debug/deps/librustc_thread_pool-d378f618fb477099.rmeta --extern rustc_trait_selection=/Users/girivs/src/rust-tantraos/build/aarch64-apple-darwin/stage1-rustc/aarch64-apple-darwin/debug/deps/librustc_trait_selection-1f9259437d4ba99f.rmeta --extern rustc_traits=/Users/girivs/src/rust-tantraos/build/aarch64-apple-darwin/stage1-rustc/aarch64-apple-darwin/debug/deps/librustc_traits-d4ce6785dfb6d2c1.rmeta --extern rustc_ty_utils=/Users/girivs/src/rust-tantraos/build/aarch64-apple-darwin/stage1-rustc/aarch64-apple-darwin/debug/deps/librustc_ty_utils-eb19f1895e7f68ff.rmeta --extern tracing=/Users/girivs/src/rust-tantraos/build/aarch64-apple-darwin/stage1-rustc/aarch64-apple-darwin/debug/deps/libtracing-5605f2f867fad977.rmeta --cfg=bootstrap --cfg=windows_raw_dylib -Csymbol-mangling-version=v0 -Zunstable-options '--check-cfg=cfg(bootstrap)' '--check-cfg=cfg(llvm_enzyme)' -Zmacro-backtrace -Csplit-debuginfo=unpacked -Zosx-rpath-install-name '-Clink-args=-Wl,-rpath,@loader_path/../lib' -Alinker-messages -Zon-broken-pipe=kill -Clto=off -Z binary-dep-depinfo -L native=/Users/girivs/src/rust-tantraos/build/aarch64-apple-darwin/stage1-rustc/aarch64-apple-darwin/debug/build/psm-4644cc58932be6af/out -L native=/Users/girivs/src/rust-tantraos/build/aarch64-apple-darwin/stage1-rustc/aarch64-apple-darwin/debug/build/blake3-486d38906040b2a9/out -L native=/Users/girivs/src/rust-tantraos/build/aarch64-apple-darwin/stage1-rustc/aarch64-apple-darwin/debug/build/rustc_llvm-56adf9ce591945d2/out -L native=/Users/girivs/src/rust-tantraos/build/aarch64-apple-darwin/ci-llvm/lib`
       Dirty rustc_driver_impl v0.0.0 (/Users/girivs/src/rust-tantraos/compiler/rustc_driver_impl): the dependency rustc_passes was rebuilt
   Compiling rustc_driver_impl v0.0.0 (/Users/girivs/src/rust-tantraos/compiler/rustc_driver_impl)
     Running `/Users/girivs/src/rust-tantraos/build/bootstrap/debug/rustc /Users/girivs/src/rust-tantraos/build/bootstrap/debug/rustc --crate-name rustc_driver_impl --edition=2024 compiler/rustc_driver_impl/src/lib.rs --error-format=json --json=diagnostic-rendered-ansi,artifacts,future-incompat --crate-type lib --emit=dep-info,metadata,link -C embed-bitcode=no -C codegen-units=16 -C debug-assertions=off --cfg 'feature="llvm"' --cfg 'feature="max_level_info"' --check-cfg 'cfg(docsrs,test)' --check-cfg 'cfg(feature, values("check_only", "llvm", "max_level_info", "rustc_randomized_layouts"))' -C metadata=9b955a8457d3f349 -C extra-filename=-2df1cd77b2a491ea --out-dir /Users/girivs/src/rust-tantraos/build/aarch64-apple-darwin/stage1-rustc/aarch64-apple-darwin/debug/deps --target aarch64-apple-darwin -L dependency=/Users/girivs/src/rust-tantraos/build/aarch64-apple-darwin/stage1-rustc/aarch64-apple-darwin/debug/deps -L dependency=/Users/girivs/src/rust-tantraos/build/aarch64-apple-darwin/stage1-rustc/debug/deps --extern ctrlc=/Users/girivs/src/rust-tantraos/build/aarch64-apple-darwin/stage1-rustc/aarch64-apple-darwin/debug/deps/libctrlc-7210738f97d8b848.rmeta --extern jiff=/Users/girivs/src/rust-tantraos/build/aarch64-apple-darwin/stage1-rustc/aarch64-apple-darwin/debug/deps/libjiff-7f159afec8414665.rmeta --extern libc=/Users/girivs/src/rust-tantraos/build/aarch64-apple-darwin/stage1-rustc/aarch64-apple-darwin/debug/deps/liblibc-44678f8c97d89ee4.rmeta --extern rustc_abi=/Users/girivs/src/rust-tantraos/build/aarch64-apple-darwin/stage1-rustc/aarch64-apple-darwin/debug/deps/librustc_abi-09e488c880f2e0a3.rmeta --extern rustc_ast=/Users/girivs/src/rust-tantraos/build/aarch64-apple-darwin/stage1-rustc/aarch64-apple-darwin/debug/deps/librustc_ast-986d44ba93a5512b.rmeta --extern rustc_ast_lowering=/Users/girivs/src/rust-tantraos/build/aarch64-apple-darwin/stage1-rustc/aarch64-apple-darwin/debug/deps/librustc_ast_lowering-e2a5d3f5b909baa8.rmeta --extern rustc_ast_passes=/Users/girivs/src/rust-tantraos/build/aarch64-apple-darwin/stage1-rustc/aarch64-apple-darwin/debug/deps/librustc_ast_passes-38fc80fedba07bb2.rmeta --extern rustc_ast_pretty=/Users/girivs/src/rust-tantraos/build/aarch64-apple-darwin/stage1-rustc/aarch64-apple-darwin/debug/deps/librustc_ast_pretty-e5f9988db04cd780.rmeta --extern rustc_attr_parsing=/Users/girivs/src/rust-tantraos/build/aarch64-apple-darwin/stage1-rustc/aarch64-apple-darwin/debug/deps/librustc_attr_parsing-362765332dccbe89.rmeta --extern rustc_borrowck=/Users/girivs/src/rust-tantraos/build/aarch64-apple-darwin/stage1-rustc/aarch64-apple-darwin/debug/deps/librustc_borrowck-a1367a0a299c9066.rmeta --extern rustc_builtin_macros=/Users/girivs/src/rust-tantraos/build/aarch64-apple-darwin/stage1-rustc/aarch64-apple-darwin/debug/deps/librustc_builtin_macros-fabec34a1763cbd7.rmeta --extern rustc_codegen_ssa=/Users/girivs/src/rust-tantraos/build/aarch64-apple-darwin/stage1-rustc/aarch64-apple-darwin/debug/deps/librustc_codegen_ssa-02c0928f02ba91c5.rmeta --extern rustc_const_eval=/Users/girivs/src/rust-tantraos/build/aarch64-apple-darwin/stage1-rustc/aarch64-apple-darwin/debug/deps/librustc_const_eval-6eb3232987f7a576.rmeta --extern rustc_data_structures=/Users/girivs/src/rust-tantraos/build/aarch64-apple-darwin/stage1-rustc/aarch64-apple-darwin/debug/deps/librustc_data_structures-53324afa57622985.rmeta --extern rustc_errors=/Users/girivs/src/rust-tantraos/build/aarch64-apple-darwin/stage1-rustc/aarch64-apple-darwin/debug/deps/librustc_errors-89d154c028688311.rmeta --extern rustc_expand=/Users/girivs/src/rust-tantraos/build/aarch64-apple-darwin/stage1-rustc/aarch64-apple-darwin/debug/deps/librustc_expand-f1c9eba824dcfc81.rmeta --extern rustc_feature=/Users/girivs/src/rust-tantraos/build/aarch64-apple-darwin/stage1-rustc/aarch64-apple-darwin/debug/deps/librustc_feature-408fdd73cabbcdd5.rmeta --extern rustc_fluent_macro=/Users/girivs/src/rust-tantraos/build/aarch64-apple-darwin/stage1-rustc/debug/deps/librustc_fluent_macro-6a93aa79dabde813.dylib --extern rustc_hir_analysis=/Users/girivs/src/rust-tantraos/build/aarch64-apple-darwin/stage1-rustc/aarch64-apple-darwin/debug/deps/librustc_hir_analysis-52399541a10f399a.rmeta --extern rustc_hir_pretty=/Users/girivs/src/rust-tantraos/build/aarch64-apple-darwin/stage1-rustc/aarch64-apple-darwin/debug/deps/librustc_hir_pretty-ce09053d6a05e15c.rmeta --extern rustc_hir_typeck=/Users/girivs/src/rust-tantraos/build/aarch64-apple-darwin/stage1-rustc/aarch64-apple-darwin/debug/deps/librustc_hir_typeck-6031be16d1fc7676.rmeta --extern rustc_incremental=/Users/girivs/src/rust-tantraos/build/aarch64-apple-darwin/stage1-rustc/aarch64-apple-darwin/debug/deps/librustc_incremental-0403c0da8cf745b1.rmeta --extern rustc_index=/Users/girivs/src/rust-tantraos/build/aarch64-apple-darwin/stage1-rustc/aarch64-apple-darwin/debug/deps/librustc_index-2bf14f55015abfd3.rmeta --extern rustc_infer=/Users/girivs/src/rust-tantraos/build/aarch64-apple-darwin/stage1-rustc/aarch64-apple-darwin/debug/deps/librustc_infer-c26c8f4fe6f1661c.rmeta --extern rustc_interface=/Users/girivs/src/rust-tantraos/build/aarch64-apple-darwin/stage1-rustc/aarch64-apple-darwin/debug/deps/librustc_interface-497297566db25050.rmeta --extern rustc_lint=/Users/girivs/src/rust-tantraos/build/aarch64-apple-darwin/stage1-rustc/aarch64-apple-darwin/debug/deps/librustc_lint-e3e7dded08f42b1e.rmeta --extern rustc_log=/Users/girivs/src/rust-tantraos/build/aarch64-apple-darwin/stage1-rustc/aarch64-apple-darwin/debug/deps/librustc_log-716dc6e67e80746d.rmeta --extern rustc_macros=/Users/girivs/src/rust-tantraos/build/aarch64-apple-darwin/stage1-rustc/debug/deps/librustc_macros-82fd4294dca5b57c.dylib --extern rustc_metadata=/Users/girivs/src/rust-tantraos/build/aarch64-apple-darwin/stage1-rustc/aarch64-apple-darwin/debug/deps/librustc_metadata-6eb25f80f3d7d52b.rmeta --extern rustc_middle=/Users/girivs/src/rust-tantraos/build/aarch64-apple-darwin/stage1-rustc/aarch64-apple-darwin/debug/deps/librustc_middle-4856c36a9d44bf79.rmeta --extern rustc_mir_build=/Users/girivs/src/rust-tantraos/build/aarch64-apple-darwin/stage1-rustc/aarch64-apple-darwin/debug/deps/librustc_mir_build-6f13cf009b1cfbc0.rmeta --extern rustc_mir_dataflow=/Users/girivs/src/rust-tantraos/build/aarch64-apple-darwin/stage1-rustc/aarch64-apple-darwin/debug/deps/librustc_mir_dataflow-eda3f45ee4844999.rmeta --extern rustc_mir_transform=/Users/girivs/src/rust-tantraos/build/aarch64-apple-darwin/stage1-rustc/aarch64-apple-darwin/debug/deps/librustc_mir_transform-53b6e50986cc59da.rmeta --extern rustc_monomorphize=/Users/girivs/src/rust-tantraos/build/aarch64-apple-darwin/stage1-rustc/aarch64-apple-darwin/debug/deps/librustc_monomorphize-9f3be6a72c911929.rmeta --extern rustc_parse=/Users/girivs/src/rust-tantraos/build/aarch64-apple-darwin/stage1-rustc/aarch64-apple-darwin/debug/deps/librustc_parse-d0ade8b6f510f5cb.rmeta --extern rustc_passes=/Users/girivs/src/rust-tantraos/build/aarch64-apple-darwin/stage1-rustc/aarch64-apple-darwin/debug/deps/librustc_passes-53a50a97fea9d2b6.rmeta --extern rustc_pattern_analysis=/Users/girivs/src/rust-tantraos/build/aarch64-apple-darwin/stage1-rustc/aarch64-apple-darwin/debug/deps/librustc_pattern_analysis-1a1206c75a50c3e2.rmeta --extern rustc_privacy=/Users/girivs/src/rust-tantraos/build/aarch64-apple-darwin/stage1-rustc/aarch64-apple-darwin/debug/deps/librustc_privacy-50e1ffb75a78c5c5.rmeta --extern rustc_public=/Users/girivs/src/rust-tantraos/build/aarch64-apple-darwin/stage1-rustc/aarch64-apple-darwin/debug/deps/librustc_public-dec006feec6ba0e6.rmeta --extern rustc_query_system=/Users/girivs/src/rust-tantraos/build/aarch64-apple-darwin/stage1-rustc/aarch64-apple-darwin/debug/deps/librustc_query_system-48bb7dd372d0b900.rmeta --extern rustc_resolve=/Users/girivs/src/rust-tantraos/build/aarch64-apple-darwin/stage1-rustc/aarch64-apple-darwin/debug/deps/librustc_resolve-8910a05e9a634dd5.rmeta --extern rustc_session=/Users/girivs/src/rust-tantraos/build/aarch64-apple-darwin/stage1-rustc/aarch64-apple-darwin/debug/deps/librustc_session-a2f907dc0b7ee91b.rmeta --extern rustc_span=/Users/girivs/src/rust-tantraos/build/aarch64-apple-darwin/stage1-rustc/aarch64-apple-darwin/debug/deps/librustc_span-d6bec53b237ec4c4.rmeta --extern rustc_target=/Users/girivs/src/rust-tantraos/build/aarch64-apple-darwin/stage1-rustc/aarch64-apple-darwin/debug/deps/librustc_target-35cf86096f412775.rmeta --extern rustc_trait_selection=/Users/girivs/src/rust-tantraos/build/aarch64-apple-darwin/stage1-rustc/aarch64-apple-darwin/debug/deps/librustc_trait_selection-1f9259437d4ba99f.rmeta --extern rustc_ty_utils=/Users/girivs/src/rust-tantraos/build/aarch64-apple-darwin/stage1-rustc/aarch64-apple-darwin/debug/deps/librustc_ty_utils-eb19f1895e7f68ff.rmeta --extern serde_json=/Users/girivs/src/rust-tantraos/build/aarch64-apple-darwin/stage1-rustc/aarch64-apple-darwin/debug/deps/libserde_json-3c3126d7da243026.rmeta --extern shlex=/Users/girivs/src/rust-tantraos/build/aarch64-apple-darwin/stage1-rustc/aarch64-apple-darwin/debug/deps/libshlex-686b50ea6e146688.rmeta --extern tracing=/Users/girivs/src/rust-tantraos/build/aarch64-apple-darwin/stage1-rustc/aarch64-apple-darwin/debug/deps/libtracing-5605f2f867fad977.rmeta --cfg=bootstrap --cfg=windows_raw_dylib -Csymbol-mangling-version=v0 -Zunstable-options '--check-cfg=cfg(bootstrap)' '--check-cfg=cfg(llvm_enzyme)' -Zmacro-backtrace -Csplit-debuginfo=unpacked -Zosx-rpath-install-name '-Clink-args=-Wl,-rpath,@loader_path/../lib' -Alinker-messages -Zon-broken-pipe=kill -Clto=off -Z binary-dep-depinfo -L native=/Users/girivs/src/rust-tantraos/build/aarch64-apple-darwin/stage1-rustc/aarch64-apple-darwin/debug/build/psm-4644cc58932be6af/out -L native=/Users/girivs/src/rust-tantraos/build/aarch64-apple-darwin/stage1-rustc/aarch64-apple-darwin/debug/build/blake3-486d38906040b2a9/out -L native=/Users/girivs/src/rust-tantraos/build/aarch64-apple-darwin/stage1-rustc/aarch64-apple-darwin/debug/build/rustc_llvm-56adf9ce591945d2/out -L native=/Users/girivs/src/rust-tantraos/build/aarch64-apple-darwin/ci-llvm/lib`
       Dirty rustc_driver v0.0.0 (/Users/girivs/src/rust-tantraos/compiler/rustc_driver): the dependency rustc_driver_impl was rebuilt
   Compiling rustc_driver v0.0.0 (/Users/girivs/src/rust-tantraos/compiler/rustc_driver)
     Running `/Users/girivs/src/rust-tantraos/build/bootstrap/debug/rustc /Users/girivs/src/rust-tantraos/build/bootstrap/debug/rustc --crate-name rustc_driver --edition=2024 compiler/rustc_driver/src/lib.rs --error-format=json --json=diagnostic-rendered-ansi,artifacts,future-incompat --crate-type dylib --emit=dep-info,link -C prefer-dynamic -C embed-bitcode=no -C codegen-units=16 -C debug-assertions=off --check-cfg 'cfg(docsrs,test)' --check-cfg 'cfg(feature, values())' -C metadata=963953b319d14aaa -C extra-filename=-5dc3aa5b1af3ca4c --out-dir /Users/girivs/src/rust-tantraos/build/aarch64-apple-darwin/stage1-rustc/aarch64-apple-darwin/debug/deps --target aarch64-apple-darwin -L dependency=/Users/girivs/src/rust-tantraos/build/aarch64-apple-darwin/stage1-rustc/aarch64-apple-darwin/debug/deps -L dependency=/Users/girivs/src/rust-tantraos/build/aarch64-apple-darwin/stage1-rustc/debug/deps --extern rustc_driver_impl=/Users/girivs/src/rust-tantraos/build/aarch64-apple-darwin/stage1-rustc/aarch64-apple-darwin/debug/deps/librustc_driver_impl-2df1cd77b2a491ea.rlib --cfg=bootstrap --cfg=windows_raw_dylib -Csymbol-mangling-version=v0 -Zunstable-options '--check-cfg=cfg(bootstrap)' '--check-cfg=cfg(llvm_enzyme)' -Zmacro-backtrace -Csplit-debuginfo=unpacked -Zosx-rpath-install-name '-Clink-args=-Wl,-rpath,@loader_path/../lib' -Alinker-messages -Zon-broken-pipe=kill -Clto=off -Z binary-dep-depinfo -L native=/Users/girivs/src/rust-tantraos/build/aarch64-apple-darwin/stage1-rustc/aarch64-apple-darwin/debug/build/psm-4644cc58932be6af/out -L native=/Users/girivs/src/rust-tantraos/build/aarch64-apple-darwin/stage1-rustc/aarch64-apple-darwin/debug/build/blake3-486d38906040b2a9/out -L native=/Users/girivs/src/rust-tantraos/build/aarch64-apple-darwin/stage1-rustc/aarch64-apple-darwin/debug/build/rustc_llvm-56adf9ce591945d2/out -L native=/Users/girivs/src/rust-tantraos/build/aarch64-apple-darwin/ci-llvm/lib`
       Dirty rustc-main v0.0.0 (/Users/girivs/src/rust-tantraos/compiler/rustc): the dependency rustc_driver_impl was rebuilt
   Compiling rustc-main v0.0.0 (/Users/girivs/src/rust-tantraos/compiler/rustc)
     Running `/Users/girivs/src/rust-tantraos/build/bootstrap/debug/rustc /Users/girivs/src/rust-tantraos/build/bootstrap/debug/rustc --crate-name rustc_main --edition=2024 compiler/rustc/src/main.rs --error-format=json --json=diagnostic-rendered-ansi,artifacts,future-incompat --crate-type bin --emit=dep-info,link -C embed-bitcode=no -C codegen-units=16 -C debug-assertions=off --cfg 'feature="llvm"' --cfg 'feature="max_level_info"' --check-cfg 'cfg(docsrs,test)' --check-cfg 'cfg(feature, values("check_only", "jemalloc", "llvm", "max_level_info", "rustc_randomized_layouts"))' -C metadata=46520cfcb10cdbf8 -C extra-filename=-83573cc3e9d3f8f8 --out-dir /Users/girivs/src/rust-tantraos/build/aarch64-apple-darwin/stage1-rustc/aarch64-apple-darwin/debug/deps --target aarch64-apple-darwin -L dependency=/Users/girivs/src/rust-tantraos/build/aarch64-apple-darwin/stage1-rustc/aarch64-apple-darwin/debug/deps -L dependency=/Users/girivs/src/rust-tantraos/build/aarch64-apple-darwin/stage1-rustc/debug/deps --extern rustc_codegen_ssa=/Users/girivs/src/rust-tantraos/build/aarch64-apple-darwin/stage1-rustc/aarch64-apple-darwin/debug/deps/librustc_codegen_ssa-02c0928f02ba91c5.rlib --extern rustc_driver=/Users/girivs/src/rust-tantraos/build/aarch64-apple-darwin/stage1-rustc/aarch64-apple-darwin/debug/deps/librustc_driver-5dc3aa5b1af3ca4c.dylib --extern rustc_driver_impl=/Users/girivs/src/rust-tantraos/build/aarch64-apple-darwin/stage1-rustc/aarch64-apple-darwin/debug/deps/librustc_driver_impl-2df1cd77b2a491ea.rlib --extern rustc_public=/Users/girivs/src/rust-tantraos/build/aarch64-apple-darwin/stage1-rustc/aarch64-apple-darwin/debug/deps/librustc_public-dec006feec6ba0e6.rlib --extern rustc_public_bridge=/Users/girivs/src/rust-tantraos/build/aarch64-apple-darwin/stage1-rustc/aarch64-apple-darwin/debug/deps/librustc_public_bridge-c6e09b7774910537.rlib --cfg=bootstrap --cfg=windows_raw_dylib -Csymbol-mangling-version=v0 -Zunstable-options '--check-cfg=cfg(bootstrap)' '--check-cfg=cfg(llvm_enzyme)' -Zmacro-backtrace -Csplit-debuginfo=unpacked -Zosx-rpath-install-name '-Clink-args=-Wl,-rpath,@loader_path/../lib' -Alinker-messages -Zon-broken-pipe=kill -Clto=off -Z binary-dep-depinfo -L native=/Users/girivs/src/rust-tantraos/build/aarch64-apple-darwin/stage1-rustc/aarch64-apple-darwin/debug/build/psm-4644cc58932be6af/out -L native=/Users/girivs/src/rust-tantraos/build/aarch64-apple-darwin/stage1-rustc/aarch64-apple-darwin/debug/build/blake3-486d38906040b2a9/out -L native=/Users/girivs/src/rust-tantraos/build/aarch64-apple-darwin/stage1-rustc/aarch64-apple-darwin/debug/build/rustc_llvm-56adf9ce591945d2/out -L native=/Users/girivs/src/rust-tantraos/build/aarch64-apple-darwin/ci-llvm/lib`
    Finished `dev` profile [unoptimized] target(s) in 8.36s
Creating a sysroot for stage1 compiler (use `rustup toolchain link 'name' build/host/stage1`)
using sysroot /Users/girivs/src/rust-tantraos/build/aarch64-apple-darwin/stage1
Dirty - /Users/girivs/src/rust-tantraos/build/aarch64-apple-darwin/stage1-std
running: "/Users/girivs/src/rust-tantraos/build/aarch64-apple-darwin/stage1/bin/rustc" "--target" "aarch64-apple-darwin" "--print=deployment-target" (failure_mode=Exit) (created at src/bootstrap/src/core/build_steps/compile.rs:522:23, executed at src/bootstrap/src/core/build_steps/compile.rs:525:26)
Cache hit: cd "/Users/girivs/src/rust-tantraos/src/llvm-project" && env -u GIT_ALTERNATE_OBJECT_DIRECTORIES -u GIT_DIR -u GIT_INDEX_FILE -u GIT_OBJECT_DIRECTORY -u GIT_WORK_TREE "git" "rev-parse" (failure_mode=Ignore)
Cache hit: cd "/Users/girivs/src/rust-tantraos/src/llvm-project" && env -u GIT_ALTERNATE_OBJECT_DIRECTORIES -u GIT_DIR -u GIT_INDEX_FILE -u GIT_OBJECT_DIRECTORY -u GIT_WORK_TREE "git" "log" "-1" "--date=short" "--pretty=format:%cd" (failure_mode=Exit)
Cache hit: cd "/Users/girivs/src/rust-tantraos/src/llvm-project" && env -u GIT_ALTERNATE_OBJECT_DIRECTORIES -u GIT_DIR -u GIT_INDEX_FILE -u GIT_OBJECT_DIRECTORY -u GIT_WORK_TREE "git" "rev-parse" "HEAD" (failure_mode=Exit)
Cache hit: cd "/Users/girivs/src/rust-tantraos/src/llvm-project" && env -u GIT_ALTERNATE_OBJECT_DIRECTORIES -u GIT_DIR -u GIT_INDEX_FILE -u GIT_OBJECT_DIRECTORY -u GIT_WORK_TREE "git" "rev-parse" "--short=9" "HEAD" (failure_mode=Exit)
Cache hit: cd "/Users/girivs/src/rust-tantraos/src/llvm-project" && env -u GIT_ALTERNATE_OBJECT_DIRECTORIES -u GIT_DIR -u GIT_INDEX_FILE -u GIT_OBJECT_DIRECTORY -u GIT_WORK_TREE "git" "rev-parse" "HEAD" (failure_mode=Exit)
Cache hit: cd "/Users/girivs/src/rust-tantraos" && env -u GIT_ALTERNATE_OBJECT_DIRECTORIES -u GIT_DIR -u GIT_INDEX_FILE -u GIT_OBJECT_DIRECTORY -u GIT_WORK_TREE "git" "ls-tree" "HEAD" "src/llvm-project" (failure_mode=Exit)
Building stage1 library artifacts{alloc, compiler_builtins, core, panic_abort, panic_unwind, proc_macro, rustc-std-workspace-core, std, std_detect, sysroot, test, unwind} (stage1 -> stage1, aarch64-apple-darwin)
running: cd "/Users/girivs/src/rust-tantraos" && env -u MAKEFLAGS -u MFLAGS AR_aarch64_apple_darwin="ar" CARGO_BUILD_BUILD_DIR="/Users/girivs/src/rust-tantraos/build/aarch64-apple-darwin/stage1-std" CARGO_INCREMENTAL="0" CARGO_LOG="cargo::core::compiler::fingerprint=info" CARGO_PROFILE_DEV_CODEGEN_UNITS="16" CARGO_PROFILE_DEV_DEBUG="0" CARGO_PROFILE_DEV_DEBUG_ASSERTIONS="false" CARGO_PROFILE_DEV_OVERFLOW_CHECKS="false" CARGO_PROFILE_DEV_STRIP="false" CARGO_TARGET_DIR="/Users/girivs/src/rust-tantraos/build/aarch64-apple-darwin/stage1-std" CC_aarch64_apple_darwin="cc" CFG_COMPILER_BUILD_TRIPLE="aarch64-apple-darwin" CFG_COMPILER_HOST_TRIPLE="aarch64-apple-darwin" CFG_RELEASE_CHANNEL="nightly" CFLAGS_aarch64_apple_darwin="" CXXFLAGS_aarch64_apple_darwin="-stdlib=libc++" CXX_aarch64_apple_darwin="c++" LIBC_CHECK_CFG="1" MACOSX_DEPLOYMENT_TARGET="11.0" RANLIB_aarch64_apple_darwin="ar s" REAL_LIBRARY_PATH_VAR="DYLD_LIBRARY_PATH" RUSTBUILD_NATIVE_DIR="/Users/girivs/src/rust-tantraos/build/aarch64-apple-darwin/native" RUSTC="/Users/girivs/src/rust-tantraos/build/bootstrap/debug/rustc" RUSTC_BOOTSTRAP="1" RUSTC_BREAK_ON_ICE="1" RUSTC_ERROR_METADATA_DST="/Users/girivs/src/rust-tantraos/build/tmp/extended-error-metadata" RUSTC_FORCE_UNSTABLE="1" RUSTC_INSTALL_BINDIR="bin" RUSTC_LIBDIR="/Users/girivs/src/rust-tantraos/build/aarch64-apple-darwin/stage1/lib" RUSTC_LINK_STD_INTO_RUSTC_DRIVER="1" RUSTC_LINT_FLAGS="-Wrust_2018_idioms -Wunused_lifetimes -Dwarnings" RUSTC_REAL="/Users/girivs/src/rust-tantraos/build/aarch64-apple-darwin/stage1/bin/rustc" RUSTC_SNAPSHOT="/Users/girivs/src/rust-tantraos/build/aarch64-apple-darwin/stage0/bin/rustc" RUSTC_SNAPSHOT_LIBDIR="/Users/girivs/src/rust-tantraos/build/aarch64-apple-darwin/stage0/lib" RUSTC_STAGE="1" RUSTC_SYSROOT="/Users/girivs/src/rust-tantraos/build/aarch64-apple-darwin/stage1" RUSTC_VERBOSE="1" RUSTC_WRAPPER="/Users/girivs/src/rust-tantraos/build/bootstrap/debug/rustc" RUSTDOC="/Users/girivs/src/rust-tantraos/build/bootstrap/debug/rustdoc" RUSTDOCFLAGS="-Csymbol-mangling-version=legacy --check-cfg=cfg(feature,values(any())) -Zunstable-options -Dwarnings -Wrustdoc::invalid_codeblock_attributes --crate-version 1.92.0-nightly\t(36e56c065\t2025-09-17) -Zcrate-attr=doc(html_root_url=\"https://doc.rust-lang.org/nightly/\") -Zcrate-attr=warn(rust_2018_idioms)" RUSTDOC_REAL="/path/to/nowhere/rustdoc/not/required" RUSTFLAGS="-Csymbol-mangling-version=legacy --check-cfg=cfg(feature,values(any())) -Zunstable-options -Zmacro-backtrace -Csplit-debuginfo=unpacked -Cprefer-dynamic -Zinline-mir -Zinline-mir-preserve-debug -Zmir_strip_debuginfo=locals-in-tiny-functions -Zosx-rpath-install-name -Clink-args=-Wl,-rpath,@loader_path/../lib -Alinker-messages -Cembed-bitcode=yes -Clto=off -Zunstable-options -Cforce-frame-pointers=non-leaf -Zcrate-attr=doc(html_root_url=\"https://doc.rust-lang.org/nightly/\")" RUST_COMPILER_RT_ROOT="/Users/girivs/src/rust-tantraos/src/llvm-project/compiler-rt" RUST_TEST_THREADS="10" WINAPI_NO_BUNDLED_LIBRARIES="1" __CARGO_DEFAULT_LIB_METADATA="nightlystd1.92.0" "/Users/girivs/src/rust-tantraos/build/aarch64-apple-darwin/stage0/bin/cargo" "build" "--target" "aarch64-apple-darwin" "-Zbinary-dep-depinfo" "-j" "10" "-Zroot-dir=/Users/girivs/src/rust-tantraos" "-v" "--features" "backtrace panic-unwind compiler-builtins-c" "--manifest-path" "/Users/girivs/src/rust-tantraos/library/sysroot/Cargo.toml" "-p" "alloc" "-p" "compiler_builtins" "-p" "core" "-p" "panic_abort" "-p" "panic_unwind" "-p" "proc_macro" "-p" "rustc-std-workspace-core" "-p" "std" "-p" "std_detect" "-p" "sysroot" "-p" "test" "-p" "unwind" "--message-format" "json-render-diagnostics" (failure_mode=Exit)
   0.101382416s  INFO prepare_target{force=false package_id=alloc v0.0.0 (/Users/girivs/src/rust-tantraos/library/alloc) target="alloc"}: cargo::core::compiler::fingerprint: fingerprint error for alloc v0.0.0 (/Users/girivs/src/rust-tantraos/library/alloc)/Build/TargetInner { name_inferred: true, tested: false, benched: false, ..: lib_target("alloc", ["lib"], "/Users/girivs/src/rust-tantraos/library/alloc/src/lib.rs", Edition2024) }
   0.101404208s  INFO prepare_target{force=false package_id=alloc v0.0.0 (/Users/girivs/src/rust-tantraos/library/alloc) target="alloc"}: cargo::core::compiler::fingerprint:     err: failed to read `/Users/girivs/src/rust-tantraos/build/aarch64-apple-darwin/stage1-std/aarch64-apple-darwin/debug/.fingerprint/alloc-921207bc67828d07/lib-alloc`

Caused by:
    No such file or directory (os error 2)
   0.101530208s  INFO prepare_target{force=false package_id=compiler_builtins v0.1.160 (/Users/girivs/src/rust-tantraos/library/compiler-builtins/compiler-builtins) target="compiler_builtins"}: cargo::core::compiler::fingerprint: fingerprint error for compiler_builtins v0.1.160 (/Users/girivs/src/rust-tantraos/library/compiler-builtins/compiler-builtins)/Build/TargetInner { name_inferred: true, tested: false, benched: false, doc: false, doctest: false, ..: lib_target("compiler_builtins", ["lib"], "/Users/girivs/src/rust-tantraos/library/compiler-builtins/compiler-builtins/src/lib.rs", Edition2024) }
   0.101534208s  INFO prepare_target{force=false package_id=compiler_builtins v0.1.160 (/Users/girivs/src/rust-tantraos/library/compiler-builtins/compiler-builtins) target="compiler_builtins"}: cargo::core::compiler::fingerprint:     err: failed to read `/Users/girivs/src/rust-tantraos/build/aarch64-apple-darwin/stage1-std/aarch64-apple-darwin/debug/.fingerprint/compiler_builtins-4cb940dfa2e46f00/lib-compiler_builtins`

Caused by:
    No such file or directory (os error 2)
   0.101720083s  INFO prepare_target{force=false package_id=compiler_builtins v0.1.160 (/Users/girivs/src/rust-tantraos/library/compiler-builtins/compiler-builtins) target="build-script-build"}: cargo::core::compiler::fingerprint: fingerprint error for compiler_builtins v0.1.160 (/Users/girivs/src/rust-tantraos/library/compiler-builtins/compiler-builtins)/RunCustomBuild/TargetInner { ..: custom_build_target("build-script-build", "/Users/girivs/src/rust-tantraos/library/compiler-builtins/compiler-builtins/build.rs", Edition2024) }
   0.101723166s  INFO prepare_target{force=false package_id=compiler_builtins v0.1.160 (/Users/girivs/src/rust-tantraos/library/compiler-builtins/compiler-builtins) target="build-script-build"}: cargo::core::compiler::fingerprint:     err: failed to read `/Users/girivs/src/rust-tantraos/build/aarch64-apple-darwin/stage1-std/aarch64-apple-darwin/debug/.fingerprint/compiler_builtins-6c25798256386602/run-build-script-build-script-build`

Caused by:
    No such file or directory (os error 2)
   0.101764333s  INFO prepare_target{force=false package_id=compiler_builtins v0.1.160 (/Users/girivs/src/rust-tantraos/library/compiler-builtins/compiler-builtins) target="build-script-build"}: cargo::core::compiler::fingerprint: fingerprint error for compiler_builtins v0.1.160 (/Users/girivs/src/rust-tantraos/library/compiler-builtins/compiler-builtins)/Build/TargetInner { ..: custom_build_target("build-script-build", "/Users/girivs/src/rust-tantraos/library/compiler-builtins/compiler-builtins/build.rs", Edition2024) }
   0.101766708s  INFO prepare_target{force=false package_id=compiler_builtins v0.1.160 (/Users/girivs/src/rust-tantraos/library/compiler-builtins/compiler-builtins) target="build-script-build"}: cargo::core::compiler::fingerprint:     err: failed to read `/Users/girivs/src/rust-tantraos/build/aarch64-apple-darwin/stage1-std/debug/.fingerprint/compiler_builtins-5fc0f55abac5f5fc/build-script-build-script-build`

Caused by:
    No such file or directory (os error 2)
   0.101826333s  INFO prepare_target{force=false package_id=cc v1.2.0 target="cc"}: cargo::core::compiler::fingerprint: fingerprint error for cc v1.2.0/Build/TargetInner { ..: lib_target("cc", ["lib"], "/Users/girivs/.cargo/registry/src/index.crates.io-1949cf8c6b5b557f/cc-1.2.0/src/lib.rs", Edition2018) }
   0.101828833s  INFO prepare_target{force=false package_id=cc v1.2.0 target="cc"}: cargo::core::compiler::fingerprint:     err: failed to read `/Users/girivs/src/rust-tantraos/build/aarch64-apple-darwin/stage1-std/debug/.fingerprint/cc-17316f1b78281a06/lib-cc`

Caused by:
    No such file or directory (os error 2)
   0.101879833s  INFO prepare_target{force=false package_id=shlex v1.3.0 target="shlex"}: cargo::core::compiler::fingerprint: fingerprint error for shlex v1.3.0/Build/TargetInner { name_inferred: true, ..: lib_target("shlex", ["lib"], "/Users/girivs/.cargo/registry/src/index.crates.io-1949cf8c6b5b557f/shlex-1.3.0/src/lib.rs", Edition2015) }
   0.101882125s  INFO prepare_target{force=false package_id=shlex v1.3.0 target="shlex"}: cargo::core::compiler::fingerprint:     err: failed to read `/Users/girivs/src/rust-tantraos/build/aarch64-apple-darwin/stage1-std/debug/.fingerprint/shlex-70d0f4182b150d76/lib-shlex`

Caused by:
    No such file or directory (os error 2)
   0.101934666s  INFO prepare_target{force=false package_id=core v0.0.0 (/Users/girivs/src/rust-tantraos/library/core) target="core"}: cargo::core::compiler::fingerprint: fingerprint error for core v0.0.0 (/Users/girivs/src/rust-tantraos/library/core)/Build/TargetInner { name_inferred: true, tested: false, benched: false, ..: lib_target("core", ["lib"], "/Users/girivs/src/rust-tantraos/library/core/src/lib.rs", Edition2024) }
   0.101937166s  INFO prepare_target{force=false package_id=core v0.0.0 (/Users/girivs/src/rust-tantraos/library/core) target="core"}: cargo::core::compiler::fingerprint:     err: failed to read `/Users/girivs/src/rust-tantraos/build/aarch64-apple-darwin/stage1-std/aarch64-apple-darwin/debug/.fingerprint/core-ffc23d52aa4296a3/lib-core`

Caused by:
    No such file or directory (os error 2)
   0.101999541s  INFO prepare_target{force=false package_id=panic_abort v0.0.0 (/Users/girivs/src/rust-tantraos/library/panic_abort) target="panic_abort"}: cargo::core::compiler::fingerprint: fingerprint error for panic_abort v0.0.0 (/Users/girivs/src/rust-tantraos/library/panic_abort)/Build/TargetInner { name_inferred: true, tested: false, benched: false, doc: false, ..: lib_target("panic_abort", ["lib"], "/Users/girivs/src/rust-tantraos/library/panic_abort/src/lib.rs", Edition2024) }
   0.102002583s  INFO prepare_target{force=false package_id=panic_abort v0.0.0 (/Users/girivs/src/rust-tantraos/library/panic_abort) target="panic_abort"}: cargo::core::compiler::fingerprint:     err: failed to read `/Users/girivs/src/rust-tantraos/build/aarch64-apple-darwin/stage1-std/aarch64-apple-darwin/debug/.fingerprint/panic_abort-81805324cadfee8d/lib-panic_abort`

Caused by:
    No such file or directory (os error 2)
   0.102057083s  INFO prepare_target{force=false package_id=rustc-std-workspace-core v1.99.0 (/Users/girivs/src/rust-tantraos/library/rustc-std-workspace-core) target="rustc_std_workspace_core"}: cargo::core::compiler::fingerprint: fingerprint error for rustc-std-workspace-core v1.99.0 (/Users/girivs/src/rust-tantraos/library/rustc-std-workspace-core)/Build/TargetInner { name_inferred: true, tested: false, benched: false, doc: false, ..: lib_target("rustc_std_workspace_core", ["lib"], "/Users/girivs/src/rust-tantraos/library/rustc-std-workspace-core/lib.rs", Edition2024) }
   0.102059250s  INFO prepare_target{force=false package_id=rustc-std-workspace-core v1.99.0 (/Users/girivs/src/rust-tantraos/library/rustc-std-workspace-core) target="rustc_std_workspace_core"}: cargo::core::compiler::fingerprint:     err: failed to read `/Users/girivs/src/rust-tantraos/build/aarch64-apple-darwin/stage1-std/aarch64-apple-darwin/debug/.fingerprint/rustc-std-workspace-core-8d93ca93618c2eee/lib-rustc_std_workspace_core`

Caused by:
    No such file or directory (os error 2)
   0.102135750s  INFO prepare_target{force=false package_id=panic_unwind v0.0.0 (/Users/girivs/src/rust-tantraos/library/panic_unwind) target="panic_unwind"}: cargo::core::compiler::fingerprint: fingerprint error for panic_unwind v0.0.0 (/Users/girivs/src/rust-tantraos/library/panic_unwind)/Build/TargetInner { name_inferred: true, tested: false, benched: false, doc: false, ..: lib_target("panic_unwind", ["lib"], "/Users/girivs/src/rust-tantraos/library/panic_unwind/src/lib.rs", Edition2024) }
   0.102138416s  INFO prepare_target{force=false package_id=panic_unwind v0.0.0 (/Users/girivs/src/rust-tantraos/library/panic_unwind) target="panic_unwind"}: cargo::core::compiler::fingerprint:     err: failed to read `/Users/girivs/src/rust-tantraos/build/aarch64-apple-darwin/stage1-std/aarch64-apple-darwin/debug/.fingerprint/panic_unwind-9135c9237969fdd1/lib-panic_unwind`

Caused by:
    No such file or directory (os error 2)
   0.102191666s  INFO prepare_target{force=false package_id=libc v0.2.175 target="libc"}: cargo::core::compiler::fingerprint: fingerprint error for libc v0.2.175/Build/TargetInner { ..: lib_target("libc", ["lib"], "/Users/girivs/.cargo/registry/src/index.crates.io-1949cf8c6b5b557f/libc-0.2.175/src/lib.rs", Edition2021) }
   0.102193708s  INFO prepare_target{force=false package_id=libc v0.2.175 target="libc"}: cargo::core::compiler::fingerprint:     err: failed to read `/Users/girivs/src/rust-tantraos/build/aarch64-apple-darwin/stage1-std/aarch64-apple-darwin/debug/.fingerprint/libc-83458066098149bd/lib-libc`

Caused by:
    No such file or directory (os error 2)
   0.102342416s  INFO prepare_target{force=false package_id=libc v0.2.175 target="build-script-build"}: cargo::core::compiler::fingerprint: fingerprint error for libc v0.2.175/RunCustomBuild/TargetInner { ..: custom_build_target("build-script-build", "/Users/girivs/.cargo/registry/src/index.crates.io-1949cf8c6b5b557f/libc-0.2.175/build.rs", Edition2021) }
   0.102345000s  INFO prepare_target{force=false package_id=libc v0.2.175 target="build-script-build"}: cargo::core::compiler::fingerprint:     err: failed to read `/Users/girivs/src/rust-tantraos/build/aarch64-apple-darwin/stage1-std/aarch64-apple-darwin/debug/.fingerprint/libc-c4d8110dbe849988/run-build-script-build-script-build`

Caused by:
    No such file or directory (os error 2)
   0.102382208s  INFO prepare_target{force=false package_id=libc v0.2.175 target="build-script-build"}: cargo::core::compiler::fingerprint: fingerprint error for libc v0.2.175/Build/TargetInner { ..: custom_build_target("build-script-build", "/Users/girivs/.cargo/registry/src/index.crates.io-1949cf8c6b5b557f/libc-0.2.175/build.rs", Edition2021) }
   0.102384291s  INFO prepare_target{force=false package_id=libc v0.2.175 target="build-script-build"}: cargo::core::compiler::fingerprint:     err: failed to read `/Users/girivs/src/rust-tantraos/build/aarch64-apple-darwin/stage1-std/debug/.fingerprint/libc-b8c6da7ebd78ee35/build-script-build-script-build`

Caused by:
    No such file or directory (os error 2)
   0.102434666s  INFO prepare_target{force=false package_id=unwind v0.0.0 (/Users/girivs/src/rust-tantraos/library/unwind) target="unwind"}: cargo::core::compiler::fingerprint: fingerprint error for unwind v0.0.0 (/Users/girivs/src/rust-tantraos/library/unwind)/Build/TargetInner { name_inferred: true, tested: false, benched: false, doc: false, ..: lib_target("unwind", ["lib"], "/Users/girivs/src/rust-tantraos/library/unwind/src/lib.rs", Edition2024) }
   0.102437333s  INFO prepare_target{force=false package_id=unwind v0.0.0 (/Users/girivs/src/rust-tantraos/library/unwind) target="unwind"}: cargo::core::compiler::fingerprint:     err: failed to read `/Users/girivs/src/rust-tantraos/build/aarch64-apple-darwin/stage1-std/aarch64-apple-darwin/debug/.fingerprint/unwind-fb88e8f8aad16d26/lib-unwind`

Caused by:
    No such file or directory (os error 2)
   0.123034916s  INFO prepare_target{force=false package_id=proc_macro v0.0.0 (/Users/girivs/src/rust-tantraos/library/proc_macro) target="proc_macro"}: cargo::core::compiler::fingerprint: fingerprint error for proc_macro v0.0.0 (/Users/girivs/src/rust-tantraos/library/proc_macro)/Build/TargetInner { name_inferred: true, ..: lib_target("proc_macro", ["lib"], "/Users/girivs/src/rust-tantraos/library/proc_macro/src/lib.rs", Edition2024) }
   0.123043750s  INFO prepare_target{force=false package_id=proc_macro v0.0.0 (/Users/girivs/src/rust-tantraos/library/proc_macro) target="proc_macro"}: cargo::core::compiler::fingerprint:     err: failed to read `/Users/girivs/src/rust-tantraos/build/aarch64-apple-darwin/stage1-std/aarch64-apple-darwin/debug/.fingerprint/proc_macro-9f593b6cd9d53dad/lib-proc_macro`

Caused by:
    No such file or directory (os error 2)
   0.123157125s  INFO prepare_target{force=false package_id=rustc-literal-escaper v0.0.5 target="rustc_literal_escaper"}: cargo::core::compiler::fingerprint: fingerprint error for rustc-literal-escaper v0.0.5/Build/TargetInner { ..: lib_target("rustc_literal_escaper", ["lib"], "/Users/girivs/.cargo/registry/src/index.crates.io-1949cf8c6b5b557f/rustc-literal-escaper-0.0.5/src/lib.rs", Edition2021) }
   0.123160375s  INFO prepare_target{force=false package_id=rustc-literal-escaper v0.0.5 target="rustc_literal_escaper"}: cargo::core::compiler::fingerprint:     err: failed to read `/Users/girivs/src/rust-tantraos/build/aarch64-apple-darwin/stage1-std/aarch64-apple-darwin/debug/.fingerprint/rustc-literal-escaper-51f90306edd6dda1/lib-rustc_literal_escaper`

Caused by:
    No such file or directory (os error 2)
   0.123237916s  INFO prepare_target{force=false package_id=rustc-std-workspace-std v1.99.0 (/Users/girivs/src/rust-tantraos/library/rustc-std-workspace-std) target="rustc_std_workspace_std"}: cargo::core::compiler::fingerprint: fingerprint error for rustc-std-workspace-std v1.99.0 (/Users/girivs/src/rust-tantraos/library/rustc-std-workspace-std)/Build/TargetInner { name_inferred: true, tested: false, benched: false, doc: false, ..: lib_target("rustc_std_workspace_std", ["lib"], "/Users/girivs/src/rust-tantraos/library/rustc-std-workspace-std/lib.rs", Edition2024) }
   0.123240666s  INFO prepare_target{force=false package_id=rustc-std-workspace-std v1.99.0 (/Users/girivs/src/rust-tantraos/library/rustc-std-workspace-std) target="rustc_std_workspace_std"}: cargo::core::compiler::fingerprint:     err: failed to read `/Users/girivs/src/rust-tantraos/build/aarch64-apple-darwin/stage1-std/aarch64-apple-darwin/debug/.fingerprint/rustc-std-workspace-std-c08b11817746ba15/lib-rustc_std_workspace_std`

Caused by:
    No such file or directory (os error 2)
   0.123300875s  INFO prepare_target{force=false package_id=std v0.0.0 (/Users/girivs/src/rust-tantraos/library/std) target="std"}: cargo::core::compiler::fingerprint: fingerprint error for std v0.0.0 (/Users/girivs/src/rust-tantraos/library/std)/Build/TargetInner { name_inferred: true, ..: lib_target("std", ["dylib", "rlib"], "/Users/girivs/src/rust-tantraos/library/std/src/lib.rs", Edition2024) }
   0.123303541s  INFO prepare_target{force=false package_id=std v0.0.0 (/Users/girivs/src/rust-tantraos/library/std) target="std"}: cargo::core::compiler::fingerprint:     err: failed to read `/Users/girivs/src/rust-tantraos/build/aarch64-apple-darwin/stage1-std/aarch64-apple-darwin/debug/.fingerprint/std-b80aabaaaa740922/lib-std`

Caused by:
    No such file or directory (os error 2)
   0.123371541s  INFO prepare_target{force=false package_id=addr2line v0.25.0 target="addr2line"}: cargo::core::compiler::fingerprint: fingerprint error for addr2line v0.25.0/Build/TargetInner { ..: lib_target("addr2line", ["lib"], "/Users/girivs/.cargo/registry/src/index.crates.io-1949cf8c6b5b557f/addr2line-0.25.0/src/lib.rs", Edition2018) }
   0.123373833s  INFO prepare_target{force=false package_id=addr2line v0.25.0 target="addr2line"}: cargo::core::compiler::fingerprint:     err: failed to read `/Users/girivs/src/rust-tantraos/build/aarch64-apple-darwin/stage1-std/aarch64-apple-darwin/debug/.fingerprint/addr2line-43244709c89a3022/lib-addr2line`

Caused by:
    No such file or directory (os error 2)
   0.123433000s  INFO prepare_target{force=false package_id=gimli v0.32.0 target="gimli"}: cargo::core::compiler::fingerprint: fingerprint error for gimli v0.32.0/Build/TargetInner { ..: lib_target("gimli", ["lib"], "/Users/girivs/.cargo/registry/src/index.crates.io-1949cf8c6b5b557f/gimli-0.32.0/src/lib.rs", Edition2018) }
   0.123435250s  INFO prepare_target{force=false package_id=gimli v0.32.0 target="gimli"}: cargo::core::compiler::fingerprint:     err: failed to read `/Users/girivs/src/rust-tantraos/build/aarch64-apple-darwin/stage1-std/aarch64-apple-darwin/debug/.fingerprint/gimli-ae178788e67ec09d/lib-gimli`

Caused by:
    No such file or directory (os error 2)
   0.123494958s  INFO prepare_target{force=false package_id=rustc-std-workspace-alloc v1.99.0 (/Users/girivs/src/rust-tantraos/library/rustc-std-workspace-alloc) target="rustc_std_workspace_alloc"}: cargo::core::compiler::fingerprint: fingerprint error for rustc-std-workspace-alloc v1.99.0 (/Users/girivs/src/rust-tantraos/library/rustc-std-workspace-alloc)/Build/TargetInner { name_inferred: true, tested: false, benched: false, doc: false, ..: lib_target("rustc_std_workspace_alloc", ["lib"], "/Users/girivs/src/rust-tantraos/library/rustc-std-workspace-alloc/lib.rs", Edition2024) }
   0.123497625s  INFO prepare_target{force=false package_id=rustc-std-workspace-alloc v1.99.0 (/Users/girivs/src/rust-tantraos/library/rustc-std-workspace-alloc) target="rustc_std_workspace_alloc"}: cargo::core::compiler::fingerprint:     err: failed to read `/Users/girivs/src/rust-tantraos/build/aarch64-apple-darwin/stage1-std/aarch64-apple-darwin/debug/.fingerprint/rustc-std-workspace-alloc-acc3240df72ca1f3/lib-rustc_std_workspace_alloc`

Caused by:
    No such file or directory (os error 2)
   0.123548500s  INFO prepare_target{force=false package_id=cfg-if v1.0.1 target="cfg_if"}: cargo::core::compiler::fingerprint: fingerprint error for cfg-if v1.0.1/Build/TargetInner { ..: lib_target("cfg_if", ["lib"], "/Users/girivs/.cargo/registry/src/index.crates.io-1949cf8c6b5b557f/cfg-if-1.0.1/src/lib.rs", Edition2018) }
   0.123550791s  INFO prepare_target{force=false package_id=cfg-if v1.0.1 target="cfg_if"}: cargo::core::compiler::fingerprint:     err: failed to read `/Users/girivs/src/rust-tantraos/build/aarch64-apple-darwin/stage1-std/aarch64-apple-darwin/debug/.fingerprint/cfg-if-72ef8a4c3d5077e4/lib-cfg_if`

Caused by:
    No such file or directory (os error 2)
   0.123603000s  INFO prepare_target{force=false package_id=hashbrown v0.15.5 target="hashbrown"}: cargo::core::compiler::fingerprint: fingerprint error for hashbrown v0.15.5/Build/TargetInner { ..: lib_target("hashbrown", ["lib"], "/Users/girivs/.cargo/registry/src/index.crates.io-1949cf8c6b5b557f/hashbrown-0.15.5/src/lib.rs", Edition2021) }
   0.123605333s  INFO prepare_target{force=false package_id=hashbrown v0.15.5 target="hashbrown"}: cargo::core::compiler::fingerprint:     err: failed to read `/Users/girivs/src/rust-tantraos/build/aarch64-apple-darwin/stage1-std/aarch64-apple-darwin/debug/.fingerprint/hashbrown-c15d52268855e0ed/lib-hashbrown`

Caused by:
    No such file or directory (os error 2)
   0.123654541s  INFO prepare_target{force=false package_id=miniz_oxide v0.8.9 target="miniz_oxide"}: cargo::core::compiler::fingerprint: fingerprint error for miniz_oxide v0.8.9/Build/TargetInner { ..: lib_target("miniz_oxide", ["lib"], "/Users/girivs/.cargo/registry/src/index.crates.io-1949cf8c6b5b557f/miniz_oxide-0.8.9/src/lib.rs", Edition2021) }
   0.123657000s  INFO prepare_target{force=false package_id=miniz_oxide v0.8.9 target="miniz_oxide"}: cargo::core::compiler::fingerprint:     err: failed to read `/Users/girivs/src/rust-tantraos/build/aarch64-apple-darwin/stage1-std/aarch64-apple-darwin/debug/.fingerprint/miniz_oxide-0c7a49b540be29f3/lib-miniz_oxide`

Caused by:
    No such file or directory (os error 2)
   0.123713666s  INFO prepare_target{force=false package_id=adler2 v2.0.1 target="adler2"}: cargo::core::compiler::fingerprint: fingerprint error for adler2 v2.0.1/Build/TargetInner { ..: lib_target("adler2", ["lib"], "/Users/girivs/.cargo/registry/src/index.crates.io-1949cf8c6b5b557f/adler2-2.0.1/src/lib.rs", Edition2021) }
   0.123715875s  INFO prepare_target{force=false package_id=adler2 v2.0.1 target="adler2"}: cargo::core::compiler::fingerprint:     err: failed to read `/Users/girivs/src/rust-tantraos/build/aarch64-apple-darwin/stage1-std/aarch64-apple-darwin/debug/.fingerprint/adler2-d69ef159105c77be/lib-adler2`

Caused by:
    No such file or directory (os error 2)
   0.123765833s  INFO prepare_target{force=false package_id=object v0.37.3 target="object"}: cargo::core::compiler::fingerprint: fingerprint error for object v0.37.3/Build/TargetInner { ..: lib_target("object", ["lib"], "/Users/girivs/.cargo/registry/src/index.crates.io-1949cf8c6b5b557f/object-0.37.3/src/lib.rs", Edition2018) }
   0.123767916s  INFO prepare_target{force=false package_id=object v0.37.3 target="object"}: cargo::core::compiler::fingerprint:     err: failed to read `/Users/girivs/src/rust-tantraos/build/aarch64-apple-darwin/stage1-std/aarch64-apple-darwin/debug/.fingerprint/object-6dcc03e996f03e50/lib-object`

Caused by:
    No such file or directory (os error 2)
   0.123822000s  INFO prepare_target{force=false package_id=memchr v2.7.5 target="memchr"}: cargo::core::compiler::fingerprint: fingerprint error for memchr v2.7.5/Build/TargetInner { benched: false, ..: lib_target("memchr", ["lib"], "/Users/girivs/.cargo/registry/src/index.crates.io-1949cf8c6b5b557f/memchr-2.7.5/src/lib.rs", Edition2021) }
   0.123824000s  INFO prepare_target{force=false package_id=memchr v2.7.5 target="memchr"}: cargo::core::compiler::fingerprint:     err: failed to read `/Users/girivs/src/rust-tantraos/build/aarch64-apple-darwin/stage1-std/aarch64-apple-darwin/debug/.fingerprint/memchr-5f329f2def4c51cd/lib-memchr`

Caused by:
    No such file or directory (os error 2)
   0.123979833s  INFO prepare_target{force=false package_id=object v0.37.3 target="build-script-build"}: cargo::core::compiler::fingerprint: fingerprint error for object v0.37.3/RunCustomBuild/TargetInner { ..: custom_build_target("build-script-build", "/Users/girivs/.cargo/registry/src/index.crates.io-1949cf8c6b5b557f/object-0.37.3/build.rs", Edition2018) }
   0.123982708s  INFO prepare_target{force=false package_id=object v0.37.3 target="build-script-build"}: cargo::core::compiler::fingerprint:     err: failed to read `/Users/girivs/src/rust-tantraos/build/aarch64-apple-darwin/stage1-std/aarch64-apple-darwin/debug/.fingerprint/object-51da70525361d26d/run-build-script-build-script-build`

Caused by:
    No such file or directory (os error 2)
   0.124024958s  INFO prepare_target{force=false package_id=object v0.37.3 target="build-script-build"}: cargo::core::compiler::fingerprint: fingerprint error for object v0.37.3/Build/TargetInner { ..: custom_build_target("build-script-build", "/Users/girivs/.cargo/registry/src/index.crates.io-1949cf8c6b5b557f/object-0.37.3/build.rs", Edition2018) }
   0.124027333s  INFO prepare_target{force=false package_id=object v0.37.3 target="build-script-build"}: cargo::core::compiler::fingerprint:     err: failed to read `/Users/girivs/src/rust-tantraos/build/aarch64-apple-darwin/stage1-std/debug/.fingerprint/object-f3295f49dfb56d4d/build-script-build-script-build`

Caused by:
    No such file or directory (os error 2)
   0.124078750s  INFO prepare_target{force=false package_id=rustc-demangle v0.1.26 target="rustc_demangle"}: cargo::core::compiler::fingerprint: fingerprint error for rustc-demangle v0.1.26/Build/TargetInner { ..: lib_target("rustc_demangle", ["lib"], "/Users/girivs/.cargo/registry/src/index.crates.io-1949cf8c6b5b557f/rustc-demangle-0.1.26/src/lib.rs", Edition2015) }
   0.124081791s  INFO prepare_target{force=false package_id=rustc-demangle v0.1.26 target="rustc_demangle"}: cargo::core::compiler::fingerprint:     err: failed to read `/Users/girivs/src/rust-tantraos/build/aarch64-apple-darwin/stage1-std/aarch64-apple-darwin/debug/.fingerprint/rustc-demangle-013edfb606ce44ea/lib-rustc_demangle`

Caused by:
    No such file or directory (os error 2)
   0.124225958s  INFO prepare_target{force=false package_id=std v0.0.0 (/Users/girivs/src/rust-tantraos/library/std) target="build-script-build"}: cargo::core::compiler::fingerprint: fingerprint error for std v0.0.0 (/Users/girivs/src/rust-tantraos/library/std)/RunCustomBuild/TargetInner { ..: custom_build_target("build-script-build", "/Users/girivs/src/rust-tantraos/library/std/build.rs", Edition2024) }
   0.124228583s  INFO prepare_target{force=false package_id=std v0.0.0 (/Users/girivs/src/rust-tantraos/library/std) target="build-script-build"}: cargo::core::compiler::fingerprint:     err: failed to read `/Users/girivs/src/rust-tantraos/build/aarch64-apple-darwin/stage1-std/aarch64-apple-darwin/debug/.fingerprint/std-ff871daea48bc2a6/run-build-script-build-script-build`

Caused by:
    No such file or directory (os error 2)
   0.124264375s  INFO prepare_target{force=false package_id=std v0.0.0 (/Users/girivs/src/rust-tantraos/library/std) target="build-script-build"}: cargo::core::compiler::fingerprint: fingerprint error for std v0.0.0 (/Users/girivs/src/rust-tantraos/library/std)/Build/TargetInner { ..: custom_build_target("build-script-build", "/Users/girivs/src/rust-tantraos/library/std/build.rs", Edition2024) }
   0.124266500s  INFO prepare_target{force=false package_id=std v0.0.0 (/Users/girivs/src/rust-tantraos/library/std) target="build-script-build"}: cargo::core::compiler::fingerprint:     err: failed to read `/Users/girivs/src/rust-tantraos/build/aarch64-apple-darwin/stage1-std/debug/.fingerprint/std-3f08345ccb935ead/build-script-build-script-build`

Caused by:
    No such file or directory (os error 2)
   0.124315708s  INFO prepare_target{force=false package_id=std_detect v0.1.5 (/Users/girivs/src/rust-tantraos/library/std_detect) target="std_detect"}: cargo::core::compiler::fingerprint: fingerprint error for std_detect v0.1.5 (/Users/girivs/src/rust-tantraos/library/std_detect)/Build/TargetInner { name_inferred: true, ..: lib_target("std_detect", ["lib"], "/Users/girivs/src/rust-tantraos/library/std_detect/src/lib.rs", Edition2024) }
   0.124318291s  INFO prepare_target{force=false package_id=std_detect v0.1.5 (/Users/girivs/src/rust-tantraos/library/std_detect) target="std_detect"}: cargo::core::compiler::fingerprint:     err: failed to read `/Users/girivs/src/rust-tantraos/build/aarch64-apple-darwin/stage1-std/aarch64-apple-darwin/debug/.fingerprint/std_detect-75513f780ba5082e/lib-std_detect`

Caused by:
    No such file or directory (os error 2)
   0.124393125s  INFO prepare_target{force=false package_id=sysroot v0.0.0 (/Users/girivs/src/rust-tantraos/library/sysroot) target="sysroot"}: cargo::core::compiler::fingerprint: fingerprint error for sysroot v0.0.0 (/Users/girivs/src/rust-tantraos/library/sysroot)/Build/TargetInner { name_inferred: true, tested: false, benched: false, doc: false, ..: lib_target("sysroot", ["lib"], "/Users/girivs/src/rust-tantraos/library/sysroot/src/lib.rs", Edition2024) }
   0.124395958s  INFO prepare_target{force=false package_id=sysroot v0.0.0 (/Users/girivs/src/rust-tantraos/library/sysroot) target="sysroot"}: cargo::core::compiler::fingerprint:     err: failed to read `/Users/girivs/src/rust-tantraos/build/aarch64-apple-darwin/stage1-std/aarch64-apple-darwin/debug/.fingerprint/sysroot-fde8adf47f5a54f6/lib-sysroot`

Caused by:
    No such file or directory (os error 2)
   0.124463291s  INFO prepare_target{force=false package_id=test v0.0.0 (/Users/girivs/src/rust-tantraos/library/test) target="test"}: cargo::core::compiler::fingerprint: fingerprint error for test v0.0.0 (/Users/girivs/src/rust-tantraos/library/test)/Build/TargetInner { name_inferred: true, ..: lib_target("test", ["lib"], "/Users/girivs/src/rust-tantraos/library/test/src/lib.rs", Edition2024) }
   0.124465833s  INFO prepare_target{force=false package_id=test v0.0.0 (/Users/girivs/src/rust-tantraos/library/test) target="test"}: cargo::core::compiler::fingerprint:     err: failed to read `/Users/girivs/src/rust-tantraos/build/aarch64-apple-darwin/stage1-std/aarch64-apple-darwin/debug/.fingerprint/test-e1bbb5d7cc1d5345/lib-test`

Caused by:
    No such file or directory (os error 2)
   0.124524083s  INFO prepare_target{force=false package_id=getopts v0.2.24 target="getopts"}: cargo::core::compiler::fingerprint: fingerprint error for getopts v0.2.24/Build/TargetInner { ..: lib_target("getopts", ["lib"], "/Users/girivs/.cargo/registry/src/index.crates.io-1949cf8c6b5b557f/getopts-0.2.24/src/lib.rs", Edition2021) }
   0.124526458s  INFO prepare_target{force=false package_id=getopts v0.2.24 target="getopts"}: cargo::core::compiler::fingerprint:     err: failed to read `/Users/girivs/src/rust-tantraos/build/aarch64-apple-darwin/stage1-std/aarch64-apple-darwin/debug/.fingerprint/getopts-2957d4870e7e2064/lib-getopts`

Caused by:
    No such file or directory (os error 2)
   Compiling shlex v1.3.0
   Compiling core v0.0.0 (/Users/girivs/src/rust-tantraos/library/core)
   Compiling libc v0.2.175
   Compiling object v0.37.3
   Compiling std v0.0.0 (/Users/girivs/src/rust-tantraos/library/std)
     Running `/Users/girivs/src/rust-tantraos/build/bootstrap/debug/rustc /Users/girivs/src/rust-tantraos/build/bootstrap/debug/rustc --crate-name shlex --edition=2015 /Users/girivs/.cargo/registry/src/index.crates.io-1949cf8c6b5b557f/shlex-1.3.0/src/lib.rs --error-format=json --json=diagnostic-rendered-ansi,artifacts,future-incompat --crate-type lib --emit=dep-info,metadata,link -C embed-bitcode=no -C debug-assertions=off --cfg 'feature="default"' --cfg 'feature="std"' --check-cfg 'cfg(docsrs,test)' --check-cfg 'cfg(feature, values("default", "std"))' -C metadata=52cb637191a69938 -C extra-filename=-70d0f4182b150d76 --out-dir /Users/girivs/src/rust-tantraos/build/aarch64-apple-darwin/stage1-std/debug/deps -L dependency=/Users/girivs/src/rust-tantraos/build/aarch64-apple-darwin/stage1-std/debug/deps --cap-lints allow -Z binary-dep-depinfo`
     Running `/Users/girivs/src/rust-tantraos/build/bootstrap/debug/rustc /Users/girivs/src/rust-tantraos/build/bootstrap/debug/rustc --crate-name core --edition=2024 library/core/src/lib.rs --error-format=json --json=diagnostic-rendered-ansi,artifacts,future-incompat --crate-type lib --emit=dep-info,metadata,link -C embed-bitcode=no -C codegen-units=16 --warn=unexpected_cfgs --check-cfg 'cfg(no_fp_fmt_parse)' --check-cfg 'cfg(feature, values(any()))' --check-cfg 'cfg(target_has_reliable_f16)' --check-cfg 'cfg(target_has_reliable_f16_math)' --check-cfg 'cfg(target_has_reliable_f128)' --check-cfg 'cfg(target_has_reliable_f128_math)' -C debug-assertions=off --check-cfg 'cfg(docsrs,test)' --check-cfg 'cfg(feature, values("debug_refcell", "optimize_for_size", "panic_immediate_abort"))' -C metadata=10e4648f0211a608 -C extra-filename=-ffc23d52aa4296a3 --out-dir /Users/girivs/src/rust-tantraos/build/aarch64-apple-darwin/stage1-std/aarch64-apple-darwin/debug/deps --target aarch64-apple-darwin -L dependency=/Users/girivs/src/rust-tantraos/build/aarch64-apple-darwin/stage1-std/aarch64-apple-darwin/debug/deps -L dependency=/Users/girivs/src/rust-tantraos/build/aarch64-apple-darwin/stage1-std/debug/deps -Csymbol-mangling-version=legacy '--check-cfg=cfg(feature,values(any()))' -Zunstable-options -Zmacro-backtrace -Csplit-debuginfo=unpacked -Cprefer-dynamic -Zinline-mir -Zinline-mir-preserve-debug -Zmir_strip_debuginfo=locals-in-tiny-functions -Zosx-rpath-install-name '-Clink-args=-Wl,-rpath,@loader_path/../lib' -Alinker-messages -Cembed-bitcode=yes -Clto=off -Zunstable-options -Cforce-frame-pointers=non-leaf '-Zcrate-attr=doc(html_root_url="https://doc.rust-lang.org/nightly/")' -Z binary-dep-depinfo`
     Running `/Users/girivs/src/rust-tantraos/build/bootstrap/debug/rustc /Users/girivs/src/rust-tantraos/build/bootstrap/debug/rustc --crate-name build_script_build --edition=2021 /Users/girivs/.cargo/registry/src/index.crates.io-1949cf8c6b5b557f/libc-0.2.175/build.rs --error-format=json --json=diagnostic-rendered-ansi,artifacts,future-incompat --crate-type bin --emit=dep-info,link -C embed-bitcode=no '--allow=clippy::used_underscore_binding' --allow=unused_qualifications '--warn=clippy::unnecessary_semicolon' '--allow=clippy::unnecessary_cast' '--allow=clippy::uninlined_format_args' '--warn=clippy::ptr_as_ptr' '--allow=clippy::non_minimal_cfg' '--allow=clippy::missing_safety_doc' '--warn=clippy::map_unwrap_or' '--warn=clippy::manual_assert' '--allow=clippy::identity_op' '--warn=clippy::explicit_iter_loop' '--allow=clippy::expl_impl_clone_on_copy' -C debug-assertions=off --cfg 'feature="align"' --cfg 'feature="rustc-dep-of-std"' --cfg 'feature="rustc-std-workspace-core"' --check-cfg 'cfg(docsrs,test)' --check-cfg 'cfg(feature, values("align", "const-extern-fn", "default", "extra_traits", "rustc-dep-of-std", "rustc-std-workspace-core", "std", "use_std"))' -C metadata=fe6191be0e42f3fe -C extra-filename=-b8c6da7ebd78ee35 --out-dir /Users/girivs/src/rust-tantraos/build/aarch64-apple-darwin/stage1-std/debug/build/libc-b8c6da7ebd78ee35 -L dependency=/Users/girivs/src/rust-tantraos/build/aarch64-apple-darwin/stage1-std/debug/deps --cap-lints allow -Z binary-dep-depinfo`
     Running `/Users/girivs/src/rust-tantraos/build/bootstrap/debug/rustc /Users/girivs/src/rust-tantraos/build/bootstrap/debug/rustc --crate-name build_script_build --edition=2024 library/std/build.rs --error-format=json --json=diagnostic-rendered-ansi,artifacts,future-incompat --crate-type bin --emit=dep-info,link -C embed-bitcode=no --warn=unexpected_cfgs --check-cfg 'cfg(feature, values(any()))' --check-cfg 'cfg(target_has_reliable_f16)' --check-cfg 'cfg(target_has_reliable_f16_math)' --check-cfg 'cfg(target_has_reliable_f128)' --check-cfg 'cfg(target_has_reliable_f128_math)' -C debug-assertions=off --cfg 'feature="addr2line"' --cfg 'feature="backtrace"' --cfg 'feature="compiler-builtins-c"' --cfg 'feature="miniz_oxide"' --cfg 'feature="object"' --cfg 'feature="panic-unwind"' --cfg 'feature="std_detect_dlsym_getauxval"' --cfg 'feature="std_detect_file_io"' --check-cfg 'cfg(docsrs,test)' --check-cfg 'cfg(feature, values("addr2line", "backtrace", "backtrace-trace-only", "compiler-builtins-c", "compiler-builtins-mem", "compiler-builtins-no-f16-f128", "debug_refcell", "llvm-libunwind", "miniz_oxide", "object", "optimize_for_size", "panic-unwind", "panic_immediate_abort", "std_detect_dlsym_getauxval", "std_detect_file_io", "system-llvm-libunwind", "windows_raw_dylib"))' -C metadata=9fca27cef3203d6f -C extra-filename=-3f08345ccb935ead --out-dir /Users/girivs/src/rust-tantraos/build/aarch64-apple-darwin/stage1-std/debug/build/std-3f08345ccb935ead -L dependency=/Users/girivs/src/rust-tantraos/build/aarch64-apple-darwin/stage1-std/debug/deps -Z binary-dep-depinfo`
     Running `/Users/girivs/src/rust-tantraos/build/bootstrap/debug/rustc /Users/girivs/src/rust-tantraos/build/bootstrap/debug/rustc --crate-name build_script_build --edition=2018 /Users/girivs/.cargo/registry/src/index.crates.io-1949cf8c6b5b557f/object-0.37.3/build.rs --error-format=json --json=diagnostic-rendered-ansi,artifacts,future-incompat --crate-type bin --emit=dep-info,link -C embed-bitcode=no '--allow=clippy::uninlined_format_args' '--allow=clippy::type_complexity' '--allow=clippy::single_match' '--allow=clippy::should_implement_trait' '--allow=clippy::result_unit_err' '--allow=clippy::needless_lifetimes' '--allow=clippy::match_like_matches_macro' '--allow=clippy::manual_flatten' '--allow=clippy::field_reassign_with_default' '--allow=clippy::comparison_chain' '--allow=clippy::collapsible_match' '--allow=clippy::collapsible_if' '--allow=clippy::collapsible_else_if' -C debug-assertions=off --cfg 'feature="alloc"' --cfg 'feature="archive"' --cfg 'feature="coff"' --cfg 'feature="core"' --cfg 'feature="elf"' --cfg 'feature="macho"' --cfg 'feature="pe"' --cfg 'feature="read_core"' --cfg 'feature="rustc-dep-of-std"' --cfg 'feature="unaligned"' --cfg 'feature="xcoff"' --check-cfg 'cfg(docsrs,test)' --check-cfg 'cfg(feature, values("all", "alloc", "archive", "build", "build_core", "cargo-all", "coff", "compression", "core", "default", "doc", "elf", "macho", "pe", "read", "read_core", "rustc-dep-of-std", "std", "unaligned", "unstable", "unstable-all", "wasm", "write", "write_core", "write_std", "xcoff"))' -C metadata=8214041fdf036e0f -C extra-filename=-f3295f49dfb56d4d --out-dir /Users/girivs/src/rust-tantraos/build/aarch64-apple-darwin/stage1-std/debug/build/object-f3295f49dfb56d4d -L dependency=/Users/girivs/src/rust-tantraos/build/aarch64-apple-darwin/stage1-std/debug/deps --cap-lints allow -Z binary-dep-depinfo`
   Compiling cc v1.2.0
     Running `/Users/girivs/src/rust-tantraos/build/bootstrap/debug/rustc /Users/girivs/src/rust-tantraos/build/bootstrap/debug/rustc --crate-name cc --edition=2018 /Users/girivs/.cargo/registry/src/index.crates.io-1949cf8c6b5b557f/cc-1.2.0/src/lib.rs --error-format=json --json=diagnostic-rendered-ansi,artifacts,future-incompat --crate-type lib --emit=dep-info,metadata,link -C embed-bitcode=no -C debug-assertions=off --check-cfg 'cfg(docsrs,test)' --check-cfg 'cfg(feature, values("jobserver", "parallel"))' -C metadata=32a9e9154ea6b15c -C extra-filename=-17316f1b78281a06 --out-dir /Users/girivs/src/rust-tantraos/build/aarch64-apple-darwin/stage1-std/debug/deps -L dependency=/Users/girivs/src/rust-tantraos/build/aarch64-apple-darwin/stage1-std/debug/deps --extern shlex=/Users/girivs/src/rust-tantraos/build/aarch64-apple-darwin/stage1-std/debug/deps/libshlex-70d0f4182b150d76.rmeta --cap-lints allow -Z binary-dep-depinfo`
     Running `/Users/girivs/src/rust-tantraos/build/aarch64-apple-darwin/stage1-std/debug/build/std-3f08345ccb935ead/build-script-build`
     Running `/Users/girivs/src/rust-tantraos/build/aarch64-apple-darwin/stage1-std/debug/build/object-f3295f49dfb56d4d/build-script-build`
     Running `/Users/girivs/src/rust-tantraos/build/aarch64-apple-darwin/stage1-std/debug/build/libc-b8c6da7ebd78ee35/build-script-build`
   Compiling compiler_builtins v0.1.160 (/Users/girivs/src/rust-tantraos/library/compiler-builtins/compiler-builtins)
     Running `/Users/girivs/src/rust-tantraos/build/bootstrap/debug/rustc /Users/girivs/src/rust-tantraos/build/bootstrap/debug/rustc --crate-name build_script_build --edition=2024 library/compiler-builtins/compiler-builtins/build.rs --error-format=json --json=diagnostic-rendered-ansi,artifacts,future-incompat --crate-type bin --emit=dep-info,link -C embed-bitcode=no -C debug-assertions=off --cfg 'feature="c"' --cfg 'feature="compiler-builtins"' --cfg 'feature="default"' --cfg 'feature="rustc-dep-of-std"' --check-cfg 'cfg(docsrs,test)' --check-cfg 'cfg(feature, values("c", "compiler-builtins", "default", "mangled-names", "mem", "no-asm", "no-f16-f128", "rustc-dep-of-std", "unstable-public-internals"))' -C metadata=6b28b89d96aaeaed -C extra-filename=-5fc0f55abac5f5fc --out-dir /Users/girivs/src/rust-tantraos/build/aarch64-apple-darwin/stage1-std/debug/build/compiler_builtins-5fc0f55abac5f5fc -L dependency=/Users/girivs/src/rust-tantraos/build/aarch64-apple-darwin/stage1-std/debug/deps --extern cc=/Users/girivs/src/rust-tantraos/build/aarch64-apple-darwin/stage1-std/debug/deps/libcc-17316f1b78281a06.rlib -Z binary-dep-depinfo`
     Running `/Users/girivs/src/rust-tantraos/build/aarch64-apple-darwin/stage1-std/debug/build/compiler_builtins-5fc0f55abac5f5fc/build-script-build`
     Running `/Users/girivs/src/rust-tantraos/build/bootstrap/debug/rustc /Users/girivs/src/rust-tantraos/build/bootstrap/debug/rustc --crate-name compiler_builtins --edition=2024 library/compiler-builtins/compiler-builtins/src/lib.rs --error-format=json --json=diagnostic-rendered-ansi,artifacts,future-incompat --crate-type lib --emit=dep-info,metadata,link -C embed-bitcode=no -C codegen-units=16 -C debug-assertions=off --cfg 'feature="c"' --cfg 'feature="compiler-builtins"' --cfg 'feature="default"' --cfg 'feature="rustc-dep-of-std"' --check-cfg 'cfg(docsrs,test)' --check-cfg 'cfg(feature, values("c", "compiler-builtins", "default", "mangled-names", "mem", "no-asm", "no-f16-f128", "rustc-dep-of-std", "unstable-public-internals"))' -C metadata=24610553fcd5a434 -C extra-filename=-4cb940dfa2e46f00 --out-dir /Users/girivs/src/rust-tantraos/build/aarch64-apple-darwin/stage1-std/aarch64-apple-darwin/debug/deps --target aarch64-apple-darwin -L dependency=/Users/girivs/src/rust-tantraos/build/aarch64-apple-darwin/stage1-std/aarch64-apple-darwin/debug/deps -L dependency=/Users/girivs/src/rust-tantraos/build/aarch64-apple-darwin/stage1-std/debug/deps --extern core=/Users/girivs/src/rust-tantraos/build/aarch64-apple-darwin/stage1-std/aarch64-apple-darwin/debug/deps/libcore-ffc23d52aa4296a3.rmeta -Csymbol-mangling-version=legacy '--check-cfg=cfg(feature,values(any()))' -Zunstable-options -Zmacro-backtrace -Csplit-debuginfo=unpacked -Cprefer-dynamic -Zinline-mir -Zinline-mir-preserve-debug -Zmir_strip_debuginfo=locals-in-tiny-functions -Zosx-rpath-install-name '-Clink-args=-Wl,-rpath,@loader_path/../lib' -Alinker-messages -Cembed-bitcode=yes -Clto=off -Zunstable-options -Cforce-frame-pointers=non-leaf '-Zcrate-attr=doc(html_root_url="https://doc.rust-lang.org/nightly/")' -Z binary-dep-depinfo -L native=/Users/girivs/src/rust-tantraos/build/aarch64-apple-darwin/stage1-std/aarch64-apple-darwin/debug/build/compiler_builtins-6c25798256386602/out -l static=compiler-rt --cfg f16_enabled --cfg f128_enabled --cfg intrinsics_enabled --cfg arch_enabled --cfg 'feature="unstable-intrinsics"' --cfg 'feature="mem-unaligned"' --cfg '__aarch64_cas1_relax="optimized-c"' --cfg '__aarch64_cas1_acq="optimized-c"' --cfg '__aarch64_cas1_rel="optimized-c"' --cfg '__aarch64_cas1_acq_rel="optimized-c"' --cfg '__aarch64_cas2_relax="optimized-c"' --cfg '__aarch64_cas2_acq="optimized-c"' --cfg '__aarch64_cas2_rel="optimized-c"' --cfg '__aarch64_cas2_acq_rel="optimized-c"' --cfg '__aarch64_cas4_relax="optimized-c"' --cfg '__aarch64_cas4_acq="optimized-c"' --cfg '__aarch64_cas4_rel="optimized-c"' --cfg '__aarch64_cas4_acq_rel="optimized-c"' --cfg '__aarch64_cas8_relax="optimized-c"' --cfg '__aarch64_cas8_acq="optimized-c"' --cfg '__aarch64_cas8_rel="optimized-c"' --cfg '__aarch64_cas8_acq_rel="optimized-c"' --cfg '__aarch64_cas16_relax="optimized-c"' --cfg '__aarch64_cas16_acq="optimized-c"' --cfg '__aarch64_cas16_rel="optimized-c"' --cfg '__aarch64_cas16_acq_rel="optimized-c"' --cfg '__aarch64_swp1_relax="optimized-c"' --cfg '__aarch64_swp1_acq="optimized-c"' --cfg '__aarch64_swp1_rel="optimized-c"' --cfg '__aarch64_swp1_acq_rel="optimized-c"' --cfg '__aarch64_swp2_relax="optimized-c"' --cfg '__aarch64_swp2_acq="optimized-c"' --cfg '__aarch64_swp2_rel="optimized-c"' --cfg '__aarch64_swp2_acq_rel="optimized-c"' --cfg '__aarch64_swp4_relax="optimized-c"' --cfg '__aarch64_swp4_acq="optimized-c"' --cfg '__aarch64_swp4_rel="optimized-c"' --cfg '__aarch64_swp4_acq_rel="optimized-c"' --cfg '__aarch64_swp8_relax="optimized-c"' --cfg '__aarch64_swp8_acq="optimized-c"' --cfg '__aarch64_swp8_rel="optimized-c"' --cfg '__aarch64_swp8_acq_rel="optimized-c"' --cfg '__aarch64_ldadd1_relax="optimized-c"' --cfg '__aarch64_ldadd1_acq="optimized-c"' --cfg '__aarch64_ldadd1_rel="optimized-c"' --cfg '__aarch64_ldadd1_acq_rel="optimized-c"' --cfg '__aarch64_ldadd2_relax="optimized-c"' --cfg '__aarch64_ldadd2_acq="optimized-c"' --cfg '__aarch64_ldadd2_rel="optimized-c"' --cfg '__aarch64_ldadd2_acq_rel="optimized-c"' --cfg '__aarch64_ldadd4_relax="optimized-c"' --cfg '__aarch64_ldadd4_acq="optimized-c"' --cfg '__aarch64_ldadd4_rel="optimized-c"' --cfg '__aarch64_ldadd4_acq_rel="optimized-c"' --cfg '__aarch64_ldadd8_relax="optimized-c"' --cfg '__aarch64_ldadd8_acq="optimized-c"' --cfg '__aarch64_ldadd8_rel="optimized-c"' --cfg '__aarch64_ldadd8_acq_rel="optimized-c"' --cfg '__aarch64_ldclr1_relax="optimized-c"' --cfg '__aarch64_ldclr1_acq="optimized-c"' --cfg '__aarch64_ldclr1_rel="optimized-c"' --cfg '__aarch64_ldclr1_acq_rel="optimized-c"' --cfg '__aarch64_ldclr2_relax="optimized-c"' --cfg '__aarch64_ldclr2_acq="optimized-c"' --cfg '__aarch64_ldclr2_rel="optimized-c"' --cfg '__aarch64_ldclr2_acq_rel="optimized-c"' --cfg '__aarch64_ldclr4_relax="optimized-c"' --cfg '__aarch64_ldclr4_acq="optimized-c"' --cfg '__aarch64_ldclr4_rel="optimized-c"' --cfg '__aarch64_ldclr4_acq_rel="optimized-c"' --cfg '__aarch64_ldclr8_relax="optimized-c"' --cfg '__aarch64_ldclr8_acq="optimized-c"' --cfg '__aarch64_ldclr8_rel="optimized-c"' --cfg '__aarch64_ldclr8_acq_rel="optimized-c"' --cfg '__aarch64_ldeor1_relax="optimized-c"' --cfg '__aarch64_ldeor1_acq="optimized-c"' --cfg '__aarch64_ldeor1_rel="optimized-c"' --cfg '__aarch64_ldeor1_acq_rel="optimized-c"' --cfg '__aarch64_ldeor2_relax="optimized-c"' --cfg '__aarch64_ldeor2_acq="optimized-c"' --cfg '__aarch64_ldeor2_rel="optimized-c"' --cfg '__aarch64_ldeor2_acq_rel="optimized-c"' --cfg '__aarch64_ldeor4_relax="optimized-c"' --cfg '__aarch64_ldeor4_acq="optimized-c"' --cfg '__aarch64_ldeor4_rel="optimized-c"' --cfg '__aarch64_ldeor4_acq_rel="optimized-c"' --cfg '__aarch64_ldeor8_relax="optimized-c"' --cfg '__aarch64_ldeor8_acq="optimized-c"' --cfg '__aarch64_ldeor8_rel="optimized-c"' --cfg '__aarch64_ldeor8_acq_rel="optimized-c"' --cfg '__aarch64_ldset1_relax="optimized-c"' --cfg '__aarch64_ldset1_acq="optimized-c"' --cfg '__aarch64_ldset1_rel="optimized-c"' --cfg '__aarch64_ldset1_acq_rel="optimized-c"' --cfg '__aarch64_ldset2_relax="optimized-c"' --cfg '__aarch64_ldset2_acq="optimized-c"' --cfg '__aarch64_ldset2_rel="optimized-c"' --cfg '__aarch64_ldset2_acq_rel="optimized-c"' --cfg '__aarch64_ldset4_relax="optimized-c"' --cfg '__aarch64_ldset4_acq="optimized-c"' --cfg '__aarch64_ldset4_rel="optimized-c"' --cfg '__aarch64_ldset4_acq_rel="optimized-c"' --cfg '__aarch64_ldset8_relax="optimized-c"' --cfg '__aarch64_ldset8_acq="optimized-c"' --cfg '__aarch64_ldset8_rel="optimized-c"' --cfg '__aarch64_ldset8_acq_rel="optimized-c"' --cfg '__aarch64_have_lse_atomics="optimized-c"' --cfg '__absvdi2="optimized-c"' --cfg '__absvsi2="optimized-c"' --cfg '__absvti2="optimized-c"' --cfg '__addvdi3="optimized-c"' --cfg '__addvsi3="optimized-c"' --cfg '__addvti3="optimized-c"' --cfg '__cmpdi2="optimized-c"' --cfg '__cmpti2="optimized-c"' --cfg '__divdc3="optimized-c"' --cfg '__divsc3="optimized-c"' --cfg '__fe_getround="optimized-c"' --cfg '__fe_raise_inexact="optimized-c"' --cfg '__ffsti2="optimized-c"' --cfg '__int_util="optimized-c"' --cfg '__muldc3="optimized-c"' --cfg '__mulsc3="optimized-c"' --cfg '__multc3="optimized-c"' --cfg '__mulvdi3="optimized-c"' --cfg '__mulvsi3="optimized-c"' --cfg '__mulvti3="optimized-c"' --cfg '__negdf2="optimized-c"' --cfg '__negdi2="optimized-c"' --cfg '__negsf2="optimized-c"' --cfg '__negti2="optimized-c"' --cfg '__negvdi2="optimized-c"' --cfg '__negvsi2="optimized-c"' --cfg '__negvti2="optimized-c"' --cfg '__paritydi2="optimized-c"' --cfg '__paritysi2="optimized-c"' --cfg '__parityti2="optimized-c"' --cfg '__popcountdi2="optimized-c"' --cfg '__popcountsi2="optimized-c"' --cfg '__popcountti2="optimized-c"' --cfg '__subvdi3="optimized-c"' --cfg '__subvsi3="optimized-c"' --cfg '__subvti3="optimized-c"' --cfg '__ucmpdi2="optimized-c"' --cfg '__ucmpti2="optimized-c"' --cfg 'atomic_flag_clear="optimized-c"' --cfg 'atomic_flag_clear_explicit="optimized-c"' --cfg 'atomic_flag_test_and_set="optimized-c"' --cfg 'atomic_flag_test_and_set_explicit="optimized-c"' --cfg 'atomic_signal_fence="optimized-c"' --cfg 'atomic_thread_fence="optimized-c"' --check-cfg 'cfg(__ashldi3, values("optimized-c"))' --check-cfg 'cfg(__ashlsi3, values("optimized-c"))' --check-cfg 'cfg(__ashrdi3, values("optimized-c"))' --check-cfg 'cfg(__ashrsi3, values("optimized-c"))' --check-cfg 'cfg(__bswapsi2, values("optimized-c"))' --check-cfg 'cfg(__bswapdi2, values("optimized-c"))' --check-cfg 'cfg(__bswapti2, values("optimized-c"))' --check-cfg 'cfg(__divdi3, values("optimized-c"))' --check-cfg 'cfg(__divsi3, values("optimized-c"))' --check-cfg 'cfg(__divmoddi4, values("optimized-c"))' --check-cfg 'cfg(__divmodsi4, values("optimized-c"))' --check-cfg 'cfg(__divmodsi4, values("optimized-c"))' --check-cfg 'cfg(__divmodti4, values("optimized-c"))' --check-cfg 'cfg(__lshrdi3, values("optimized-c"))' --check-cfg 'cfg(__lshrsi3, values("optimized-c"))' --check-cfg 'cfg(__moddi3, values("optimized-c"))' --check-cfg 'cfg(__modsi3, values("optimized-c"))' --check-cfg 'cfg(__muldi3, values("optimized-c"))' --check-cfg 'cfg(__udivdi3, values("optimized-c"))' --check-cfg 'cfg(__udivmoddi4, values("optimized-c"))' --check-cfg 'cfg(__udivmodsi4, values("optimized-c"))' --check-cfg 'cfg(__udivsi3, values("optimized-c"))' --check-cfg 'cfg(__umoddi3, values("optimized-c"))' --check-cfg 'cfg(__umodsi3, values("optimized-c"))' --check-cfg 'cfg(__aarch64_cas1_relax, values("optimized-c"))' --check-cfg 'cfg(__aarch64_cas1_acq, values("optimized-c"))' --check-cfg 'cfg(__aarch64_cas1_rel, values("optimized-c"))' --check-cfg 'cfg(__aarch64_cas1_acq_rel, values("optimized-c"))' --check-cfg 'cfg(__aarch64_cas2_relax, values("optimized-c"))' --check-cfg 'cfg(__aarch64_cas2_acq, values("optimized-c"))' --check-cfg 'cfg(__aarch64_cas2_rel, values("optimized-c"))' --check-cfg 'cfg(__aarch64_cas2_acq_rel, values("optimized-c"))' --check-cfg 'cfg(__aarch64_cas4_relax, values("optimized-c"))' --check-cfg 'cfg(__aarch64_cas4_acq, values("optimized-c"))' --check-cfg 'cfg(__aarch64_cas4_rel, values("optimized-c"))' --check-cfg 'cfg(__aarch64_cas4_acq_rel, values("optimized-c"))' --check-cfg 'cfg(__aarch64_cas8_relax, values("optimized-c"))' --check-cfg 'cfg(__aarch64_cas8_acq, values("optimized-c"))' --check-cfg 'cfg(__aarch64_cas8_rel, values("optimized-c"))' --check-cfg 'cfg(__aarch64_cas8_acq_rel, values("optimized-c"))' --check-cfg 'cfg(__aarch64_cas16_relax, values("optimized-c"))' --check-cfg 'cfg(__aarch64_cas16_acq, values("optimized-c"))' --check-cfg 'cfg(__aarch64_cas16_rel, values("optimized-c"))' --check-cfg 'cfg(__aarch64_cas16_acq_rel, values("optimized-c"))' --check-cfg 'cfg(__aarch64_ldadd1_relax, values("optimized-c"))' --check-cfg 'cfg(__aarch64_ldadd1_acq, values("optimized-c"))' --check-cfg 'cfg(__aarch64_ldadd1_rel, values("optimized-c"))' --check-cfg 'cfg(__aarch64_ldadd1_acq_rel, values("optimized-c"))' --check-cfg 'cfg(__aarch64_ldadd2_relax, values("optimized-c"))' --check-cfg 'cfg(__aarch64_ldadd2_acq, values("optimized-c"))' --check-cfg 'cfg(__aarch64_ldadd2_rel, values("optimized-c"))' --check-cfg 'cfg(__aarch64_ldadd2_acq_rel, values("optimized-c"))' --check-cfg 'cfg(__aarch64_ldadd4_relax, values("optimized-c"))' --check-cfg 'cfg(__aarch64_ldadd4_acq, values("optimized-c"))' --check-cfg 'cfg(__aarch64_ldadd4_rel, values("optimized-c"))' --check-cfg 'cfg(__aarch64_ldadd4_acq_rel, values("optimized-c"))' --check-cfg 'cfg(__aarch64_ldadd8_relax, values("optimized-c"))' --check-cfg 'cfg(__aarch64_ldadd8_acq, values("optimized-c"))' --check-cfg 'cfg(__aarch64_ldadd8_rel, values("optimized-c"))' --check-cfg 'cfg(__aarch64_ldadd8_acq_rel, values("optimized-c"))' --check-cfg 'cfg(__aarch64_ldclr1_relax, values("optimized-c"))' --check-cfg 'cfg(__aarch64_ldclr1_acq, values("optimized-c"))' --check-cfg 'cfg(__aarch64_ldclr1_rel, values("optimized-c"))' --check-cfg 'cfg(__aarch64_ldclr1_acq_rel, values("optimized-c"))' --check-cfg 'cfg(__aarch64_ldclr2_relax, values("optimized-c"))' --check-cfg 'cfg(__aarch64_ldclr2_acq, values("optimized-c"))' --check-cfg 'cfg(__aarch64_ldclr2_rel, values("optimized-c"))' --check-cfg 'cfg(__aarch64_ldclr2_acq_rel, values("optimized-c"))' --check-cfg 'cfg(__aarch64_ldclr4_relax, values("optimized-c"))' --check-cfg 'cfg(__aarch64_ldclr4_acq, values("optimized-c"))' --check-cfg 'cfg(__aarch64_ldclr4_rel, values("optimized-c"))' --check-cfg 'cfg(__aarch64_ldclr4_acq_rel, values("optimized-c"))' --check-cfg 'cfg(__aarch64_ldclr8_relax, values("optimized-c"))' --check-cfg 'cfg(__aarch64_ldclr8_acq, values("optimized-c"))' --check-cfg 'cfg(__aarch64_ldclr8_rel, values("optimized-c"))' --check-cfg 'cfg(__aarch64_ldclr8_acq_rel, values("optimized-c"))' --check-cfg 'cfg(__aarch64_ldeor1_relax, values("optimized-c"))' --check-cfg 'cfg(__aarch64_ldeor1_acq, values("optimized-c"))' --check-cfg 'cfg(__aarch64_ldeor1_rel, values("optimized-c"))' --check-cfg 'cfg(__aarch64_ldeor1_acq_rel, values("optimized-c"))' --check-cfg 'cfg(__aarch64_ldeor2_relax, values("optimized-c"))' --check-cfg 'cfg(__aarch64_ldeor2_acq, values("optimized-c"))' --check-cfg 'cfg(__aarch64_ldeor2_rel, values("optimized-c"))' --check-cfg 'cfg(__aarch64_ldeor2_acq_rel, values("optimized-c"))' --check-cfg 'cfg(__aarch64_ldeor4_relax, values("optimized-c"))' --check-cfg 'cfg(__aarch64_ldeor4_acq, values("optimized-c"))' --check-cfg 'cfg(__aarch64_ldeor4_rel, values("optimized-c"))' --check-cfg 'cfg(__aarch64_ldeor4_acq_rel, values("optimized-c"))' --check-cfg 'cfg(__aarch64_ldeor8_relax, values("optimized-c"))' --check-cfg 'cfg(__aarch64_ldeor8_acq, values("optimized-c"))' --check-cfg 'cfg(__aarch64_ldeor8_rel, values("optimized-c"))' --check-cfg 'cfg(__aarch64_ldeor8_acq_rel, values("optimized-c"))' --check-cfg 'cfg(__aarch64_ldset1_relax, values("optimized-c"))' --check-cfg 'cfg(__aarch64_ldset1_acq, values("optimized-c"))' --check-cfg 'cfg(__aarch64_ldset1_rel, values("optimized-c"))' --check-cfg 'cfg(__aarch64_ldset1_acq_rel, values("optimized-c"))' --check-cfg 'cfg(__aarch64_ldset2_relax, values("optimized-c"))' --check-cfg 'cfg(__aarch64_ldset2_acq, values("optimized-c"))' --check-cfg 'cfg(__aarch64_ldset2_rel, values("optimized-c"))' --check-cfg 'cfg(__aarch64_ldset2_acq_rel, values("optimized-c"))' --check-cfg 'cfg(__aarch64_ldset4_relax, values("optimized-c"))' --check-cfg 'cfg(__aarch64_ldset4_acq, values("optimized-c"))' --check-cfg 'cfg(__aarch64_ldset4_rel, values("optimized-c"))' --check-cfg 'cfg(__aarch64_ldset4_acq_rel, values("optimized-c"))' --check-cfg 'cfg(__aarch64_ldset8_relax, values("optimized-c"))' --check-cfg 'cfg(__aarch64_ldset8_acq, values("optimized-c"))' --check-cfg 'cfg(__aarch64_ldset8_rel, values("optimized-c"))' --check-cfg 'cfg(__aarch64_ldset8_acq_rel, values("optimized-c"))' --check-cfg 'cfg(__aarch64_swp1_relax, values("optimized-c"))' --check-cfg 'cfg(__aarch64_swp1_acq, values("optimized-c"))' --check-cfg 'cfg(__aarch64_swp1_rel, values("optimized-c"))' --check-cfg 'cfg(__aarch64_swp1_acq_rel, values("optimized-c"))' --check-cfg 'cfg(__aarch64_swp2_relax, values("optimized-c"))' --check-cfg 'cfg(__aarch64_swp2_acq, values("optimized-c"))' --check-cfg 'cfg(__aarch64_swp2_rel, values("optimized-c"))' --check-cfg 'cfg(__aarch64_swp2_acq_rel, values("optimized-c"))' --check-cfg 'cfg(__aarch64_swp4_relax, values("optimized-c"))' --check-cfg 'cfg(__aarch64_swp4_acq, values("optimized-c"))' --check-cfg 'cfg(__aarch64_swp4_rel, values("optimized-c"))' --check-cfg 'cfg(__aarch64_swp4_acq_rel, values("optimized-c"))' --check-cfg 'cfg(__aarch64_swp8_relax, values("optimized-c"))' --check-cfg 'cfg(__aarch64_swp8_acq, values("optimized-c"))' --check-cfg 'cfg(__aarch64_swp8_rel, values("optimized-c"))' --check-cfg 'cfg(__aarch64_swp8_acq_rel, values("optimized-c"))' --check-cfg 'cfg(target_feature, values("vis3"))' --check-cfg 'cfg(feature, values("checked"))' --check-cfg 'cfg(assert_no_panic)' --check-cfg 'cfg(thumb)' --check-cfg 'cfg(thumb_1)' --check-cfg 'cfg(x86_no_sse)' --check-cfg 'cfg(f16_enabled)' --check-cfg 'cfg(f128_enabled)' --check-cfg 'cfg(intrinsics_enabled)' --check-cfg 'cfg(arch_enabled)' --check-cfg 'cfg(optimizations_enabled)' --check-cfg 'cfg(feature, values("unstable-public-internals"))' --check-cfg 'cfg(optimizations_enabled)' --check-cfg 'cfg(kernel_user_helpers)' --check-cfg 'cfg(feature, values("mem-unaligned"))'`
   Compiling rustc-std-workspace-core v1.99.0 (/Users/girivs/src/rust-tantraos/library/rustc-std-workspace-core)
   Compiling alloc v0.0.0 (/Users/girivs/src/rust-tantraos/library/alloc)
     Running `/Users/girivs/src/rust-tantraos/build/bootstrap/debug/rustc /Users/girivs/src/rust-tantraos/build/bootstrap/debug/rustc --crate-name rustc_std_workspace_core --edition=2024 library/rustc-std-workspace-core/lib.rs --error-format=json --json=diagnostic-rendered-ansi,artifacts,future-incompat --crate-type lib --emit=dep-info,metadata,link -C embed-bitcode=no -C codegen-units=16 -C debug-assertions=off --check-cfg 'cfg(docsrs,test)' --check-cfg 'cfg(feature, values())' -C metadata=4c948e184a76c5e7 -C extra-filename=-8d93ca93618c2eee --out-dir /Users/girivs/src/rust-tantraos/build/aarch64-apple-darwin/stage1-std/aarch64-apple-darwin/debug/deps --target aarch64-apple-darwin -L dependency=/Users/girivs/src/rust-tantraos/build/aarch64-apple-darwin/stage1-std/aarch64-apple-darwin/debug/deps -L dependency=/Users/girivs/src/rust-tantraos/build/aarch64-apple-darwin/stage1-std/debug/deps --extern 'priv:compiler_builtins=/Users/girivs/src/rust-tantraos/build/aarch64-apple-darwin/stage1-std/aarch64-apple-darwin/debug/deps/libcompiler_builtins-4cb940dfa2e46f00.rmeta' --extern core=/Users/girivs/src/rust-tantraos/build/aarch64-apple-darwin/stage1-std/aarch64-apple-darwin/debug/deps/libcore-ffc23d52aa4296a3.rmeta -Z unstable-options -Csymbol-mangling-version=legacy '--check-cfg=cfg(feature,values(any()))' -Zunstable-options -Zmacro-backtrace -Csplit-debuginfo=unpacked -Cprefer-dynamic -Zinline-mir -Zinline-mir-preserve-debug -Zmir_strip_debuginfo=locals-in-tiny-functions -Zosx-rpath-install-name '-Clink-args=-Wl,-rpath,@loader_path/../lib' -Alinker-messages -Cembed-bitcode=yes -Clto=off -Zunstable-options -Cforce-frame-pointers=non-leaf '-Zcrate-attr=doc(html_root_url="https://doc.rust-lang.org/nightly/")' -Z binary-dep-depinfo -L native=/Users/girivs/src/rust-tantraos/build/aarch64-apple-darwin/stage1-std/aarch64-apple-darwin/debug/build/compiler_builtins-6c25798256386602/out`
     Running `/Users/girivs/src/rust-tantraos/build/bootstrap/debug/rustc /Users/girivs/src/rust-tantraos/build/bootstrap/debug/rustc --crate-name alloc --edition=2024 library/alloc/src/lib.rs --error-format=json --json=diagnostic-rendered-ansi,artifacts,future-incompat --crate-type lib --emit=dep-info,metadata,link -C embed-bitcode=no -C codegen-units=16 --warn=unexpected_cfgs --check-cfg 'cfg(no_global_oom_handling)' --check-cfg 'cfg(no_rc)' --check-cfg 'cfg(no_sync)' -C debug-assertions=off --cfg 'feature="compiler-builtins-c"' --check-cfg 'cfg(docsrs,test)' --check-cfg 'cfg(feature, values("compiler-builtins-c", "compiler-builtins-mem", "compiler-builtins-no-f16-f128", "optimize_for_size", "panic_immediate_abort"))' -C metadata=b7c58fdb8a7ea558 -C extra-filename=-921207bc67828d07 --out-dir /Users/girivs/src/rust-tantraos/build/aarch64-apple-darwin/stage1-std/aarch64-apple-darwin/debug/deps --target aarch64-apple-darwin -L dependency=/Users/girivs/src/rust-tantraos/build/aarch64-apple-darwin/stage1-std/aarch64-apple-darwin/debug/deps -L dependency=/Users/girivs/src/rust-tantraos/build/aarch64-apple-darwin/stage1-std/debug/deps --extern 'priv:compiler_builtins=/Users/girivs/src/rust-tantraos/build/aarch64-apple-darwin/stage1-std/aarch64-apple-darwin/debug/deps/libcompiler_builtins-4cb940dfa2e46f00.rmeta' --extern core=/Users/girivs/src/rust-tantraos/build/aarch64-apple-darwin/stage1-std/aarch64-apple-darwin/debug/deps/libcore-ffc23d52aa4296a3.rmeta -Z unstable-options -Csymbol-mangling-version=legacy '--check-cfg=cfg(feature,values(any()))' -Zunstable-options -Zmacro-backtrace -Csplit-debuginfo=unpacked -Cprefer-dynamic -Zinline-mir -Zinline-mir-preserve-debug -Zmir_strip_debuginfo=locals-in-tiny-functions -Zosx-rpath-install-name '-Clink-args=-Wl,-rpath,@loader_path/../lib' -Alinker-messages -Cembed-bitcode=yes -Clto=off -Zunstable-options -Cforce-frame-pointers=non-leaf '-Zcrate-attr=doc(html_root_url="https://doc.rust-lang.org/nightly/")' -Z binary-dep-depinfo -L native=/Users/girivs/src/rust-tantraos/build/aarch64-apple-darwin/stage1-std/aarch64-apple-darwin/debug/build/compiler_builtins-6c25798256386602/out`
   Compiling memchr v2.7.5
   Compiling adler2 v2.0.1
   Compiling rustc-demangle v0.1.26
   Compiling panic_abort v0.0.0 (/Users/girivs/src/rust-tantraos/library/panic_abort)
     Running `/Users/girivs/src/rust-tantraos/build/bootstrap/debug/rustc /Users/girivs/src/rust-tantraos/build/bootstrap/debug/rustc --crate-name libc --edition=2021 /Users/girivs/.cargo/registry/src/index.crates.io-1949cf8c6b5b557f/libc-0.2.175/src/lib.rs --error-format=json --json=diagnostic-rendered-ansi,artifacts,future-incompat --crate-type lib --emit=dep-info,metadata,link -C embed-bitcode=no -C codegen-units=16 '--allow=clippy::used_underscore_binding' --allow=unused_qualifications '--warn=clippy::unnecessary_semicolon' '--allow=clippy::unnecessary_cast' '--allow=clippy::uninlined_format_args' '--warn=clippy::ptr_as_ptr' '--allow=clippy::non_minimal_cfg' '--allow=clippy::missing_safety_doc' '--warn=clippy::map_unwrap_or' '--warn=clippy::manual_assert' '--allow=clippy::identity_op' '--warn=clippy::explicit_iter_loop' '--allow=clippy::expl_impl_clone_on_copy' -C debug-assertions=off --cfg 'feature="align"' --cfg 'feature="rustc-dep-of-std"' --cfg 'feature="rustc-std-workspace-core"' --check-cfg 'cfg(docsrs,test)' --check-cfg 'cfg(feature, values("align", "const-extern-fn", "default", "extra_traits", "rustc-dep-of-std", "rustc-std-workspace-core", "std", "use_std"))' -C metadata=b836a7b53e5b1960 -C extra-filename=-83458066098149bd --out-dir /Users/girivs/src/rust-tantraos/build/aarch64-apple-darwin/stage1-std/aarch64-apple-darwin/debug/deps --target aarch64-apple-darwin -L dependency=/Users/girivs/src/rust-tantraos/build/aarch64-apple-darwin/stage1-std/aarch64-apple-darwin/debug/deps -L dependency=/Users/girivs/src/rust-tantraos/build/aarch64-apple-darwin/stage1-std/debug/deps --extern rustc_std_workspace_core=/Users/girivs/src/rust-tantraos/build/aarch64-apple-darwin/stage1-std/aarch64-apple-darwin/debug/deps/librustc_std_workspace_core-8d93ca93618c2eee.rmeta --cap-lints allow -Csymbol-mangling-version=legacy '--check-cfg=cfg(feature,values(any()))' -Zunstable-options -Zmacro-backtrace -Csplit-debuginfo=unpacked -Cprefer-dynamic -Zinline-mir -Zinline-mir-preserve-debug -Zmir_strip_debuginfo=locals-in-tiny-functions -Zosx-rpath-install-name '-Clink-args=-Wl,-rpath,@loader_path/../lib' -Alinker-messages -Cembed-bitcode=yes -Clto=off -Zunstable-options -Cforce-frame-pointers=non-leaf '-Zcrate-attr=doc(html_root_url="https://doc.rust-lang.org/nightly/")' -Z binary-dep-depinfo -L native=/Users/girivs/src/rust-tantraos/build/aarch64-apple-darwin/stage1-std/aarch64-apple-darwin/debug/build/compiler_builtins-6c25798256386602/out --cfg freebsd12 --cfg libc_thread_local --cfg libc_const_extern_fn --check-cfg 'cfg(emscripten_old_stat_abi)' --check-cfg 'cfg(espidf_time32)' --check-cfg 'cfg(freebsd10)' --check-cfg 'cfg(freebsd11)' --check-cfg 'cfg(freebsd12)' --check-cfg 'cfg(freebsd13)' --check-cfg 'cfg(freebsd14)' --check-cfg 'cfg(freebsd15)' --check-cfg 'cfg(gnu_file_offset_bits64)' --check-cfg 'cfg(gnu_time_bits64)' --check-cfg 'cfg(libc_const_extern_fn)' --check-cfg 'cfg(libc_deny_warnings)' --check-cfg 'cfg(libc_thread_local)' --check-cfg 'cfg(libc_ctest)' --check-cfg 'cfg(linux_time_bits64)' --check-cfg 'cfg(musl_v1_2_3)' --check-cfg 'cfg(target_os,values("switch","aix","ohos","hurd","rtems","visionos","nuttx","cygwin"))' --check-cfg 'cfg(target_env,values("illumos","wasi","aix","ohos","nto71_iosock","nto80"))' --check-cfg 'cfg(target_arch,values("loongarch64","mips32r6","mips64r6","csky"))'`
     Running `/Users/girivs/src/rust-tantraos/build/bootstrap/debug/rustc /Users/girivs/src/rust-tantraos/build/bootstrap/debug/rustc --crate-name memchr --edition=2021 /Users/girivs/.cargo/registry/src/index.crates.io-1949cf8c6b5b557f/memchr-2.7.5/src/lib.rs --error-format=json --json=diagnostic-rendered-ansi,artifacts,future-incompat --crate-type lib --emit=dep-info,metadata,link -C embed-bitcode=no -C codegen-units=16 -C debug-assertions=off --cfg 'feature="core"' --cfg 'feature="rustc-dep-of-std"' --check-cfg 'cfg(docsrs,test)' --check-cfg 'cfg(feature, values("alloc", "core", "default", "libc", "logging", "rustc-dep-of-std", "std", "use_std"))' -C metadata=fd2d3758eaf6edec -C extra-filename=-5f329f2def4c51cd --out-dir /Users/girivs/src/rust-tantraos/build/aarch64-apple-darwin/stage1-std/aarch64-apple-darwin/debug/deps --target aarch64-apple-darwin -L dependency=/Users/girivs/src/rust-tantraos/build/aarch64-apple-darwin/stage1-std/aarch64-apple-darwin/debug/deps -L dependency=/Users/girivs/src/rust-tantraos/build/aarch64-apple-darwin/stage1-std/debug/deps --extern core=/Users/girivs/src/rust-tantraos/build/aarch64-apple-darwin/stage1-std/aarch64-apple-darwin/debug/deps/librustc_std_workspace_core-8d93ca93618c2eee.rmeta --cap-lints allow -Csymbol-mangling-version=legacy '--check-cfg=cfg(feature,values(any()))' -Zunstable-options -Zmacro-backtrace -Csplit-debuginfo=unpacked -Cprefer-dynamic -Zinline-mir -Zinline-mir-preserve-debug -Zmir_strip_debuginfo=locals-in-tiny-functions -Zosx-rpath-install-name '-Clink-args=-Wl,-rpath,@loader_path/../lib' -Alinker-messages -Cembed-bitcode=yes -Clto=off -Zunstable-options -Cforce-frame-pointers=non-leaf '-Zcrate-attr=doc(html_root_url="https://doc.rust-lang.org/nightly/")' -Z binary-dep-depinfo -L native=/Users/girivs/src/rust-tantraos/build/aarch64-apple-darwin/stage1-std/aarch64-apple-darwin/debug/build/compiler_builtins-6c25798256386602/out`
     Running `/Users/girivs/src/rust-tantraos/build/bootstrap/debug/rustc /Users/girivs/src/rust-tantraos/build/bootstrap/debug/rustc --crate-name rustc_demangle --edition=2015 /Users/girivs/.cargo/registry/src/index.crates.io-1949cf8c6b5b557f/rustc-demangle-0.1.26/src/lib.rs --error-format=json --json=diagnostic-rendered-ansi,artifacts,future-incompat --crate-type lib --emit=dep-info,metadata,link -C embed-bitcode=no -C codegen-units=16 -C debug-assertions=off --cfg 'feature="core"' --cfg 'feature="rustc-dep-of-std"' --check-cfg 'cfg(docsrs,test)' --check-cfg 'cfg(feature, values("compiler_builtins", "core", "rustc-dep-of-std", "std"))' -C metadata=23c15f8f5351c350 -C extra-filename=-013edfb606ce44ea --out-dir /Users/girivs/src/rust-tantraos/build/aarch64-apple-darwin/stage1-std/aarch64-apple-darwin/debug/deps --target aarch64-apple-darwin -L dependency=/Users/girivs/src/rust-tantraos/build/aarch64-apple-darwin/stage1-std/aarch64-apple-darwin/debug/deps -L dependency=/Users/girivs/src/rust-tantraos/build/aarch64-apple-darwin/stage1-std/debug/deps --extern core=/Users/girivs/src/rust-tantraos/build/aarch64-apple-darwin/stage1-std/aarch64-apple-darwin/debug/deps/librustc_std_workspace_core-8d93ca93618c2eee.rmeta --cap-lints allow -Csymbol-mangling-version=legacy '--check-cfg=cfg(feature,values(any()))' -Zunstable-options -Zmacro-backtrace -Csplit-debuginfo=unpacked -Cprefer-dynamic -Zinline-mir -Zinline-mir-preserve-debug -Zmir_strip_debuginfo=locals-in-tiny-functions -Zosx-rpath-install-name '-Clink-args=-Wl,-rpath,@loader_path/../lib' -Alinker-messages -Cembed-bitcode=yes -Clto=off -Zunstable-options -Cforce-frame-pointers=non-leaf '-Zcrate-attr=doc(html_root_url="https://doc.rust-lang.org/nightly/")' -Z binary-dep-depinfo -L native=/Users/girivs/src/rust-tantraos/build/aarch64-apple-darwin/stage1-std/aarch64-apple-darwin/debug/build/compiler_builtins-6c25798256386602/out`
     Running `/Users/girivs/src/rust-tantraos/build/bootstrap/debug/rustc /Users/girivs/src/rust-tantraos/build/bootstrap/debug/rustc --crate-name panic_abort --edition=2024 library/panic_abort/src/lib.rs --error-format=json --json=diagnostic-rendered-ansi,artifacts,future-incompat --crate-type lib --emit=dep-info,metadata,link -C embed-bitcode=no -C codegen-units=16 -Cpanic=abort -C debug-assertions=off --check-cfg 'cfg(docsrs,test)' --check-cfg 'cfg(feature, values())' -C metadata=f640a5872363a152 -C extra-filename=-81805324cadfee8d --out-dir /Users/girivs/src/rust-tantraos/build/aarch64-apple-darwin/stage1-std/aarch64-apple-darwin/debug/deps --target aarch64-apple-darwin -C strip=debuginfo -L dependency=/Users/girivs/src/rust-tantraos/build/aarch64-apple-darwin/stage1-std/aarch64-apple-darwin/debug/deps -L dependency=/Users/girivs/src/rust-tantraos/build/aarch64-apple-darwin/stage1-std/debug/deps --extern core=/Users/girivs/src/rust-tantraos/build/aarch64-apple-darwin/stage1-std/aarch64-apple-darwin/debug/deps/librustc_std_workspace_core-8d93ca93618c2eee.rmeta -Csymbol-mangling-version=legacy '--check-cfg=cfg(feature,values(any()))' -Zunstable-options -Zmacro-backtrace -Csplit-debuginfo=unpacked -Cprefer-dynamic -Zinline-mir -Zinline-mir-preserve-debug -Zmir_strip_debuginfo=locals-in-tiny-functions -Zosx-rpath-install-name '-Clink-args=-Wl,-rpath,@loader_path/../lib' -Alinker-messages -Cembed-bitcode=yes -Clto=off -Zunstable-options -Cforce-frame-pointers=non-leaf '-Zcrate-attr=doc(html_root_url="https://doc.rust-lang.org/nightly/")' -Z binary-dep-depinfo -L native=/Users/girivs/src/rust-tantraos/build/aarch64-apple-darwin/stage1-std/aarch64-apple-darwin/debug/build/compiler_builtins-6c25798256386602/out`
     Running `/Users/girivs/src/rust-tantraos/build/bootstrap/debug/rustc /Users/girivs/src/rust-tantraos/build/bootstrap/debug/rustc --crate-name adler2 --edition=2021 /Users/girivs/.cargo/registry/src/index.crates.io-1949cf8c6b5b557f/adler2-2.0.1/src/lib.rs --error-format=json --json=diagnostic-rendered-ansi,artifacts,future-incompat --crate-type lib --emit=dep-info,metadata,link -C embed-bitcode=no -C codegen-units=16 -C debug-assertions=off --cfg 'feature="core"' --cfg 'feature="rustc-dep-of-std"' --check-cfg 'cfg(docsrs,test)' --check-cfg 'cfg(feature, values("core", "default", "rustc-dep-of-std", "std"))' -C metadata=c4ead56701b2a5ff -C extra-filename=-d69ef159105c77be --out-dir /Users/girivs/src/rust-tantraos/build/aarch64-apple-darwin/stage1-std/aarch64-apple-darwin/debug/deps --target aarch64-apple-darwin -L dependency=/Users/girivs/src/rust-tantraos/build/aarch64-apple-darwin/stage1-std/aarch64-apple-darwin/debug/deps -L dependency=/Users/girivs/src/rust-tantraos/build/aarch64-apple-darwin/stage1-std/debug/deps --extern core=/Users/girivs/src/rust-tantraos/build/aarch64-apple-darwin/stage1-std/aarch64-apple-darwin/debug/deps/librustc_std_workspace_core-8d93ca93618c2eee.rmeta --cap-lints allow -Csymbol-mangling-version=legacy '--check-cfg=cfg(feature,values(any()))' -Zunstable-options -Zmacro-backtrace -Csplit-debuginfo=unpacked -Cprefer-dynamic -Zinline-mir -Zinline-mir-preserve-debug -Zmir_strip_debuginfo=locals-in-tiny-functions -Zosx-rpath-install-name '-Clink-args=-Wl,-rpath,@loader_path/../lib' -Alinker-messages -Cembed-bitcode=yes -Clto=off -Zunstable-options -Cforce-frame-pointers=non-leaf '-Zcrate-attr=doc(html_root_url="https://doc.rust-lang.org/nightly/")' -Z binary-dep-depinfo -L native=/Users/girivs/src/rust-tantraos/build/aarch64-apple-darwin/stage1-std/aarch64-apple-darwin/debug/build/compiler_builtins-6c25798256386602/out`
   Compiling cfg-if v1.0.1
     Running `/Users/girivs/src/rust-tantraos/build/bootstrap/debug/rustc /Users/girivs/src/rust-tantraos/build/bootstrap/debug/rustc --crate-name cfg_if --edition=2018 /Users/girivs/.cargo/registry/src/index.crates.io-1949cf8c6b5b557f/cfg-if-1.0.1/src/lib.rs --error-format=json --json=diagnostic-rendered-ansi,artifacts,future-incompat --crate-type lib --emit=dep-info,metadata,link -C embed-bitcode=no -C codegen-units=16 -C debug-assertions=off --cfg 'feature="core"' --cfg 'feature="rustc-dep-of-std"' --check-cfg 'cfg(docsrs,test)' --check-cfg 'cfg(feature, values("core", "rustc-dep-of-std"))' -C metadata=8f3fe02727f785f6 -C extra-filename=-72ef8a4c3d5077e4 --out-dir /Users/girivs/src/rust-tantraos/build/aarch64-apple-darwin/stage1-std/aarch64-apple-darwin/debug/deps --target aarch64-apple-darwin -L dependency=/Users/girivs/src/rust-tantraos/build/aarch64-apple-darwin/stage1-std/aarch64-apple-darwin/debug/deps -L dependency=/Users/girivs/src/rust-tantraos/build/aarch64-apple-darwin/stage1-std/debug/deps --extern core=/Users/girivs/src/rust-tantraos/build/aarch64-apple-darwin/stage1-std/aarch64-apple-darwin/debug/deps/librustc_std_workspace_core-8d93ca93618c2eee.rmeta --cap-lints allow -Csymbol-mangling-version=legacy '--check-cfg=cfg(feature,values(any()))' -Zunstable-options -Zmacro-backtrace -Csplit-debuginfo=unpacked -Cprefer-dynamic -Zinline-mir -Zinline-mir-preserve-debug -Zmir_strip_debuginfo=locals-in-tiny-functions -Zosx-rpath-install-name '-Clink-args=-Wl,-rpath,@loader_path/../lib' -Alinker-messages -Cembed-bitcode=yes -Clto=off -Zunstable-options -Cforce-frame-pointers=non-leaf '-Zcrate-attr=doc(html_root_url="https://doc.rust-lang.org/nightly/")' -Z binary-dep-depinfo -L native=/Users/girivs/src/rust-tantraos/build/aarch64-apple-darwin/stage1-std/aarch64-apple-darwin/debug/build/compiler_builtins-6c25798256386602/out`
   Compiling unwind v0.0.0 (/Users/girivs/src/rust-tantraos/library/unwind)
     Running `/Users/girivs/src/rust-tantraos/build/bootstrap/debug/rustc /Users/girivs/src/rust-tantraos/build/bootstrap/debug/rustc --crate-name unwind --edition=2024 library/unwind/src/lib.rs --error-format=json --json=diagnostic-rendered-ansi,artifacts,future-incompat --crate-type lib --emit=dep-info,metadata,link -C embed-bitcode=no -C codegen-units=16 --warn=unexpected_cfgs --check-cfg 'cfg(emscripten_wasm_eh)' --check-cfg 'cfg(target_arch, values("loongarch32"))' -C debug-assertions=off --check-cfg 'cfg(docsrs,test)' --check-cfg 'cfg(feature, values("llvm-libunwind", "system-llvm-libunwind"))' -C metadata=f7be3c3943fb865f -C extra-filename=-fb88e8f8aad16d26 --out-dir /Users/girivs/src/rust-tantraos/build/aarch64-apple-darwin/stage1-std/aarch64-apple-darwin/debug/deps --target aarch64-apple-darwin -L dependency=/Users/girivs/src/rust-tantraos/build/aarch64-apple-darwin/stage1-std/aarch64-apple-darwin/debug/deps -L dependency=/Users/girivs/src/rust-tantraos/build/aarch64-apple-darwin/stage1-std/debug/deps --extern libc=/Users/girivs/src/rust-tantraos/build/aarch64-apple-darwin/stage1-std/aarch64-apple-darwin/debug/deps/liblibc-83458066098149bd.rmeta --extern core=/Users/girivs/src/rust-tantraos/build/aarch64-apple-darwin/stage1-std/aarch64-apple-darwin/debug/deps/librustc_std_workspace_core-8d93ca93618c2eee.rmeta -Csymbol-mangling-version=legacy '--check-cfg=cfg(feature,values(any()))' -Zunstable-options -Zmacro-backtrace -Csplit-debuginfo=unpacked -Cprefer-dynamic -Zinline-mir -Zinline-mir-preserve-debug -Zmir_strip_debuginfo=locals-in-tiny-functions -Zosx-rpath-install-name '-Clink-args=-Wl,-rpath,@loader_path/../lib' -Alinker-messages -Cembed-bitcode=yes -Clto=off -Zunstable-options -Cforce-frame-pointers=non-leaf '-Zcrate-attr=doc(html_root_url="https://doc.rust-lang.org/nightly/")' -Z binary-dep-depinfo -L native=/Users/girivs/src/rust-tantraos/build/aarch64-apple-darwin/stage1-std/aarch64-apple-darwin/debug/build/compiler_builtins-6c25798256386602/out`
   Compiling rustc-std-workspace-alloc v1.99.0 (/Users/girivs/src/rust-tantraos/library/rustc-std-workspace-alloc)
   Compiling panic_unwind v0.0.0 (/Users/girivs/src/rust-tantraos/library/panic_unwind)
     Running `/Users/girivs/src/rust-tantraos/build/bootstrap/debug/rustc /Users/girivs/src/rust-tantraos/build/bootstrap/debug/rustc --crate-name rustc_std_workspace_alloc --edition=2024 library/rustc-std-workspace-alloc/lib.rs --error-format=json --json=diagnostic-rendered-ansi,artifacts,future-incompat --crate-type lib --emit=dep-info,metadata,link -C embed-bitcode=no -C codegen-units=16 -C debug-assertions=off --check-cfg 'cfg(docsrs,test)' --check-cfg 'cfg(feature, values())' -C metadata=0a98ce337d714e78 -C extra-filename=-acc3240df72ca1f3 --out-dir /Users/girivs/src/rust-tantraos/build/aarch64-apple-darwin/stage1-std/aarch64-apple-darwin/debug/deps --target aarch64-apple-darwin -L dependency=/Users/girivs/src/rust-tantraos/build/aarch64-apple-darwin/stage1-std/aarch64-apple-darwin/debug/deps -L dependency=/Users/girivs/src/rust-tantraos/build/aarch64-apple-darwin/stage1-std/debug/deps --extern alloc=/Users/girivs/src/rust-tantraos/build/aarch64-apple-darwin/stage1-std/aarch64-apple-darwin/debug/deps/liballoc-921207bc67828d07.rmeta -Csymbol-mangling-version=legacy '--check-cfg=cfg(feature,values(any()))' -Zunstable-options -Zmacro-backtrace -Csplit-debuginfo=unpacked -Cprefer-dynamic -Zinline-mir -Zinline-mir-preserve-debug -Zmir_strip_debuginfo=locals-in-tiny-functions -Zosx-rpath-install-name '-Clink-args=-Wl,-rpath,@loader_path/../lib' -Alinker-messages -Cembed-bitcode=yes -Clto=off -Zunstable-options -Cforce-frame-pointers=non-leaf '-Zcrate-attr=doc(html_root_url="https://doc.rust-lang.org/nightly/")' -Z binary-dep-depinfo -L native=/Users/girivs/src/rust-tantraos/build/aarch64-apple-darwin/stage1-std/aarch64-apple-darwin/debug/build/compiler_builtins-6c25798256386602/out`
     Running `/Users/girivs/src/rust-tantraos/build/bootstrap/debug/rustc /Users/girivs/src/rust-tantraos/build/bootstrap/debug/rustc --crate-name panic_unwind --edition=2024 library/panic_unwind/src/lib.rs --error-format=json --json=diagnostic-rendered-ansi,artifacts,future-incompat --crate-type lib --emit=dep-info,metadata,link -C embed-bitcode=no -C codegen-units=16 --warn=unexpected_cfgs --check-cfg 'cfg(emscripten_wasm_eh)' -C debug-assertions=off --check-cfg 'cfg(docsrs,test)' --check-cfg 'cfg(feature, values())' -C metadata=7ec4ad7822caeb31 -C extra-filename=-9135c9237969fdd1 --out-dir /Users/girivs/src/rust-tantraos/build/aarch64-apple-darwin/stage1-std/aarch64-apple-darwin/debug/deps --target aarch64-apple-darwin -L dependency=/Users/girivs/src/rust-tantraos/build/aarch64-apple-darwin/stage1-std/aarch64-apple-darwin/debug/deps -L dependency=/Users/girivs/src/rust-tantraos/build/aarch64-apple-darwin/stage1-std/debug/deps --extern alloc=/Users/girivs/src/rust-tantraos/build/aarch64-apple-darwin/stage1-std/aarch64-apple-darwin/debug/deps/liballoc-921207bc67828d07.rmeta --extern libc=/Users/girivs/src/rust-tantraos/build/aarch64-apple-darwin/stage1-std/aarch64-apple-darwin/debug/deps/liblibc-83458066098149bd.rmeta --extern core=/Users/girivs/src/rust-tantraos/build/aarch64-apple-darwin/stage1-std/aarch64-apple-darwin/debug/deps/librustc_std_workspace_core-8d93ca93618c2eee.rmeta --extern unwind=/Users/girivs/src/rust-tantraos/build/aarch64-apple-darwin/stage1-std/aarch64-apple-darwin/debug/deps/libunwind-fb88e8f8aad16d26.rmeta -Csymbol-mangling-version=legacy '--check-cfg=cfg(feature,values(any()))' -Zunstable-options -Zmacro-backtrace -Csplit-debuginfo=unpacked -Cprefer-dynamic -Zinline-mir -Zinline-mir-preserve-debug -Zmir_strip_debuginfo=locals-in-tiny-functions -Zosx-rpath-install-name '-Clink-args=-Wl,-rpath,@loader_path/../lib' -Alinker-messages -Cembed-bitcode=yes -Clto=off -Zunstable-options -Cforce-frame-pointers=non-leaf '-Zcrate-attr=doc(html_root_url="https://doc.rust-lang.org/nightly/")' -Z binary-dep-depinfo -L native=/Users/girivs/src/rust-tantraos/build/aarch64-apple-darwin/stage1-std/aarch64-apple-darwin/debug/build/compiler_builtins-6c25798256386602/out`
   Compiling gimli v0.32.0
   Compiling std_detect v0.1.5 (/Users/girivs/src/rust-tantraos/library/std_detect)
   Compiling miniz_oxide v0.8.9
   Compiling hashbrown v0.15.5
     Running `/Users/girivs/src/rust-tantraos/build/bootstrap/debug/rustc /Users/girivs/src/rust-tantraos/build/bootstrap/debug/rustc --crate-name gimli --edition=2018 /Users/girivs/.cargo/registry/src/index.crates.io-1949cf8c6b5b557f/gimli-0.32.0/src/lib.rs --error-format=json --json=diagnostic-rendered-ansi,artifacts,future-incompat --crate-type lib --emit=dep-info,metadata,link -C embed-bitcode=no -C codegen-units=16 -C debug-assertions=off --cfg 'feature="read"' --cfg 'feature="read-core"' --cfg 'feature="rustc-dep-of-std"' --check-cfg 'cfg(docsrs,test)' --check-cfg 'cfg(feature, values("default", "endian-reader", "fallible-iterator", "read", "read-all", "read-core", "rustc-dep-of-std", "std", "write"))' -C metadata=90c0b05b69af6184 -C extra-filename=-ae178788e67ec09d --out-dir /Users/girivs/src/rust-tantraos/build/aarch64-apple-darwin/stage1-std/aarch64-apple-darwin/debug/deps --target aarch64-apple-darwin -L dependency=/Users/girivs/src/rust-tantraos/build/aarch64-apple-darwin/stage1-std/aarch64-apple-darwin/debug/deps -L dependency=/Users/girivs/src/rust-tantraos/build/aarch64-apple-darwin/stage1-std/debug/deps --extern alloc=/Users/girivs/src/rust-tantraos/build/aarch64-apple-darwin/stage1-std/aarch64-apple-darwin/debug/deps/librustc_std_workspace_alloc-acc3240df72ca1f3.rmeta --extern core=/Users/girivs/src/rust-tantraos/build/aarch64-apple-darwin/stage1-std/aarch64-apple-darwin/debug/deps/librustc_std_workspace_core-8d93ca93618c2eee.rmeta --cap-lints allow -Csymbol-mangling-version=legacy '--check-cfg=cfg(feature,values(any()))' -Zunstable-options -Zmacro-backtrace -Csplit-debuginfo=unpacked -Cprefer-dynamic -Zinline-mir -Zinline-mir-preserve-debug -Zmir_strip_debuginfo=locals-in-tiny-functions -Zosx-rpath-install-name '-Clink-args=-Wl,-rpath,@loader_path/../lib' -Alinker-messages -Cembed-bitcode=yes -Clto=off -Zunstable-options -Cforce-frame-pointers=non-leaf '-Zcrate-attr=doc(html_root_url="https://doc.rust-lang.org/nightly/")' -Z binary-dep-depinfo -L native=/Users/girivs/src/rust-tantraos/build/aarch64-apple-darwin/stage1-std/aarch64-apple-darwin/debug/build/compiler_builtins-6c25798256386602/out`
     Running `/Users/girivs/src/rust-tantraos/build/bootstrap/debug/rustc /Users/girivs/src/rust-tantraos/build/bootstrap/debug/rustc --crate-name object --edition=2018 /Users/girivs/.cargo/registry/src/index.crates.io-1949cf8c6b5b557f/object-0.37.3/src/lib.rs --error-format=json --json=diagnostic-rendered-ansi,artifacts,future-incompat --crate-type lib --emit=dep-info,metadata,link -C embed-bitcode=no -C codegen-units=16 '--allow=clippy::uninlined_format_args' '--allow=clippy::type_complexity' '--allow=clippy::single_match' '--allow=clippy::should_implement_trait' '--allow=clippy::result_unit_err' '--allow=clippy::needless_lifetimes' '--allow=clippy::match_like_matches_macro' '--allow=clippy::manual_flatten' '--allow=clippy::field_reassign_with_default' '--allow=clippy::comparison_chain' '--allow=clippy::collapsible_match' '--allow=clippy::collapsible_if' '--allow=clippy::collapsible_else_if' -C debug-assertions=off --cfg 'feature="alloc"' --cfg 'feature="archive"' --cfg 'feature="coff"' --cfg 'feature="core"' --cfg 'feature="elf"' --cfg 'feature="macho"' --cfg 'feature="pe"' --cfg 'feature="read_core"' --cfg 'feature="rustc-dep-of-std"' --cfg 'feature="unaligned"' --cfg 'feature="xcoff"' --check-cfg 'cfg(docsrs,test)' --check-cfg 'cfg(feature, values("all", "alloc", "archive", "build", "build_core", "cargo-all", "coff", "compression", "core", "default", "doc", "elf", "macho", "pe", "read", "read_core", "rustc-dep-of-std", "std", "unaligned", "unstable", "unstable-all", "wasm", "write", "write_core", "write_std", "xcoff"))' -C metadata=5a6e17af4074c5b1 -C extra-filename=-6dcc03e996f03e50 --out-dir /Users/girivs/src/rust-tantraos/build/aarch64-apple-darwin/stage1-std/aarch64-apple-darwin/debug/deps --target aarch64-apple-darwin -L dependency=/Users/girivs/src/rust-tantraos/build/aarch64-apple-darwin/stage1-std/aarch64-apple-darwin/debug/deps -L dependency=/Users/girivs/src/rust-tantraos/build/aarch64-apple-darwin/stage1-std/debug/deps --extern memchr=/Users/girivs/src/rust-tantraos/build/aarch64-apple-darwin/stage1-std/aarch64-apple-darwin/debug/deps/libmemchr-5f329f2def4c51cd.rmeta --extern alloc=/Users/girivs/src/rust-tantraos/build/aarch64-apple-darwin/stage1-std/aarch64-apple-darwin/debug/deps/librustc_std_workspace_alloc-acc3240df72ca1f3.rmeta --extern core=/Users/girivs/src/rust-tantraos/build/aarch64-apple-darwin/stage1-std/aarch64-apple-darwin/debug/deps/librustc_std_workspace_core-8d93ca93618c2eee.rmeta --cap-lints allow -Csymbol-mangling-version=legacy '--check-cfg=cfg(feature,values(any()))' -Zunstable-options -Zmacro-backtrace -Csplit-debuginfo=unpacked -Cprefer-dynamic -Zinline-mir -Zinline-mir-preserve-debug -Zmir_strip_debuginfo=locals-in-tiny-functions -Zosx-rpath-install-name '-Clink-args=-Wl,-rpath,@loader_path/../lib' -Alinker-messages -Cembed-bitcode=yes -Clto=off -Zunstable-options -Cforce-frame-pointers=non-leaf '-Zcrate-attr=doc(html_root_url="https://doc.rust-lang.org/nightly/")' -Z binary-dep-depinfo -L native=/Users/girivs/src/rust-tantraos/build/aarch64-apple-darwin/stage1-std/aarch64-apple-darwin/debug/build/compiler_builtins-6c25798256386602/out --cfg core_error --check-cfg 'cfg(core_error)'`
     Running `/Users/girivs/src/rust-tantraos/build/bootstrap/debug/rustc /Users/girivs/src/rust-tantraos/build/bootstrap/debug/rustc --crate-name hashbrown --edition=2021 /Users/girivs/.cargo/registry/src/index.crates.io-1949cf8c6b5b557f/hashbrown-0.15.5/src/lib.rs --error-format=json --json=diagnostic-rendered-ansi,artifacts,future-incompat --crate-type lib --emit=dep-info,metadata,link -C embed-bitcode=no -C codegen-units=16 -C debug-assertions=off --cfg 'feature="alloc"' --cfg 'feature="core"' --cfg 'feature="nightly"' --cfg 'feature="rustc-dep-of-std"' --cfg 'feature="rustc-internal-api"' --check-cfg 'cfg(docsrs,test)' --check-cfg 'cfg(feature, values("alloc", "allocator-api2", "core", "default", "default-hasher", "equivalent", "inline-more", "nightly", "raw-entry", "rayon", "rustc-dep-of-std", "rustc-internal-api", "serde"))' -C metadata=6cb31a3a94d2f955 -C extra-filename=-c15d52268855e0ed --out-dir /Users/girivs/src/rust-tantraos/build/aarch64-apple-darwin/stage1-std/aarch64-apple-darwin/debug/deps --target aarch64-apple-darwin -L dependency=/Users/girivs/src/rust-tantraos/build/aarch64-apple-darwin/stage1-std/aarch64-apple-darwin/debug/deps -L dependency=/Users/girivs/src/rust-tantraos/build/aarch64-apple-darwin/stage1-std/debug/deps --extern alloc=/Users/girivs/src/rust-tantraos/build/aarch64-apple-darwin/stage1-std/aarch64-apple-darwin/debug/deps/librustc_std_workspace_alloc-acc3240df72ca1f3.rmeta --extern core=/Users/girivs/src/rust-tantraos/build/aarch64-apple-darwin/stage1-std/aarch64-apple-darwin/debug/deps/librustc_std_workspace_core-8d93ca93618c2eee.rmeta --cap-lints allow -Csymbol-mangling-version=legacy '--check-cfg=cfg(feature,values(any()))' -Zunstable-options -Zmacro-backtrace -Csplit-debuginfo=unpacked -Cprefer-dynamic -Zinline-mir -Zinline-mir-preserve-debug -Zmir_strip_debuginfo=locals-in-tiny-functions -Zosx-rpath-install-name '-Clink-args=-Wl,-rpath,@loader_path/../lib' -Alinker-messages -Cembed-bitcode=yes -Clto=off -Zunstable-options -Cforce-frame-pointers=non-leaf '-Zcrate-attr=doc(html_root_url="https://doc.rust-lang.org/nightly/")' -Z binary-dep-depinfo -L native=/Users/girivs/src/rust-tantraos/build/aarch64-apple-darwin/stage1-std/aarch64-apple-darwin/debug/build/compiler_builtins-6c25798256386602/out`
     Running `/Users/girivs/src/rust-tantraos/build/bootstrap/debug/rustc /Users/girivs/src/rust-tantraos/build/bootstrap/debug/rustc --crate-name miniz_oxide --edition=2021 /Users/girivs/.cargo/registry/src/index.crates.io-1949cf8c6b5b557f/miniz_oxide-0.8.9/src/lib.rs --error-format=json --json=diagnostic-rendered-ansi,artifacts,future-incompat --crate-type lib --emit=dep-info,metadata,link -C embed-bitcode=no -C codegen-units=16 --warn=unexpected_cfgs --check-cfg 'cfg(fuzzing)' -C debug-assertions=off --cfg 'feature="alloc"' --cfg 'feature="core"' --cfg 'feature="rustc-dep-of-std"' --check-cfg 'cfg(docsrs,test)' --check-cfg 'cfg(feature, values("alloc", "block-boundary", "core", "default", "rustc-dep-of-std", "serde", "simd", "simd-adler32", "std", "with-alloc"))' -C metadata=9544b76a24782844 -C extra-filename=-0c7a49b540be29f3 --out-dir /Users/girivs/src/rust-tantraos/build/aarch64-apple-darwin/stage1-std/aarch64-apple-darwin/debug/deps --target aarch64-apple-darwin -L dependency=/Users/girivs/src/rust-tantraos/build/aarch64-apple-darwin/stage1-std/aarch64-apple-darwin/debug/deps -L dependency=/Users/girivs/src/rust-tantraos/build/aarch64-apple-darwin/stage1-std/debug/deps --extern adler2=/Users/girivs/src/rust-tantraos/build/aarch64-apple-darwin/stage1-std/aarch64-apple-darwin/debug/deps/libadler2-d69ef159105c77be.rmeta --extern alloc=/Users/girivs/src/rust-tantraos/build/aarch64-apple-darwin/stage1-std/aarch64-apple-darwin/debug/deps/librustc_std_workspace_alloc-acc3240df72ca1f3.rmeta --extern core=/Users/girivs/src/rust-tantraos/build/aarch64-apple-darwin/stage1-std/aarch64-apple-darwin/debug/deps/librustc_std_workspace_core-8d93ca93618c2eee.rmeta --cap-lints allow -Csymbol-mangling-version=legacy '--check-cfg=cfg(feature,values(any()))' -Zunstable-options -Zmacro-backtrace -Csplit-debuginfo=unpacked -Cprefer-dynamic -Zinline-mir -Zinline-mir-preserve-debug -Zmir_strip_debuginfo=locals-in-tiny-functions -Zosx-rpath-install-name '-Clink-args=-Wl,-rpath,@loader_path/../lib' -Alinker-messages -Cembed-bitcode=yes -Clto=off -Zunstable-options -Cforce-frame-pointers=non-leaf '-Zcrate-attr=doc(html_root_url="https://doc.rust-lang.org/nightly/")' -Z binary-dep-depinfo -L native=/Users/girivs/src/rust-tantraos/build/aarch64-apple-darwin/stage1-std/aarch64-apple-darwin/debug/build/compiler_builtins-6c25798256386602/out`
     Running `/Users/girivs/src/rust-tantraos/build/bootstrap/debug/rustc /Users/girivs/src/rust-tantraos/build/bootstrap/debug/rustc --crate-name std_detect --edition=2024 library/std_detect/src/lib.rs --error-format=json --json=diagnostic-rendered-ansi,artifacts,future-incompat --crate-type lib --emit=dep-info,metadata,link -C embed-bitcode=no -C codegen-units=16 -C debug-assertions=off --cfg 'feature="default"' --cfg 'feature="libc"' --cfg 'feature="std_detect_dlsym_getauxval"' --cfg 'feature="std_detect_file_io"' --check-cfg 'cfg(docsrs,test)' --check-cfg 'cfg(feature, values("default", "libc", "std_detect_dlsym_getauxval", "std_detect_env_override", "std_detect_file_io"))' -C metadata=310f80a6060d1f0a -C extra-filename=-75513f780ba5082e --out-dir /Users/girivs/src/rust-tantraos/build/aarch64-apple-darwin/stage1-std/aarch64-apple-darwin/debug/deps --target aarch64-apple-darwin -L dependency=/Users/girivs/src/rust-tantraos/build/aarch64-apple-darwin/stage1-std/aarch64-apple-darwin/debug/deps -L dependency=/Users/girivs/src/rust-tantraos/build/aarch64-apple-darwin/stage1-std/debug/deps --extern libc=/Users/girivs/src/rust-tantraos/build/aarch64-apple-darwin/stage1-std/aarch64-apple-darwin/debug/deps/liblibc-83458066098149bd.rmeta --extern alloc=/Users/girivs/src/rust-tantraos/build/aarch64-apple-darwin/stage1-std/aarch64-apple-darwin/debug/deps/librustc_std_workspace_alloc-acc3240df72ca1f3.rmeta --extern core=/Users/girivs/src/rust-tantraos/build/aarch64-apple-darwin/stage1-std/aarch64-apple-darwin/debug/deps/librustc_std_workspace_core-8d93ca93618c2eee.rmeta -Csymbol-mangling-version=legacy '--check-cfg=cfg(feature,values(any()))' -Zunstable-options -Zmacro-backtrace -Csplit-debuginfo=unpacked -Cprefer-dynamic -Zinline-mir -Zinline-mir-preserve-debug -Zmir_strip_debuginfo=locals-in-tiny-functions -Zosx-rpath-install-name '-Clink-args=-Wl,-rpath,@loader_path/../lib' -Alinker-messages -Cembed-bitcode=yes -Clto=off -Zunstable-options -Cforce-frame-pointers=non-leaf '-Zcrate-attr=doc(html_root_url="https://doc.rust-lang.org/nightly/")' -Z binary-dep-depinfo -L native=/Users/girivs/src/rust-tantraos/build/aarch64-apple-darwin/stage1-std/aarch64-apple-darwin/debug/build/compiler_builtins-6c25798256386602/out`
   Compiling addr2line v0.25.0
     Running `/Users/girivs/src/rust-tantraos/build/bootstrap/debug/rustc /Users/girivs/src/rust-tantraos/build/bootstrap/debug/rustc --crate-name addr2line --edition=2018 /Users/girivs/.cargo/registry/src/index.crates.io-1949cf8c6b5b557f/addr2line-0.25.0/src/lib.rs --error-format=json --json=diagnostic-rendered-ansi,artifacts,future-incompat --crate-type lib --emit=dep-info,metadata,link -C embed-bitcode=no -C codegen-units=16 -C debug-assertions=off --cfg 'feature="alloc"' --cfg 'feature="core"' --cfg 'feature="rustc-dep-of-std"' --check-cfg 'cfg(docsrs,test)' --check-cfg 'cfg(feature, values("all", "alloc", "bin", "cargo-all", "core", "cpp_demangle", "default", "fallible-iterator", "loader", "rustc-demangle", "rustc-dep-of-std", "smallvec", "std", "wasm"))' -C metadata=1e1e1ae6428cfe28 -C extra-filename=-43244709c89a3022 --out-dir /Users/girivs/src/rust-tantraos/build/aarch64-apple-darwin/stage1-std/aarch64-apple-darwin/debug/deps --target aarch64-apple-darwin -L dependency=/Users/girivs/src/rust-tantraos/build/aarch64-apple-darwin/stage1-std/aarch64-apple-darwin/debug/deps -L dependency=/Users/girivs/src/rust-tantraos/build/aarch64-apple-darwin/stage1-std/debug/deps --extern gimli=/Users/girivs/src/rust-tantraos/build/aarch64-apple-darwin/stage1-std/aarch64-apple-darwin/debug/deps/libgimli-ae178788e67ec09d.rmeta --extern alloc=/Users/girivs/src/rust-tantraos/build/aarch64-apple-darwin/stage1-std/aarch64-apple-darwin/debug/deps/librustc_std_workspace_alloc-acc3240df72ca1f3.rmeta --extern core=/Users/girivs/src/rust-tantraos/build/aarch64-apple-darwin/stage1-std/aarch64-apple-darwin/debug/deps/librustc_std_workspace_core-8d93ca93618c2eee.rmeta --cap-lints allow -Csymbol-mangling-version=legacy '--check-cfg=cfg(feature,values(any()))' -Zunstable-options -Zmacro-backtrace -Csplit-debuginfo=unpacked -Cprefer-dynamic -Zinline-mir -Zinline-mir-preserve-debug -Zmir_strip_debuginfo=locals-in-tiny-functions -Zosx-rpath-install-name '-Clink-args=-Wl,-rpath,@loader_path/../lib' -Alinker-messages -Cembed-bitcode=yes -Clto=off -Zunstable-options -Cforce-frame-pointers=non-leaf '-Zcrate-attr=doc(html_root_url="https://doc.rust-lang.org/nightly/")' -Z binary-dep-depinfo -L native=/Users/girivs/src/rust-tantraos/build/aarch64-apple-darwin/stage1-std/aarch64-apple-darwin/debug/build/compiler_builtins-6c25798256386602/out`
     Running `/Users/girivs/src/rust-tantraos/build/bootstrap/debug/rustc /Users/girivs/src/rust-tantraos/build/bootstrap/debug/rustc --crate-name std --edition=2024 library/std/src/lib.rs --error-format=json --json=diagnostic-rendered-ansi,artifacts,future-incompat --crate-type dylib --crate-type rlib --emit=dep-info,link -C embed-bitcode=no -C codegen-units=16 --warn=unexpected_cfgs --check-cfg 'cfg(feature, values(any()))' --check-cfg 'cfg(target_has_reliable_f16)' --check-cfg 'cfg(target_has_reliable_f16_math)' --check-cfg 'cfg(target_has_reliable_f128)' --check-cfg 'cfg(target_has_reliable_f128_math)' -C debug-assertions=off --cfg 'feature="addr2line"' --cfg 'feature="backtrace"' --cfg 'feature="compiler-builtins-c"' --cfg 'feature="miniz_oxide"' --cfg 'feature="object"' --cfg 'feature="panic-unwind"' --cfg 'feature="std_detect_dlsym_getauxval"' --cfg 'feature="std_detect_file_io"' --check-cfg 'cfg(docsrs,test)' --check-cfg 'cfg(feature, values("addr2line", "backtrace", "backtrace-trace-only", "compiler-builtins-c", "compiler-builtins-mem", "compiler-builtins-no-f16-f128", "debug_refcell", "llvm-libunwind", "miniz_oxide", "object", "optimize_for_size", "panic-unwind", "panic_immediate_abort", "std_detect_dlsym_getauxval", "std_detect_file_io", "system-llvm-libunwind", "windows_raw_dylib"))' -C metadata=687e4282039ab988 -C extra-filename=-b80aabaaaa740922 --out-dir /Users/girivs/src/rust-tantraos/build/aarch64-apple-darwin/stage1-std/aarch64-apple-darwin/debug/deps --target aarch64-apple-darwin -L dependency=/Users/girivs/src/rust-tantraos/build/aarch64-apple-darwin/stage1-std/aarch64-apple-darwin/debug/deps -L dependency=/Users/girivs/src/rust-tantraos/build/aarch64-apple-darwin/stage1-std/debug/deps --extern 'priv:addr2line=/Users/girivs/src/rust-tantraos/build/aarch64-apple-darwin/stage1-std/aarch64-apple-darwin/debug/deps/libaddr2line-43244709c89a3022.rlib' --extern alloc=/Users/girivs/src/rust-tantraos/build/aarch64-apple-darwin/stage1-std/aarch64-apple-darwin/debug/deps/liballoc-921207bc67828d07.rlib --extern 'priv:cfg_if=/Users/girivs/src/rust-tantraos/build/aarch64-apple-darwin/stage1-std/aarch64-apple-darwin/debug/deps/libcfg_if-72ef8a4c3d5077e4.rlib' --extern core=/Users/girivs/src/rust-tantraos/build/aarch64-apple-darwin/stage1-std/aarch64-apple-darwin/debug/deps/libcore-ffc23d52aa4296a3.rlib --extern 'priv:hashbrown=/Users/girivs/src/rust-tantraos/build/aarch64-apple-darwin/stage1-std/aarch64-apple-darwin/debug/deps/libhashbrown-c15d52268855e0ed.rlib' --extern libc=/Users/girivs/src/rust-tantraos/build/aarch64-apple-darwin/stage1-std/aarch64-apple-darwin/debug/deps/liblibc-83458066098149bd.rlib --extern 'priv:miniz_oxide=/Users/girivs/src/rust-tantraos/build/aarch64-apple-darwin/stage1-std/aarch64-apple-darwin/debug/deps/libminiz_oxide-0c7a49b540be29f3.rlib' --extern 'priv:object=/Users/girivs/src/rust-tantraos/build/aarch64-apple-darwin/stage1-std/aarch64-apple-darwin/debug/deps/libobject-6dcc03e996f03e50.rlib' --extern 'priv:panic_abort=/Users/girivs/src/rust-tantraos/build/aarch64-apple-darwin/stage1-std/aarch64-apple-darwin/debug/deps/libpanic_abort-81805324cadfee8d.rlib' --extern 'priv:panic_unwind=/Users/girivs/src/rust-tantraos/build/aarch64-apple-darwin/stage1-std/aarch64-apple-darwin/debug/deps/libpanic_unwind-9135c9237969fdd1.rlib' --extern 'priv:rustc_demangle=/Users/girivs/src/rust-tantraos/build/aarch64-apple-darwin/stage1-std/aarch64-apple-darwin/debug/deps/librustc_demangle-013edfb606ce44ea.rlib' --extern std_detect=/Users/girivs/src/rust-tantraos/build/aarch64-apple-darwin/stage1-std/aarch64-apple-darwin/debug/deps/libstd_detect-75513f780ba5082e.rlib --extern 'priv:unwind=/Users/girivs/src/rust-tantraos/build/aarch64-apple-darwin/stage1-std/aarch64-apple-darwin/debug/deps/libunwind-fb88e8f8aad16d26.rlib' -Z unstable-options -Csymbol-mangling-version=legacy '--check-cfg=cfg(feature,values(any()))' -Zunstable-options -Zmacro-backtrace -Csplit-debuginfo=unpacked -Cprefer-dynamic -Zinline-mir -Zinline-mir-preserve-debug -Zmir_strip_debuginfo=locals-in-tiny-functions -Zosx-rpath-install-name '-Clink-args=-Wl,-rpath,@loader_path/../lib' -Alinker-messages -Cembed-bitcode=yes -Clto=off -Zunstable-options -Cforce-frame-pointers=non-leaf '-Zcrate-attr=doc(html_root_url="https://doc.rust-lang.org/nightly/")' -Z binary-dep-depinfo -L native=/Users/girivs/src/rust-tantraos/build/aarch64-apple-darwin/stage1-std/aarch64-apple-darwin/debug/build/compiler_builtins-6c25798256386602/out --cfg backtrace_in_libstd --check-cfg 'cfg(netbsd10)' --check-cfg 'cfg(restricted_std)' --check-cfg 'cfg(backtrace_in_libstd)'`
   Compiling rustc-std-workspace-std v1.99.0 (/Users/girivs/src/rust-tantraos/library/rustc-std-workspace-std)
     Running `/Users/girivs/src/rust-tantraos/build/bootstrap/debug/rustc /Users/girivs/src/rust-tantraos/build/bootstrap/debug/rustc --crate-name rustc_std_workspace_std --edition=2024 library/rustc-std-workspace-std/lib.rs --error-format=json --json=diagnostic-rendered-ansi,artifacts,future-incompat --crate-type lib --emit=dep-info,metadata,link -C embed-bitcode=no -C codegen-units=16 -C debug-assertions=off --check-cfg 'cfg(docsrs,test)' --check-cfg 'cfg(feature, values())' -C metadata=305e14d4e636d645 -C extra-filename=-c08b11817746ba15 --out-dir /Users/girivs/src/rust-tantraos/build/aarch64-apple-darwin/stage1-std/aarch64-apple-darwin/debug/deps --target aarch64-apple-darwin -L dependency=/Users/girivs/src/rust-tantraos/build/aarch64-apple-darwin/stage1-std/aarch64-apple-darwin/debug/deps -L dependency=/Users/girivs/src/rust-tantraos/build/aarch64-apple-darwin/stage1-std/debug/deps --extern std=/Users/girivs/src/rust-tantraos/build/aarch64-apple-darwin/stage1-std/aarch64-apple-darwin/debug/deps/libstd-b80aabaaaa740922.dylib --extern std=/Users/girivs/src/rust-tantraos/build/aarch64-apple-darwin/stage1-std/aarch64-apple-darwin/debug/deps/libstd-b80aabaaaa740922.rlib -Csymbol-mangling-version=legacy '--check-cfg=cfg(feature,values(any()))' -Zunstable-options -Zmacro-backtrace -Csplit-debuginfo=unpacked -Cprefer-dynamic -Zinline-mir -Zinline-mir-preserve-debug -Zmir_strip_debuginfo=locals-in-tiny-functions -Zosx-rpath-install-name '-Clink-args=-Wl,-rpath,@loader_path/../lib' -Alinker-messages -Cembed-bitcode=yes -Clto=off -Zunstable-options -Cforce-frame-pointers=non-leaf '-Zcrate-attr=doc(html_root_url="https://doc.rust-lang.org/nightly/")' -Z binary-dep-depinfo -L native=/Users/girivs/src/rust-tantraos/build/aarch64-apple-darwin/stage1-std/aarch64-apple-darwin/debug/build/compiler_builtins-6c25798256386602/out`
   Compiling rustc-literal-escaper v0.0.5
   Compiling getopts v0.2.24
     Running `/Users/girivs/src/rust-tantraos/build/bootstrap/debug/rustc /Users/girivs/src/rust-tantraos/build/bootstrap/debug/rustc --crate-name getopts --edition=2021 /Users/girivs/.cargo/registry/src/index.crates.io-1949cf8c6b5b557f/getopts-0.2.24/src/lib.rs --error-format=json --json=diagnostic-rendered-ansi,artifacts,future-incompat --crate-type lib --emit=dep-info,metadata,link -C embed-bitcode=no -C codegen-units=16 -C debug-assertions=off --cfg 'feature="core"' --cfg 'feature="rustc-dep-of-std"' --cfg 'feature="std"' --check-cfg 'cfg(docsrs,test)' --check-cfg 'cfg(feature, values("core", "default", "rustc-dep-of-std", "std", "unicode"))' -C metadata=10db74cbe075343e -C extra-filename=-2957d4870e7e2064 --out-dir /Users/girivs/src/rust-tantraos/build/aarch64-apple-darwin/stage1-std/aarch64-apple-darwin/debug/deps --target aarch64-apple-darwin -L dependency=/Users/girivs/src/rust-tantraos/build/aarch64-apple-darwin/stage1-std/aarch64-apple-darwin/debug/deps -L dependency=/Users/girivs/src/rust-tantraos/build/aarch64-apple-darwin/stage1-std/debug/deps --extern core=/Users/girivs/src/rust-tantraos/build/aarch64-apple-darwin/stage1-std/aarch64-apple-darwin/debug/deps/librustc_std_workspace_core-8d93ca93618c2eee.rmeta --extern std=/Users/girivs/src/rust-tantraos/build/aarch64-apple-darwin/stage1-std/aarch64-apple-darwin/debug/deps/librustc_std_workspace_std-c08b11817746ba15.rmeta --cap-lints allow -Csymbol-mangling-version=legacy '--check-cfg=cfg(feature,values(any()))' -Zunstable-options -Zmacro-backtrace -Csplit-debuginfo=unpacked -Cprefer-dynamic -Zinline-mir -Zinline-mir-preserve-debug -Zmir_strip_debuginfo=locals-in-tiny-functions -Zosx-rpath-install-name '-Clink-args=-Wl,-rpath,@loader_path/../lib' -Alinker-messages -Cembed-bitcode=yes -Clto=off -Zunstable-options -Cforce-frame-pointers=non-leaf '-Zcrate-attr=doc(html_root_url="https://doc.rust-lang.org/nightly/")' -Z binary-dep-depinfo -L native=/Users/girivs/src/rust-tantraos/build/aarch64-apple-darwin/stage1-std/aarch64-apple-darwin/debug/build/compiler_builtins-6c25798256386602/out`
     Running `/Users/girivs/src/rust-tantraos/build/bootstrap/debug/rustc /Users/girivs/src/rust-tantraos/build/bootstrap/debug/rustc --crate-name rustc_literal_escaper --edition=2021 /Users/girivs/.cargo/registry/src/index.crates.io-1949cf8c6b5b557f/rustc-literal-escaper-0.0.5/src/lib.rs --error-format=json --json=diagnostic-rendered-ansi,artifacts,future-incompat --crate-type lib --emit=dep-info,metadata,link -C embed-bitcode=no -C codegen-units=16 -C debug-assertions=off --cfg 'feature="rustc-dep-of-std"' --check-cfg 'cfg(docsrs,test)' --check-cfg 'cfg(feature, values("rustc-dep-of-std"))' -C metadata=1c60624b7f93d4a9 -C extra-filename=-51f90306edd6dda1 --out-dir /Users/girivs/src/rust-tantraos/build/aarch64-apple-darwin/stage1-std/aarch64-apple-darwin/debug/deps --target aarch64-apple-darwin -L dependency=/Users/girivs/src/rust-tantraos/build/aarch64-apple-darwin/stage1-std/aarch64-apple-darwin/debug/deps -L dependency=/Users/girivs/src/rust-tantraos/build/aarch64-apple-darwin/stage1-std/debug/deps --extern core=/Users/girivs/src/rust-tantraos/build/aarch64-apple-darwin/stage1-std/aarch64-apple-darwin/debug/deps/librustc_std_workspace_core-8d93ca93618c2eee.rmeta --extern std=/Users/girivs/src/rust-tantraos/build/aarch64-apple-darwin/stage1-std/aarch64-apple-darwin/debug/deps/librustc_std_workspace_std-c08b11817746ba15.rmeta --cap-lints allow -Csymbol-mangling-version=legacy '--check-cfg=cfg(feature,values(any()))' -Zunstable-options -Zmacro-backtrace -Csplit-debuginfo=unpacked -Cprefer-dynamic -Zinline-mir -Zinline-mir-preserve-debug -Zmir_strip_debuginfo=locals-in-tiny-functions -Zosx-rpath-install-name '-Clink-args=-Wl,-rpath,@loader_path/../lib' -Alinker-messages -Cembed-bitcode=yes -Clto=off -Zunstable-options -Cforce-frame-pointers=non-leaf '-Zcrate-attr=doc(html_root_url="https://doc.rust-lang.org/nightly/")' -Z binary-dep-depinfo -L native=/Users/girivs/src/rust-tantraos/build/aarch64-apple-darwin/stage1-std/aarch64-apple-darwin/debug/build/compiler_builtins-6c25798256386602/out`
   Compiling proc_macro v0.0.0 (/Users/girivs/src/rust-tantraos/library/proc_macro)
     Running `/Users/girivs/src/rust-tantraos/build/bootstrap/debug/rustc /Users/girivs/src/rust-tantraos/build/bootstrap/debug/rustc --crate-name proc_macro --edition=2024 library/proc_macro/src/lib.rs --error-format=json --json=diagnostic-rendered-ansi,artifacts,future-incompat --crate-type lib --emit=dep-info,metadata,link -C embed-bitcode=no -C codegen-units=16 -C debug-assertions=off --cfg 'feature="default"' --cfg 'feature="rustc-dep-of-std"' --check-cfg 'cfg(docsrs,test)' --check-cfg 'cfg(feature, values("default", "rustc-dep-of-std"))' -C metadata=b42682779f3af184 -C extra-filename=-9f593b6cd9d53dad --out-dir /Users/girivs/src/rust-tantraos/build/aarch64-apple-darwin/stage1-std/aarch64-apple-darwin/debug/deps --target aarch64-apple-darwin -L dependency=/Users/girivs/src/rust-tantraos/build/aarch64-apple-darwin/stage1-std/aarch64-apple-darwin/debug/deps -L dependency=/Users/girivs/src/rust-tantraos/build/aarch64-apple-darwin/stage1-std/debug/deps --extern core=/Users/girivs/src/rust-tantraos/build/aarch64-apple-darwin/stage1-std/aarch64-apple-darwin/debug/deps/libcore-ffc23d52aa4296a3.rmeta --extern rustc_literal_escaper=/Users/girivs/src/rust-tantraos/build/aarch64-apple-darwin/stage1-std/aarch64-apple-darwin/debug/deps/librustc_literal_escaper-51f90306edd6dda1.rmeta --extern std=/Users/girivs/src/rust-tantraos/build/aarch64-apple-darwin/stage1-std/aarch64-apple-darwin/debug/deps/libstd-b80aabaaaa740922.dylib --extern std=/Users/girivs/src/rust-tantraos/build/aarch64-apple-darwin/stage1-std/aarch64-apple-darwin/debug/deps/libstd-b80aabaaaa740922.rlib -Csymbol-mangling-version=legacy '--check-cfg=cfg(feature,values(any()))' -Zunstable-options -Zmacro-backtrace -Csplit-debuginfo=unpacked -Cprefer-dynamic -Zinline-mir -Zinline-mir-preserve-debug -Zmir_strip_debuginfo=locals-in-tiny-functions -Zosx-rpath-install-name '-Clink-args=-Wl,-rpath,@loader_path/../lib' -Alinker-messages -Cembed-bitcode=yes -Clto=off -Zunstable-options -Cforce-frame-pointers=non-leaf '-Zcrate-attr=doc(html_root_url="https://doc.rust-lang.org/nightly/")' -Z binary-dep-depinfo -L native=/Users/girivs/src/rust-tantraos/build/aarch64-apple-darwin/stage1-std/aarch64-apple-darwin/debug/build/compiler_builtins-6c25798256386602/out`
   Compiling test v0.0.0 (/Users/girivs/src/rust-tantraos/library/test)
     Running `/Users/girivs/src/rust-tantraos/build/bootstrap/debug/rustc /Users/girivs/src/rust-tantraos/build/bootstrap/debug/rustc --crate-name test --edition=2024 library/test/src/lib.rs --error-format=json --json=diagnostic-rendered-ansi,artifacts,future-incompat --crate-type lib --emit=dep-info,metadata,link -C embed-bitcode=no -C codegen-units=16 -C debug-assertions=off --check-cfg 'cfg(docsrs,test)' --check-cfg 'cfg(feature, values())' -C metadata=7334d8811031c097 -C extra-filename=-e1bbb5d7cc1d5345 --out-dir /Users/girivs/src/rust-tantraos/build/aarch64-apple-darwin/stage1-std/aarch64-apple-darwin/debug/deps --target aarch64-apple-darwin -L dependency=/Users/girivs/src/rust-tantraos/build/aarch64-apple-darwin/stage1-std/aarch64-apple-darwin/debug/deps -L dependency=/Users/girivs/src/rust-tantraos/build/aarch64-apple-darwin/stage1-std/debug/deps --extern core=/Users/girivs/src/rust-tantraos/build/aarch64-apple-darwin/stage1-std/aarch64-apple-darwin/debug/deps/libcore-ffc23d52aa4296a3.rmeta --extern 'priv:getopts=/Users/girivs/src/rust-tantraos/build/aarch64-apple-darwin/stage1-std/aarch64-apple-darwin/debug/deps/libgetopts-2957d4870e7e2064.rmeta' --extern 'priv:libc=/Users/girivs/src/rust-tantraos/build/aarch64-apple-darwin/stage1-std/aarch64-apple-darwin/debug/deps/liblibc-83458066098149bd.rmeta' --extern std=/Users/girivs/src/rust-tantraos/build/aarch64-apple-darwin/stage1-std/aarch64-apple-darwin/debug/deps/libstd-b80aabaaaa740922.dylib --extern std=/Users/girivs/src/rust-tantraos/build/aarch64-apple-darwin/stage1-std/aarch64-apple-darwin/debug/deps/libstd-b80aabaaaa740922.rlib -Z unstable-options -Csymbol-mangling-version=legacy '--check-cfg=cfg(feature,values(any()))' -Zunstable-options -Zmacro-backtrace -Csplit-debuginfo=unpacked -Cprefer-dynamic -Zinline-mir -Zinline-mir-preserve-debug -Zmir_strip_debuginfo=locals-in-tiny-functions -Zosx-rpath-install-name '-Clink-args=-Wl,-rpath,@loader_path/../lib' -Alinker-messages -Cembed-bitcode=yes -Clto=off -Zunstable-options -Cforce-frame-pointers=non-leaf '-Zcrate-attr=doc(html_root_url="https://doc.rust-lang.org/nightly/")' -Z binary-dep-depinfo -L native=/Users/girivs/src/rust-tantraos/build/aarch64-apple-darwin/stage1-std/aarch64-apple-darwin/debug/build/compiler_builtins-6c25798256386602/out`
   Compiling sysroot v0.0.0 (/Users/girivs/src/rust-tantraos/library/sysroot)
     Running `/Users/girivs/src/rust-tantraos/build/bootstrap/debug/rustc /Users/girivs/src/rust-tantraos/build/bootstrap/debug/rustc --crate-name sysroot --edition=2024 library/sysroot/src/lib.rs --error-format=json --json=diagnostic-rendered-ansi,artifacts,future-incompat --crate-type lib --emit=dep-info,metadata,link -C embed-bitcode=no -C codegen-units=16 -C debug-assertions=off --cfg 'feature="backtrace"' --cfg 'feature="compiler-builtins-c"' --cfg 'feature="default"' --cfg 'feature="panic-unwind"' --cfg 'feature="std_detect_dlsym_getauxval"' --cfg 'feature="std_detect_file_io"' --check-cfg 'cfg(docsrs,test)' --check-cfg 'cfg(feature, values("backtrace", "backtrace-trace-only", "compiler-builtins-c", "compiler-builtins-mem", "compiler-builtins-no-f16-f128", "debug_refcell", "default", "llvm-libunwind", "optimize_for_size", "panic-unwind", "panic_immediate_abort", "profiler", "std_detect_dlsym_getauxval", "std_detect_file_io", "system-llvm-libunwind", "windows_raw_dylib"))' -C metadata=7de3b8e0637b592a -C extra-filename=-fde8adf47f5a54f6 --out-dir /Users/girivs/src/rust-tantraos/build/aarch64-apple-darwin/stage1-std/aarch64-apple-darwin/debug/deps --target aarch64-apple-darwin -L dependency=/Users/girivs/src/rust-tantraos/build/aarch64-apple-darwin/stage1-std/aarch64-apple-darwin/debug/deps -L dependency=/Users/girivs/src/rust-tantraos/build/aarch64-apple-darwin/stage1-std/debug/deps --extern proc_macro=/Users/girivs/src/rust-tantraos/build/aarch64-apple-darwin/stage1-std/aarch64-apple-darwin/debug/deps/libproc_macro-9f593b6cd9d53dad.rmeta --extern std=/Users/girivs/src/rust-tantraos/build/aarch64-apple-darwin/stage1-std/aarch64-apple-darwin/debug/deps/libstd-b80aabaaaa740922.dylib --extern std=/Users/girivs/src/rust-tantraos/build/aarch64-apple-darwin/stage1-std/aarch64-apple-darwin/debug/deps/libstd-b80aabaaaa740922.rlib --extern test=/Users/girivs/src/rust-tantraos/build/aarch64-apple-darwin/stage1-std/aarch64-apple-darwin/debug/deps/libtest-e1bbb5d7cc1d5345.rmeta -Csymbol-mangling-version=legacy '--check-cfg=cfg(feature,values(any()))' -Zunstable-options -Zmacro-backtrace -Csplit-debuginfo=unpacked -Cprefer-dynamic -Zinline-mir -Zinline-mir-preserve-debug -Zmir_strip_debuginfo=locals-in-tiny-functions -Zosx-rpath-install-name '-Clink-args=-Wl,-rpath,@loader_path/../lib' -Alinker-messages -Cembed-bitcode=yes -Clto=off -Zunstable-options -Cforce-frame-pointers=non-leaf '-Zcrate-attr=doc(html_root_url="https://doc.rust-lang.org/nightly/")' -Z binary-dep-depinfo -L native=/Users/girivs/src/rust-tantraos/build/aarch64-apple-darwin/stage1-std/aarch64-apple-darwin/debug/build/compiler_builtins-6c25798256386602/out`
    Finished `dev` profile [unoptimized] target(s) in 1m 20s
Removing sysroot /Users/girivs/src/rust-tantraos/build/aarch64-apple-darwin/stage1/lib/rustlib/aarch64-tantraos/lib to avoid caching bugs
using sysroot /Users/girivs/src/rust-tantraos/build/aarch64-apple-darwin/stage1
Cache hit: cd "/Users/girivs/src/rust-tantraos/src/llvm-project" && env -u GIT_ALTERNATE_OBJECT_DIRECTORIES -u GIT_DIR -u GIT_INDEX_FILE -u GIT_OBJECT_DIRECTORY -u GIT_WORK_TREE "git" "rev-parse" (failure_mode=Ignore)
Cache hit: cd "/Users/girivs/src/rust-tantraos/src/llvm-project" && env -u GIT_ALTERNATE_OBJECT_DIRECTORIES -u GIT_DIR -u GIT_INDEX_FILE -u GIT_OBJECT_DIRECTORY -u GIT_WORK_TREE "git" "log" "-1" "--date=short" "--pretty=format:%cd" (failure_mode=Exit)
Cache hit: cd "/Users/girivs/src/rust-tantraos/src/llvm-project" && env -u GIT_ALTERNATE_OBJECT_DIRECTORIES -u GIT_DIR -u GIT_INDEX_FILE -u GIT_OBJECT_DIRECTORY -u GIT_WORK_TREE "git" "rev-parse" "HEAD" (failure_mode=Exit)
Cache hit: cd "/Users/girivs/src/rust-tantraos/src/llvm-project" && env -u GIT_ALTERNATE_OBJECT_DIRECTORIES -u GIT_DIR -u GIT_INDEX_FILE -u GIT_OBJECT_DIRECTORY -u GIT_WORK_TREE "git" "rev-parse" "--short=9" "HEAD" (failure_mode=Exit)
Cache hit: cd "/Users/girivs/src/rust-tantraos/src/llvm-project" && env -u GIT_ALTERNATE_OBJECT_DIRECTORIES -u GIT_DIR -u GIT_INDEX_FILE -u GIT_OBJECT_DIRECTORY -u GIT_WORK_TREE "git" "rev-parse" "HEAD" (failure_mode=Exit)
Cache hit: cd "/Users/girivs/src/rust-tantraos" && env -u GIT_ALTERNATE_OBJECT_DIRECTORIES -u GIT_DIR -u GIT_INDEX_FILE -u GIT_OBJECT_DIRECTORY -u GIT_WORK_TREE "git" "ls-tree" "HEAD" "src/llvm-project" (failure_mode=Exit)
Building stage1 library artifacts{alloc, compiler_builtins, core, panic_abort, panic_unwind, proc_macro, rustc-std-workspace-core, std, std_detect, sysroot, test, unwind} (stage1:aarch64-apple-darwin -> stage1:aarch64-tantraos)
running: cd "/Users/girivs/src/rust-tantraos" && env -u MAKEFLAGS -u MFLAGS AR_aarch64_tantraos="ar" CARGO_BUILD_BUILD_DIR="/Users/girivs/src/rust-tantraos/build/aarch64-apple-darwin/stage1-std" CARGO_INCREMENTAL="0" CARGO_LOG="cargo::core::compiler::fingerprint=info" CARGO_PROFILE_DEV_CODEGEN_UNITS="16" CARGO_PROFILE_DEV_DEBUG="0" CARGO_PROFILE_DEV_DEBUG_ASSERTIONS="false" CARGO_PROFILE_DEV_OVERFLOW_CHECKS="false" CARGO_PROFILE_DEV_STRIP="false" CARGO_TARGET_AARCH64_TANTRAOS_LINKER="rust-lld" CARGO_TARGET_DIR="/Users/girivs/src/rust-tantraos/build/aarch64-apple-darwin/stage1-std" CC_aarch64_tantraos="clang" CFG_COMPILER_BUILD_TRIPLE="aarch64-apple-darwin" CFG_COMPILER_HOST_TRIPLE="aarch64-tantraos" CFG_RELEASE_CHANNEL="nightly" CFLAGS_aarch64_tantraos="" CXXFLAGS_aarch64_tantraos="" CXX_aarch64_tantraos="clang++" LIBC_CHECK_CFG="1" RANLIB_aarch64_tantraos="ar s" REAL_LIBRARY_PATH_VAR="DYLD_LIBRARY_PATH" RUSTBUILD_NATIVE_DIR="/Users/girivs/src/rust-tantraos/build/aarch64-tantraos/native" RUSTC="/Users/girivs/src/rust-tantraos/build/bootstrap/debug/rustc" RUSTC_BOOTSTRAP="1" RUSTC_BREAK_ON_ICE="1" RUSTC_ERROR_METADATA_DST="/Users/girivs/src/rust-tantraos/build/tmp/extended-error-metadata" RUSTC_FORCE_UNSTABLE="1" RUSTC_INSTALL_BINDIR="bin" RUSTC_LIBDIR="/Users/girivs/src/rust-tantraos/build/aarch64-apple-darwin/stage1/lib" RUSTC_LINK_STD_INTO_RUSTC_DRIVER="1" RUSTC_LINT_FLAGS="-Wrust_2018_idioms -Wunused_lifetimes -Dwarnings" RUSTC_REAL="/Users/girivs/src/rust-tantraos/build/aarch64-apple-darwin/stage1/bin/rustc" RUSTC_SNAPSHOT="/Users/girivs/src/rust-tantraos/build/aarch64-apple-darwin/stage0/bin/rustc" RUSTC_SNAPSHOT_LIBDIR="/Users/girivs/src/rust-tantraos/build/aarch64-apple-darwin/stage0/lib" RUSTC_STAGE="1" RUSTC_SYSROOT="/Users/girivs/src/rust-tantraos/build/aarch64-apple-darwin/stage1" RUSTC_VERBOSE="1" RUSTC_WRAPPER="/Users/girivs/src/rust-tantraos/build/bootstrap/debug/rustc" RUSTDOC="/Users/girivs/src/rust-tantraos/build/bootstrap/debug/rustdoc" RUSTDOCFLAGS="-Csymbol-mangling-version=legacy --check-cfg=cfg(feature,values(any())) -Zunstable-options -Dwarnings -Wrustdoc::invalid_codeblock_attributes --crate-version 1.92.0-nightly\t(36e56c065\t2025-09-17) -Clinker=rust-lld -Zcrate-attr=doc(html_root_url=\"https://doc.rust-lang.org/nightly/\") -Zcrate-attr=warn(rust_2018_idioms)" RUSTDOC_REAL="/path/to/nowhere/rustdoc/not/required" RUSTFLAGS="-Csymbol-mangling-version=legacy --check-cfg=cfg(feature,values(any())) -Zunstable-options -Zmacro-backtrace -Csplit-debuginfo=off -Cprefer-dynamic -Zinline-mir -Zinline-mir-preserve-debug -Zmir_strip_debuginfo=locals-in-tiny-functions -Clink-args=-Wl,-z,origin -Clink-args=-Wl,-rpath,$ORIGIN/../lib -Alinker-messages -Cembed-bitcode=yes -Clto=off -Zunstable-options -Cforce-frame-pointers=non-leaf -Zcrate-attr=doc(html_root_url=\"https://doc.rust-lang.org/nightly/\")" RUST_COMPILER_RT_ROOT="/Users/girivs/src/rust-tantraos/src/llvm-project/compiler-rt" RUST_TEST_THREADS="10" WINAPI_NO_BUNDLED_LIBRARIES="1" __CARGO_DEFAULT_LIB_METADATA="nightlystd1.92.0" "/Users/girivs/src/rust-tantraos/build/aarch64-apple-darwin/stage0/bin/cargo" "build" "--target" "aarch64-tantraos" "-Zbinary-dep-depinfo" "-j" "10" "-Zroot-dir=/Users/girivs/src/rust-tantraos" "-v" "--features" "backtrace panic-unwind compiler-builtins-c" "--manifest-path" "/Users/girivs/src/rust-tantraos/library/sysroot/Cargo.toml" "-p" "alloc" "-p" "compiler_builtins" "-p" "core" "-p" "panic_abort" "-p" "panic_unwind" "-p" "proc_macro" "-p" "rustc-std-workspace-core" "-p" "std" "-p" "std_detect" "-p" "sysroot" "-p" "test" "-p" "unwind" "--message-format" "json-render-diagnostics" (failure_mode=Exit)
   0.062065625s  INFO prepare_target{force=false package_id=alloc v0.0.0 (/Users/girivs/src/rust-tantraos/library/alloc) target="alloc"}: cargo::core::compiler::fingerprint: fingerprint error for alloc v0.0.0 (/Users/girivs/src/rust-tantraos/library/alloc)/Build/TargetInner { name_inferred: true, tested: false, benched: false, ..: lib_target("alloc", ["lib"], "/Users/girivs/src/rust-tantraos/library/alloc/src/lib.rs", Edition2024) }
   0.062088875s  INFO prepare_target{force=false package_id=alloc v0.0.0 (/Users/girivs/src/rust-tantraos/library/alloc) target="alloc"}: cargo::core::compiler::fingerprint:     err: failed to read `/Users/girivs/src/rust-tantraos/build/aarch64-apple-darwin/stage1-std/aarch64-tantraos/debug/.fingerprint/alloc-8fb762d18e16146c/lib-alloc`

Caused by:
    No such file or directory (os error 2)
   0.062218333s  INFO prepare_target{force=false package_id=compiler_builtins v0.1.160 (/Users/girivs/src/rust-tantraos/library/compiler-builtins/compiler-builtins) target="compiler_builtins"}: cargo::core::compiler::fingerprint: fingerprint error for compiler_builtins v0.1.160 (/Users/girivs/src/rust-tantraos/library/compiler-builtins/compiler-builtins)/Build/TargetInner { name_inferred: true, tested: false, benched: false, doc: false, doctest: false, ..: lib_target("compiler_builtins", ["lib"], "/Users/girivs/src/rust-tantraos/library/compiler-builtins/compiler-builtins/src/lib.rs", Edition2024) }
   0.062223458s  INFO prepare_target{force=false package_id=compiler_builtins v0.1.160 (/Users/girivs/src/rust-tantraos/library/compiler-builtins/compiler-builtins) target="compiler_builtins"}: cargo::core::compiler::fingerprint:     err: failed to read `/Users/girivs/src/rust-tantraos/build/aarch64-apple-darwin/stage1-std/aarch64-tantraos/debug/.fingerprint/compiler_builtins-fe7bb6a6db036198/lib-compiler_builtins`

Caused by:
    No such file or directory (os error 2)
   0.062382625s  INFO prepare_target{force=false package_id=compiler_builtins v0.1.160 (/Users/girivs/src/rust-tantraos/library/compiler-builtins/compiler-builtins) target="build-script-build"}: cargo::core::compiler::fingerprint: fingerprint error for compiler_builtins v0.1.160 (/Users/girivs/src/rust-tantraos/library/compiler-builtins/compiler-builtins)/RunCustomBuild/TargetInner { ..: custom_build_target("build-script-build", "/Users/girivs/src/rust-tantraos/library/compiler-builtins/compiler-builtins/build.rs", Edition2024) }
   0.062387416s  INFO prepare_target{force=false package_id=compiler_builtins v0.1.160 (/Users/girivs/src/rust-tantraos/library/compiler-builtins/compiler-builtins) target="build-script-build"}: cargo::core::compiler::fingerprint:     err: failed to read `/Users/girivs/src/rust-tantraos/build/aarch64-apple-darwin/stage1-std/aarch64-tantraos/debug/.fingerprint/compiler_builtins-d931ed850ff3b322/run-build-script-build-script-build`

Caused by:
    No such file or directory (os error 2)
   0.062814250s  INFO prepare_target{force=false package_id=core v0.0.0 (/Users/girivs/src/rust-tantraos/library/core) target="core"}: cargo::core::compiler::fingerprint: fingerprint error for core v0.0.0 (/Users/girivs/src/rust-tantraos/library/core)/Build/TargetInner { name_inferred: true, tested: false, benched: false, ..: lib_target("core", ["lib"], "/Users/girivs/src/rust-tantraos/library/core/src/lib.rs", Edition2024) }
   0.062818458s  INFO prepare_target{force=false package_id=core v0.0.0 (/Users/girivs/src/rust-tantraos/library/core) target="core"}: cargo::core::compiler::fingerprint:     err: failed to read `/Users/girivs/src/rust-tantraos/build/aarch64-apple-darwin/stage1-std/aarch64-tantraos/debug/.fingerprint/core-c79bf7c8d33923f7/lib-core`

Caused by:
    No such file or directory (os error 2)
   0.062890500s  INFO prepare_target{force=false package_id=panic_abort v0.0.0 (/Users/girivs/src/rust-tantraos/library/panic_abort) target="panic_abort"}: cargo::core::compiler::fingerprint: fingerprint error for panic_abort v0.0.0 (/Users/girivs/src/rust-tantraos/library/panic_abort)/Build/TargetInner { name_inferred: true, tested: false, benched: false, doc: false, ..: lib_target("panic_abort", ["lib"], "/Users/girivs/src/rust-tantraos/library/panic_abort/src/lib.rs", Edition2024) }
   0.062894708s  INFO prepare_target{force=false package_id=panic_abort v0.0.0 (/Users/girivs/src/rust-tantraos/library/panic_abort) target="panic_abort"}: cargo::core::compiler::fingerprint:     err: failed to read `/Users/girivs/src/rust-tantraos/build/aarch64-apple-darwin/stage1-std/aarch64-tantraos/debug/.fingerprint/panic_abort-c072dd8ddcfb0bca/lib-panic_abort`

Caused by:
    No such file or directory (os error 2)
   0.062961208s  INFO prepare_target{force=false package_id=rustc-std-workspace-core v1.99.0 (/Users/girivs/src/rust-tantraos/library/rustc-std-workspace-core) target="rustc_std_workspace_core"}: cargo::core::compiler::fingerprint: fingerprint error for rustc-std-workspace-core v1.99.0 (/Users/girivs/src/rust-tantraos/library/rustc-std-workspace-core)/Build/TargetInner { name_inferred: true, tested: false, benched: false, doc: false, ..: lib_target("rustc_std_workspace_core", ["lib"], "/Users/girivs/src/rust-tantraos/library/rustc-std-workspace-core/lib.rs", Edition2024) }
   0.062965333s  INFO prepare_target{force=false package_id=rustc-std-workspace-core v1.99.0 (/Users/girivs/src/rust-tantraos/library/rustc-std-workspace-core) target="rustc_std_workspace_core"}: cargo::core::compiler::fingerprint:     err: failed to read `/Users/girivs/src/rust-tantraos/build/aarch64-apple-darwin/stage1-std/aarch64-tantraos/debug/.fingerprint/rustc-std-workspace-core-9d5fe40ab18429fa/lib-rustc_std_workspace_core`

Caused by:
    No such file or directory (os error 2)
   0.063221666s  INFO prepare_target{force=false package_id=panic_unwind v0.0.0 (/Users/girivs/src/rust-tantraos/library/panic_unwind) target="panic_unwind"}: cargo::core::compiler::fingerprint: fingerprint error for panic_unwind v0.0.0 (/Users/girivs/src/rust-tantraos/library/panic_unwind)/Build/TargetInner { name_inferred: true, tested: false, benched: false, doc: false, ..: lib_target("panic_unwind", ["lib"], "/Users/girivs/src/rust-tantraos/library/panic_unwind/src/lib.rs", Edition2024) }
   0.063225750s  INFO prepare_target{force=false package_id=panic_unwind v0.0.0 (/Users/girivs/src/rust-tantraos/library/panic_unwind) target="panic_unwind"}: cargo::core::compiler::fingerprint:     err: failed to read `/Users/girivs/src/rust-tantraos/build/aarch64-apple-darwin/stage1-std/aarch64-tantraos/debug/.fingerprint/panic_unwind-5c09c4aaa7816b40/lib-panic_unwind`

Caused by:
    No such file or directory (os error 2)
   0.063289458s  INFO prepare_target{force=false package_id=libc v0.2.175 target="libc"}: cargo::core::compiler::fingerprint: fingerprint error for libc v0.2.175/Build/TargetInner { ..: lib_target("libc", ["lib"], "/Users/girivs/.cargo/registry/src/index.crates.io-1949cf8c6b5b557f/libc-0.2.175/src/lib.rs", Edition2021) }
   0.063293000s  INFO prepare_target{force=false package_id=libc v0.2.175 target="libc"}: cargo::core::compiler::fingerprint:     err: failed to read `/Users/girivs/src/rust-tantraos/build/aarch64-apple-darwin/stage1-std/aarch64-tantraos/debug/.fingerprint/libc-1222b4726416f144/lib-libc`

Caused by:
    No such file or directory (os error 2)
   0.063438208s  INFO prepare_target{force=false package_id=libc v0.2.175 target="build-script-build"}: cargo::core::compiler::fingerprint: fingerprint error for libc v0.2.175/RunCustomBuild/TargetInner { ..: custom_build_target("build-script-build", "/Users/girivs/.cargo/registry/src/index.crates.io-1949cf8c6b5b557f/libc-0.2.175/build.rs", Edition2021) }
   0.063442000s  INFO prepare_target{force=false package_id=libc v0.2.175 target="build-script-build"}: cargo::core::compiler::fingerprint:     err: failed to read `/Users/girivs/src/rust-tantraos/build/aarch64-apple-darwin/stage1-std/aarch64-tantraos/debug/.fingerprint/libc-57c88bd987534f2a/run-build-script-build-script-build`

Caused by:
    No such file or directory (os error 2)
   0.063707291s  INFO prepare_target{force=false package_id=unwind v0.0.0 (/Users/girivs/src/rust-tantraos/library/unwind) target="unwind"}: cargo::core::compiler::fingerprint: fingerprint error for unwind v0.0.0 (/Users/girivs/src/rust-tantraos/library/unwind)/Build/TargetInner { name_inferred: true, tested: false, benched: false, doc: false, ..: lib_target("unwind", ["lib"], "/Users/girivs/src/rust-tantraos/library/unwind/src/lib.rs", Edition2024) }
   0.063714083s  INFO prepare_target{force=false package_id=unwind v0.0.0 (/Users/girivs/src/rust-tantraos/library/unwind) target="unwind"}: cargo::core::compiler::fingerprint:     err: failed to read `/Users/girivs/src/rust-tantraos/build/aarch64-apple-darwin/stage1-std/aarch64-tantraos/debug/.fingerprint/unwind-d7e29ab6eb738d82/lib-unwind`

Caused by:
    No such file or directory (os error 2)
   0.084969458s  INFO prepare_target{force=false package_id=proc_macro v0.0.0 (/Users/girivs/src/rust-tantraos/library/proc_macro) target="proc_macro"}: cargo::core::compiler::fingerprint: fingerprint error for proc_macro v0.0.0 (/Users/girivs/src/rust-tantraos/library/proc_macro)/Build/TargetInner { name_inferred: true, ..: lib_target("proc_macro", ["lib"], "/Users/girivs/src/rust-tantraos/library/proc_macro/src/lib.rs", Edition2024) }
   0.084982458s  INFO prepare_target{force=false package_id=proc_macro v0.0.0 (/Users/girivs/src/rust-tantraos/library/proc_macro) target="proc_macro"}: cargo::core::compiler::fingerprint:     err: failed to read `/Users/girivs/src/rust-tantraos/build/aarch64-apple-darwin/stage1-std/aarch64-tantraos/debug/.fingerprint/proc_macro-cff993ed86a2d2c4/lib-proc_macro`

Caused by:
    No such file or directory (os error 2)
   0.085106625s  INFO prepare_target{force=false package_id=rustc-literal-escaper v0.0.5 target="rustc_literal_escaper"}: cargo::core::compiler::fingerprint: fingerprint error for rustc-literal-escaper v0.0.5/Build/TargetInner { ..: lib_target("rustc_literal_escaper", ["lib"], "/Users/girivs/.cargo/registry/src/index.crates.io-1949cf8c6b5b557f/rustc-literal-escaper-0.0.5/src/lib.rs", Edition2021) }
   0.085110708s  INFO prepare_target{force=false package_id=rustc-literal-escaper v0.0.5 target="rustc_literal_escaper"}: cargo::core::compiler::fingerprint:     err: failed to read `/Users/girivs/src/rust-tantraos/build/aarch64-apple-darwin/stage1-std/aarch64-tantraos/debug/.fingerprint/rustc-literal-escaper-19a243086b7d5243/lib-rustc_literal_escaper`

Caused by:
    No such file or directory (os error 2)
   0.085176458s  INFO prepare_target{force=false package_id=rustc-std-workspace-std v1.99.0 (/Users/girivs/src/rust-tantraos/library/rustc-std-workspace-std) target="rustc_std_workspace_std"}: cargo::core::compiler::fingerprint: fingerprint error for rustc-std-workspace-std v1.99.0 (/Users/girivs/src/rust-tantraos/library/rustc-std-workspace-std)/Build/TargetInner { name_inferred: true, tested: false, benched: false, doc: false, ..: lib_target("rustc_std_workspace_std", ["lib"], "/Users/girivs/src/rust-tantraos/library/rustc-std-workspace-std/lib.rs", Edition2024) }
   0.085181000s  INFO prepare_target{force=false package_id=rustc-std-workspace-std v1.99.0 (/Users/girivs/src/rust-tantraos/library/rustc-std-workspace-std) target="rustc_std_workspace_std"}: cargo::core::compiler::fingerprint:     err: failed to read `/Users/girivs/src/rust-tantraos/build/aarch64-apple-darwin/stage1-std/aarch64-tantraos/debug/.fingerprint/rustc-std-workspace-std-e4b48791563dd996/lib-rustc_std_workspace_std`

Caused by:
    No such file or directory (os error 2)
   0.085242208s  INFO prepare_target{force=false package_id=std v0.0.0 (/Users/girivs/src/rust-tantraos/library/std) target="std"}: cargo::core::compiler::fingerprint: fingerprint error for std v0.0.0 (/Users/girivs/src/rust-tantraos/library/std)/Build/TargetInner { name_inferred: true, ..: lib_target("std", ["dylib", "rlib"], "/Users/girivs/src/rust-tantraos/library/std/src/lib.rs", Edition2024) }
   0.085246583s  INFO prepare_target{force=false package_id=std v0.0.0 (/Users/girivs/src/rust-tantraos/library/std) target="std"}: cargo::core::compiler::fingerprint:     err: failed to read `/Users/girivs/src/rust-tantraos/build/aarch64-apple-darwin/stage1-std/aarch64-tantraos/debug/.fingerprint/std-7e5bfba75491c467/lib-std`

Caused by:
    No such file or directory (os error 2)
   0.085319166s  INFO prepare_target{force=false package_id=addr2line v0.25.0 target="addr2line"}: cargo::core::compiler::fingerprint: fingerprint error for addr2line v0.25.0/Build/TargetInner { ..: lib_target("addr2line", ["lib"], "/Users/girivs/.cargo/registry/src/index.crates.io-1949cf8c6b5b557f/addr2line-0.25.0/src/lib.rs", Edition2018) }
   0.085322875s  INFO prepare_target{force=false package_id=addr2line v0.25.0 target="addr2line"}: cargo::core::compiler::fingerprint:     err: failed to read `/Users/girivs/src/rust-tantraos/build/aarch64-apple-darwin/stage1-std/aarch64-tantraos/debug/.fingerprint/addr2line-bbf4fedd132a9d5e/lib-addr2line`

Caused by:
    No such file or directory (os error 2)
   0.085377333s  INFO prepare_target{force=false package_id=gimli v0.32.0 target="gimli"}: cargo::core::compiler::fingerprint: fingerprint error for gimli v0.32.0/Build/TargetInner { ..: lib_target("gimli", ["lib"], "/Users/girivs/.cargo/registry/src/index.crates.io-1949cf8c6b5b557f/gimli-0.32.0/src/lib.rs", Edition2018) }
   0.085380791s  INFO prepare_target{force=false package_id=gimli v0.32.0 target="gimli"}: cargo::core::compiler::fingerprint:     err: failed to read `/Users/girivs/src/rust-tantraos/build/aarch64-apple-darwin/stage1-std/aarch64-tantraos/debug/.fingerprint/gimli-5a268729eb9f3884/lib-gimli`

Caused by:
    No such file or directory (os error 2)
   0.085435208s  INFO prepare_target{force=false package_id=rustc-std-workspace-alloc v1.99.0 (/Users/girivs/src/rust-tantraos/library/rustc-std-workspace-alloc) target="rustc_std_workspace_alloc"}: cargo::core::compiler::fingerprint: fingerprint error for rustc-std-workspace-alloc v1.99.0 (/Users/girivs/src/rust-tantraos/library/rustc-std-workspace-alloc)/Build/TargetInner { name_inferred: true, tested: false, benched: false, doc: false, ..: lib_target("rustc_std_workspace_alloc", ["lib"], "/Users/girivs/src/rust-tantraos/library/rustc-std-workspace-alloc/lib.rs", Edition2024) }
   0.085439166s  INFO prepare_target{force=false package_id=rustc-std-workspace-alloc v1.99.0 (/Users/girivs/src/rust-tantraos/library/rustc-std-workspace-alloc) target="rustc_std_workspace_alloc"}: cargo::core::compiler::fingerprint:     err: failed to read `/Users/girivs/src/rust-tantraos/build/aarch64-apple-darwin/stage1-std/aarch64-tantraos/debug/.fingerprint/rustc-std-workspace-alloc-aa1d672ecf267ec8/lib-rustc_std_workspace_alloc`

Caused by:
    No such file or directory (os error 2)
   0.085487333s  INFO prepare_target{force=false package_id=cfg-if v1.0.1 target="cfg_if"}: cargo::core::compiler::fingerprint: fingerprint error for cfg-if v1.0.1/Build/TargetInner { ..: lib_target("cfg_if", ["lib"], "/Users/girivs/.cargo/registry/src/index.crates.io-1949cf8c6b5b557f/cfg-if-1.0.1/src/lib.rs", Edition2018) }
   0.085490833s  INFO prepare_target{force=false package_id=cfg-if v1.0.1 target="cfg_if"}: cargo::core::compiler::fingerprint:     err: failed to read `/Users/girivs/src/rust-tantraos/build/aarch64-apple-darwin/stage1-std/aarch64-tantraos/debug/.fingerprint/cfg-if-784a8e5f691e46f6/lib-cfg_if`

Caused by:
    No such file or directory (os error 2)
   0.085545416s  INFO prepare_target{force=false package_id=hashbrown v0.15.5 target="hashbrown"}: cargo::core::compiler::fingerprint: fingerprint error for hashbrown v0.15.5/Build/TargetInner { ..: lib_target("hashbrown", ["lib"], "/Users/girivs/.cargo/registry/src/index.crates.io-1949cf8c6b5b557f/hashbrown-0.15.5/src/lib.rs", Edition2021) }
   0.085548750s  INFO prepare_target{force=false package_id=hashbrown v0.15.5 target="hashbrown"}: cargo::core::compiler::fingerprint:     err: failed to read `/Users/girivs/src/rust-tantraos/build/aarch64-apple-darwin/stage1-std/aarch64-tantraos/debug/.fingerprint/hashbrown-5e9b3aafb8de9793/lib-hashbrown`

Caused by:
    No such file or directory (os error 2)
   0.085604208s  INFO prepare_target{force=false package_id=miniz_oxide v0.8.9 target="miniz_oxide"}: cargo::core::compiler::fingerprint: fingerprint error for miniz_oxide v0.8.9/Build/TargetInner { ..: lib_target("miniz_oxide", ["lib"], "/Users/girivs/.cargo/registry/src/index.crates.io-1949cf8c6b5b557f/miniz_oxide-0.8.9/src/lib.rs", Edition2021) }
   0.085608000s  INFO prepare_target{force=false package_id=miniz_oxide v0.8.9 target="miniz_oxide"}: cargo::core::compiler::fingerprint:     err: failed to read `/Users/girivs/src/rust-tantraos/build/aarch64-apple-darwin/stage1-std/aarch64-tantraos/debug/.fingerprint/miniz_oxide-cab8d4bb0752dd80/lib-miniz_oxide`

Caused by:
    No such file or directory (os error 2)
   0.085663416s  INFO prepare_target{force=false package_id=adler2 v2.0.1 target="adler2"}: cargo::core::compiler::fingerprint: fingerprint error for adler2 v2.0.1/Build/TargetInner { ..: lib_target("adler2", ["lib"], "/Users/girivs/.cargo/registry/src/index.crates.io-1949cf8c6b5b557f/adler2-2.0.1/src/lib.rs", Edition2021) }
   0.085666791s  INFO prepare_target{force=false package_id=adler2 v2.0.1 target="adler2"}: cargo::core::compiler::fingerprint:     err: failed to read `/Users/girivs/src/rust-tantraos/build/aarch64-apple-darwin/stage1-std/aarch64-tantraos/debug/.fingerprint/adler2-0ab0deeec7ca570f/lib-adler2`

Caused by:
    No such file or directory (os error 2)
   0.085715208s  INFO prepare_target{force=false package_id=rustc-demangle v0.1.26 target="rustc_demangle"}: cargo::core::compiler::fingerprint: fingerprint error for rustc-demangle v0.1.26/Build/TargetInner { ..: lib_target("rustc_demangle", ["lib"], "/Users/girivs/.cargo/registry/src/index.crates.io-1949cf8c6b5b557f/rustc-demangle-0.1.26/src/lib.rs", Edition2015) }
   0.085718791s  INFO prepare_target{force=false package_id=rustc-demangle v0.1.26 target="rustc_demangle"}: cargo::core::compiler::fingerprint:     err: failed to read `/Users/girivs/src/rust-tantraos/build/aarch64-apple-darwin/stage1-std/aarch64-tantraos/debug/.fingerprint/rustc-demangle-3a44432d4fbc1700/lib-rustc_demangle`

Caused by:
    No such file or directory (os error 2)
   0.085852166s  INFO prepare_target{force=false package_id=std v0.0.0 (/Users/girivs/src/rust-tantraos/library/std) target="build-script-build"}: cargo::core::compiler::fingerprint: fingerprint error for std v0.0.0 (/Users/girivs/src/rust-tantraos/library/std)/RunCustomBuild/TargetInner { ..: custom_build_target("build-script-build", "/Users/girivs/src/rust-tantraos/library/std/build.rs", Edition2024) }
   0.085856208s  INFO prepare_target{force=false package_id=std v0.0.0 (/Users/girivs/src/rust-tantraos/library/std) target="build-script-build"}: cargo::core::compiler::fingerprint:     err: failed to read `/Users/girivs/src/rust-tantraos/build/aarch64-apple-darwin/stage1-std/aarch64-tantraos/debug/.fingerprint/std-c6cb4cff8500cf86/run-build-script-build-script-build`

Caused by:
    No such file or directory (os error 2)
   0.086157333s  INFO prepare_target{force=false package_id=std_detect v0.1.5 (/Users/girivs/src/rust-tantraos/library/std_detect) target="std_detect"}: cargo::core::compiler::fingerprint: fingerprint error for std_detect v0.1.5 (/Users/girivs/src/rust-tantraos/library/std_detect)/Build/TargetInner { name_inferred: true, ..: lib_target("std_detect", ["lib"], "/Users/girivs/src/rust-tantraos/library/std_detect/src/lib.rs", Edition2024) }
   0.086165958s  INFO prepare_target{force=false package_id=std_detect v0.1.5 (/Users/girivs/src/rust-tantraos/library/std_detect) target="std_detect"}: cargo::core::compiler::fingerprint:     err: failed to read `/Users/girivs/src/rust-tantraos/build/aarch64-apple-darwin/stage1-std/aarch64-tantraos/debug/.fingerprint/std_detect-a89b208fc07751e7/lib-std_detect`

Caused by:
    No such file or directory (os error 2)
   0.086293333s  INFO prepare_target{force=false package_id=sysroot v0.0.0 (/Users/girivs/src/rust-tantraos/library/sysroot) target="sysroot"}: cargo::core::compiler::fingerprint: fingerprint error for sysroot v0.0.0 (/Users/girivs/src/rust-tantraos/library/sysroot)/Build/TargetInner { name_inferred: true, tested: false, benched: false, doc: false, ..: lib_target("sysroot", ["lib"], "/Users/girivs/src/rust-tantraos/library/sysroot/src/lib.rs", Edition2024) }
   0.086298625s  INFO prepare_target{force=false package_id=sysroot v0.0.0 (/Users/girivs/src/rust-tantraos/library/sysroot) target="sysroot"}: cargo::core::compiler::fingerprint:     err: failed to read `/Users/girivs/src/rust-tantraos/build/aarch64-apple-darwin/stage1-std/aarch64-tantraos/debug/.fingerprint/sysroot-015f15a7e35150d5/lib-sysroot`

Caused by:
    No such file or directory (os error 2)
   0.086375125s  INFO prepare_target{force=false package_id=test v0.0.0 (/Users/girivs/src/rust-tantraos/library/test) target="test"}: cargo::core::compiler::fingerprint: fingerprint error for test v0.0.0 (/Users/girivs/src/rust-tantraos/library/test)/Build/TargetInner { name_inferred: true, ..: lib_target("test", ["lib"], "/Users/girivs/src/rust-tantraos/library/test/src/lib.rs", Edition2024) }
   0.086379333s  INFO prepare_target{force=false package_id=test v0.0.0 (/Users/girivs/src/rust-tantraos/library/test) target="test"}: cargo::core::compiler::fingerprint:     err: failed to read `/Users/girivs/src/rust-tantraos/build/aarch64-apple-darwin/stage1-std/aarch64-tantraos/debug/.fingerprint/test-9e0e4bdb0c35a4f5/lib-test`

Caused by:
    No such file or directory (os error 2)
   0.086446791s  INFO prepare_target{force=false package_id=getopts v0.2.24 target="getopts"}: cargo::core::compiler::fingerprint: fingerprint error for getopts v0.2.24/Build/TargetInner { ..: lib_target("getopts", ["lib"], "/Users/girivs/.cargo/registry/src/index.crates.io-1949cf8c6b5b557f/getopts-0.2.24/src/lib.rs", Edition2021) }
   0.086451000s  INFO prepare_target{force=false package_id=getopts v0.2.24 target="getopts"}: cargo::core::compiler::fingerprint:     err: failed to read `/Users/girivs/src/rust-tantraos/build/aarch64-apple-darwin/stage1-std/aarch64-tantraos/debug/.fingerprint/getopts-e6e3d533a6c4b7c5/lib-getopts`

Caused by:
    No such file or directory (os error 2)
       Fresh shlex v1.3.0
       Fresh cc v1.2.0
   Compiling core v0.0.0 (/Users/girivs/src/rust-tantraos/library/core)
     Running `/Users/girivs/src/rust-tantraos/build/bootstrap/debug/rustc /Users/girivs/src/rust-tantraos/build/bootstrap/debug/rustc --crate-name core --edition=2024 library/core/src/lib.rs --error-format=json --json=diagnostic-rendered-ansi,artifacts,future-incompat --crate-type lib --emit=dep-info,metadata,link -C embed-bitcode=no -C codegen-units=16 --warn=unexpected_cfgs --check-cfg 'cfg(no_fp_fmt_parse)' --check-cfg 'cfg(feature, values(any()))' --check-cfg 'cfg(target_has_reliable_f16)' --check-cfg 'cfg(target_has_reliable_f16_math)' --check-cfg 'cfg(target_has_reliable_f128)' --check-cfg 'cfg(target_has_reliable_f128_math)' -C debug-assertions=off --check-cfg 'cfg(docsrs,test)' --check-cfg 'cfg(feature, values("debug_refcell", "optimize_for_size", "panic_immediate_abort"))' -C metadata=2ad7752005d95023 -C extra-filename=-c79bf7c8d33923f7 --out-dir /Users/girivs/src/rust-tantraos/build/aarch64-apple-darwin/stage1-std/aarch64-tantraos/debug/deps --target aarch64-tantraos -C linker=rust-lld -L dependency=/Users/girivs/src/rust-tantraos/build/aarch64-apple-darwin/stage1-std/aarch64-tantraos/debug/deps -L dependency=/Users/girivs/src/rust-tantraos/build/aarch64-apple-darwin/stage1-std/debug/deps -Csymbol-mangling-version=legacy '--check-cfg=cfg(feature,values(any()))' -Zunstable-options -Zmacro-backtrace -Csplit-debuginfo=off -Cprefer-dynamic -Zinline-mir -Zinline-mir-preserve-debug -Zmir_strip_debuginfo=locals-in-tiny-functions -Clink-args=-Wl,-z,origin '-Clink-args=-Wl,-rpath,$ORIGIN/../lib' -Alinker-messages -Cembed-bitcode=yes -Clto=off -Zunstable-options -Cforce-frame-pointers=non-leaf '-Zcrate-attr=doc(html_root_url="https://doc.rust-lang.org/nightly/")' -Z binary-dep-depinfo`
   Compiling libc v0.2.175
   Compiling std v0.0.0 (/Users/girivs/src/rust-tantraos/library/std)
   Compiling compiler_builtins v0.1.160 (/Users/girivs/src/rust-tantraos/library/compiler-builtins/compiler-builtins)
     Running `/Users/girivs/src/rust-tantraos/build/aarch64-apple-darwin/stage1-std/debug/build/libc-b8c6da7ebd78ee35/build-script-build`
     Running `/Users/girivs/src/rust-tantraos/build/aarch64-apple-darwin/stage1-std/debug/build/std-3f08345ccb935ead/build-script-build`
     Running `/Users/girivs/src/rust-tantraos/build/aarch64-apple-darwin/stage1-std/debug/build/compiler_builtins-5fc0f55abac5f5fc/build-script-build`
warning: compiler_builtins@0.1.160: clang: warning: mismatch between architecture and environment in target triple 'aarch64-unknown-tantraos-eabi'; did you mean 'aarch64-none-elf'? [-Winvalid-command-line-argument]
warning: compiler_builtins@0.1.160: clang: warning: mismatch between architecture and environment in target triple 'aarch64-unknown-tantraos-eabi'; did you mean 'aarch64-none-elf'? [-Winvalid-command-line-argument]
warning: compiler_builtins@0.1.160: clang: warning: mismatch between architecture and environment in target triple 'aarch64-unknown-tantraos-eabi'; did you mean 'aarch64-none-elf'? [-Winvalid-command-line-argument]
warning: compiler_builtins@0.1.160: clang: warning: mismatch between architecture and environment in target triple 'aarch64-unknown-tantraos-eabi'; did you mean 'aarch64-none-elf'? [-Winvalid-command-line-argument]
warning: compiler_builtins@0.1.160: clang: warning: mismatch between architecture and environment in target triple 'aarch64-unknown-tantraos-eabi'; did you mean 'aarch64-none-elf'? [-Winvalid-command-line-argument]
warning: compiler_builtins@0.1.160: clang: warning: mismatch between architecture and environment in target triple 'aarch64-unknown-tantraos-eabi'; did you mean 'aarch64-none-elf'? [-Winvalid-command-line-argument]
warning: compiler_builtins@0.1.160: clang: warning: mismatch between architecture and environment in target triple 'aarch64-unknown-tantraos-eabi'; did you mean 'aarch64-none-elf'? [-Winvalid-command-line-argument]
warning: compiler_builtins@0.1.160: clang: warning: mismatch between architecture and environment in target triple 'aarch64-unknown-tantraos-eabi'; did you mean 'aarch64-none-elf'? [-Winvalid-command-line-argument]
warning: compiler_builtins@0.1.160: clang: warning: mismatch between architecture and environment in target triple 'aarch64-unknown-tantraos-eabi'; did you mean 'aarch64-none-elf'? [-Winvalid-command-line-argument]
warning: compiler_builtins@0.1.160: clang: warning: mismatch between architecture and environment in target triple 'aarch64-unknown-tantraos-eabi'; did you mean 'aarch64-none-elf'? [-Winvalid-command-line-argument]
warning: compiler_builtins@0.1.160: clang: warning: mismatch between architecture and environment in target triple 'aarch64-unknown-tantraos-eabi'; did you mean 'aarch64-none-elf'? [-Winvalid-command-line-argument]
warning: compiler_builtins@0.1.160: clang: warning: mismatch between architecture and environment in target triple 'aarch64-unknown-tantraos-eabi'; did you mean 'aarch64-none-elf'? [-Winvalid-command-line-argument]
warning: compiler_builtins@0.1.160: clang: warning: mismatch between architecture and environment in target triple 'aarch64-unknown-tantraos-eabi'; did you mean 'aarch64-none-elf'? [-Winvalid-command-line-argument]
warning: compiler_builtins@0.1.160: clang: warning: mismatch between architecture and environment in target triple 'aarch64-unknown-tantraos-eabi'; did you mean 'aarch64-none-elf'? [-Winvalid-command-line-argument]
warning: compiler_builtins@0.1.160: clang: warning: mismatch between architecture and environment in target triple 'aarch64-unknown-tantraos-eabi'; did you mean 'aarch64-none-elf'? [-Winvalid-command-line-argument]
warning: compiler_builtins@0.1.160: clang: warning: mismatch between architecture and environment in target triple 'aarch64-unknown-tantraos-eabi'; did you mean 'aarch64-none-elf'? [-Winvalid-command-line-argument]
warning: compiler_builtins@0.1.160: clang: warning: mismatch between architecture and environment in target triple 'aarch64-unknown-tantraos-eabi'; did you mean 'aarch64-none-elf'? [-Winvalid-command-line-argument]
warning: compiler_builtins@0.1.160: clang: warning: mismatch between architecture and environment in target triple 'aarch64-unknown-tantraos-eabi'; did you mean 'aarch64-none-elf'? [-Winvalid-command-line-argument]
warning: compiler_builtins@0.1.160: clang: warning: mismatch between architecture and environment in target triple 'aarch64-unknown-tantraos-eabi'; did you mean 'aarch64-none-elf'? [-Winvalid-command-line-argument]
warning: compiler_builtins@0.1.160: clang: warning: mismatch between architecture and environment in target triple 'aarch64-unknown-tantraos-eabi'; did you mean 'aarch64-none-elf'? [-Winvalid-command-line-argument]
warning: compiler_builtins@0.1.160: clang: warning: mismatch between architecture and environment in target triple 'aarch64-unknown-tantraos-eabi'; did you mean 'aarch64-none-elf'? [-Winvalid-command-line-argument]
warning: compiler_builtins@0.1.160: clang: warning: mismatch between architecture and environment in target triple 'aarch64-unknown-tantraos-eabi'; did you mean 'aarch64-none-elf'? [-Winvalid-command-line-argument]
warning: compiler_builtins@0.1.160: clang: warning: mismatch between architecture and environment in target triple 'aarch64-unknown-tantraos-eabi'; did you mean 'aarch64-none-elf'? [-Winvalid-command-line-argument]
warning: compiler_builtins@0.1.160: clang: warning: mismatch between architecture and environment in target triple 'aarch64-unknown-tantraos-eabi'; did you mean 'aarch64-none-elf'? [-Winvalid-command-line-argument]
warning: compiler_builtins@0.1.160: clang: warning: mismatch between architecture and environment in target triple 'aarch64-unknown-tantraos-eabi'; did you mean 'aarch64-none-elf'? [-Winvalid-command-line-argument]
warning: compiler_builtins@0.1.160: clang: warning: mismatch between architecture and environment in target triple 'aarch64-unknown-tantraos-eabi'; did you mean 'aarch64-none-elf'? [-Winvalid-command-line-argument]
warning: compiler_builtins@0.1.160: clang: warning: mismatch between architecture and environment in target triple 'aarch64-unknown-tantraos-eabi'; did you mean 'aarch64-none-elf'? [-Winvalid-command-line-argument]
warning: compiler_builtins@0.1.160: clang: warning: mismatch between architecture and environment in target triple 'aarch64-unknown-tantraos-eabi'; did you mean 'aarch64-none-elf'? [-Winvalid-command-line-argument]
warning: compiler_builtins@0.1.160: clang: warning: mismatch between architecture and environment in target triple 'aarch64-unknown-tantraos-eabi'; did you mean 'aarch64-none-elf'? [-Winvalid-command-line-argument]
warning: compiler_builtins@0.1.160: clang: warning: mismatch between architecture and environment in target triple 'aarch64-unknown-tantraos-eabi'; did you mean 'aarch64-none-elf'? [-Winvalid-command-line-argument]
warning: compiler_builtins@0.1.160: clang: warning: mismatch between architecture and environment in target triple 'aarch64-unknown-tantraos-eabi'; did you mean 'aarch64-none-elf'? [-Winvalid-command-line-argument]
warning: compiler_builtins@0.1.160: clang: warning: mismatch between architecture and environment in target triple 'aarch64-unknown-tantraos-eabi'; did you mean 'aarch64-none-elf'? [-Winvalid-command-line-argument]
warning: compiler_builtins@0.1.160: clang: warning: mismatch between architecture and environment in target triple 'aarch64-unknown-tantraos-eabi'; did you mean 'aarch64-none-elf'? [-Winvalid-command-line-argument]
warning: compiler_builtins@0.1.160: clang: warning: mismatch between architecture and environment in target triple 'aarch64-unknown-tantraos-eabi'; did you mean 'aarch64-none-elf'? [-Winvalid-command-line-argument]
warning: compiler_builtins@0.1.160: clang: warning: mismatch between architecture and environment in target triple 'aarch64-unknown-tantraos-eabi'; did you mean 'aarch64-none-elf'? [-Winvalid-command-line-argument]
warning: compiler_builtins@0.1.160: clang: warning: mismatch between architecture and environment in target triple 'aarch64-unknown-tantraos-eabi'; did you mean 'aarch64-none-elf'? [-Winvalid-command-line-argument]
warning: compiler_builtins@0.1.160: clang: warning: mismatch between architecture and environment in target triple 'aarch64-unknown-tantraos-eabi'; did you mean 'aarch64-none-elf'? [-Winvalid-command-line-argument]
warning: compiler_builtins@0.1.160: clang: warning: mismatch between architecture and environment in target triple 'aarch64-unknown-tantraos-eabi'; did you mean 'aarch64-none-elf'? [-Winvalid-command-line-argument]
warning: compiler_builtins@0.1.160: clang: warning: mismatch between architecture and environment in target triple 'aarch64-unknown-tantraos-eabi'; did you mean 'aarch64-none-elf'? [-Winvalid-command-line-argument]
warning: compiler_builtins@0.1.160: clang: warning: mismatch between architecture and environment in target triple 'aarch64-unknown-tantraos-eabi'; did you mean 'aarch64-none-elf'? [-Winvalid-command-line-argument]
warning: compiler_builtins@0.1.160: clang: warning: mismatch between architecture and environment in target triple 'aarch64-unknown-tantraos-eabi'; did you mean 'aarch64-none-elf'? [-Winvalid-command-line-argument]
warning: compiler_builtins@0.1.160: clang: warning: mismatch between architecture and environment in target triple 'aarch64-unknown-tantraos-eabi'; did you mean 'aarch64-none-elf'? [-Winvalid-command-line-argument]
warning: compiler_builtins@0.1.160: clang: warning: mismatch between architecture and environment in target triple 'aarch64-unknown-tantraos-eabi'; did you mean 'aarch64-none-elf'? [-Winvalid-command-line-argument]
warning: compiler_builtins@0.1.160: clang: warning: mismatch between architecture and environment in target triple 'aarch64-unknown-tantraos-eabi'; did you mean 'aarch64-none-elf'? [-Winvalid-command-line-argument]
warning: compiler_builtins@0.1.160: clang: warning: mismatch between architecture and environment in target triple 'aarch64-unknown-tantraos-eabi'; did you mean 'aarch64-none-elf'? [-Winvalid-command-line-argument]
warning: compiler_builtins@0.1.160: clang: warning: mismatch between architecture and environment in target triple 'aarch64-unknown-tantraos-eabi'; did you mean 'aarch64-none-elf'? [-Winvalid-command-line-argument]
warning: compiler_builtins@0.1.160: clang: warning: mismatch between architecture and environment in target triple 'aarch64-unknown-tantraos-eabi'; did you mean 'aarch64-none-elf'? [-Winvalid-command-line-argument]
warning: compiler_builtins@0.1.160: clang: warning: mismatch between architecture and environment in target triple 'aarch64-unknown-tantraos-eabi'; did you mean 'aarch64-none-elf'? [-Winvalid-command-line-argument]
warning: compiler_builtins@0.1.160: clang: warning: mismatch between architecture and environment in target triple 'aarch64-unknown-tantraos-eabi'; did you mean 'aarch64-none-elf'? [-Winvalid-command-line-argument]
warning: compiler_builtins@0.1.160: clang: warning: mismatch between architecture and environment in target triple 'aarch64-unknown-tantraos-eabi'; did you mean 'aarch64-none-elf'? [-Winvalid-command-line-argument]
warning: compiler_builtins@0.1.160: clang: warning: mismatch between architecture and environment in target triple 'aarch64-unknown-tantraos-eabi'; did you mean 'aarch64-none-elf'? [-Winvalid-command-line-argument]
warning: compiler_builtins@0.1.160: clang: warning: mismatch between architecture and environment in target triple 'aarch64-unknown-tantraos-eabi'; did you mean 'aarch64-none-elf'? [-Winvalid-command-line-argument]
warning: compiler_builtins@0.1.160: clang: warning: mismatch between architecture and environment in target triple 'aarch64-unknown-tantraos-eabi'; did you mean 'aarch64-none-elf'? [-Winvalid-command-line-argument]
warning: compiler_builtins@0.1.160: clang: warning: mismatch between architecture and environment in target triple 'aarch64-unknown-tantraos-eabi'; did you mean 'aarch64-none-elf'? [-Winvalid-command-line-argument]
warning: compiler_builtins@0.1.160: clang: warning: mismatch between architecture and environment in target triple 'aarch64-unknown-tantraos-eabi'; did you mean 'aarch64-none-elf'? [-Winvalid-command-line-argument]
warning: compiler_builtins@0.1.160: clang: warning: mismatch between architecture and environment in target triple 'aarch64-unknown-tantraos-eabi'; did you mean 'aarch64-none-elf'? [-Winvalid-command-line-argument]
warning: compiler_builtins@0.1.160: clang: warning: mismatch between architecture and environment in target triple 'aarch64-unknown-tantraos-eabi'; did you mean 'aarch64-none-elf'? [-Winvalid-command-line-argument]
warning: compiler_builtins@0.1.160: clang: warning: mismatch between architecture and environment in target triple 'aarch64-unknown-tantraos-eabi'; did you mean 'aarch64-none-elf'? [-Winvalid-command-line-argument]
warning: compiler_builtins@0.1.160: clang: warning: mismatch between architecture and environment in target triple 'aarch64-unknown-tantraos-eabi'; did you mean 'aarch64-none-elf'? [-Winvalid-command-line-argument]
warning: compiler_builtins@0.1.160: clang: warning: mismatch between architecture and environment in target triple 'aarch64-unknown-tantraos-eabi'; did you mean 'aarch64-none-elf'? [-Winvalid-command-line-argument]
warning: compiler_builtins@0.1.160: clang: warning: mismatch between architecture and environment in target triple 'aarch64-unknown-tantraos-eabi'; did you mean 'aarch64-none-elf'? [-Winvalid-command-line-argument]
warning: compiler_builtins@0.1.160: clang: warning: mismatch between architecture and environment in target triple 'aarch64-unknown-tantraos-eabi'; did you mean 'aarch64-none-elf'? [-Winvalid-command-line-argument]
warning: compiler_builtins@0.1.160: clang: warning: mismatch between architecture and environment in target triple 'aarch64-unknown-tantraos-eabi'; did you mean 'aarch64-none-elf'? [-Winvalid-command-line-argument]
warning: compiler_builtins@0.1.160: clang: warning: mismatch between architecture and environment in target triple 'aarch64-unknown-tantraos-eabi'; did you mean 'aarch64-none-elf'? [-Winvalid-command-line-argument]
warning: compiler_builtins@0.1.160: clang: warning: mismatch between architecture and environment in target triple 'aarch64-unknown-tantraos-eabi'; did you mean 'aarch64-none-elf'? [-Winvalid-command-line-argument]
warning: compiler_builtins@0.1.160: clang: warning: mismatch between architecture and environment in target triple 'aarch64-unknown-tantraos-eabi'; did you mean 'aarch64-none-elf'? [-Winvalid-command-line-argument]
warning: compiler_builtins@0.1.160: clang: warning: mismatch between architecture and environment in target triple 'aarch64-unknown-tantraos-eabi'; did you mean 'aarch64-none-elf'? [-Winvalid-command-line-argument]
warning: compiler_builtins@0.1.160: clang: warning: mismatch between architecture and environment in target triple 'aarch64-unknown-tantraos-eabi'; did you mean 'aarch64-none-elf'? [-Winvalid-command-line-argument]
warning: compiler_builtins@0.1.160: clang: warning: mismatch between architecture and environment in target triple 'aarch64-unknown-tantraos-eabi'; did you mean 'aarch64-none-elf'? [-Winvalid-command-line-argument]
warning: compiler_builtins@0.1.160: clang: warning: mismatch between architecture and environment in target triple 'aarch64-unknown-tantraos-eabi'; did you mean 'aarch64-none-elf'? [-Winvalid-command-line-argument]
warning: compiler_builtins@0.1.160: clang: warning: mismatch between architecture and environment in target triple 'aarch64-unknown-tantraos-eabi'; did you mean 'aarch64-none-elf'? [-Winvalid-command-line-argument]
warning: compiler_builtins@0.1.160: clang: warning: mismatch between architecture and environment in target triple 'aarch64-unknown-tantraos-eabi'; did you mean 'aarch64-none-elf'? [-Winvalid-command-line-argument]
warning: compiler_builtins@0.1.160: clang: warning: mismatch between architecture and environment in target triple 'aarch64-unknown-tantraos-eabi'; did you mean 'aarch64-none-elf'? [-Winvalid-command-line-argument]
warning: compiler_builtins@0.1.160: clang: warning: mismatch between architecture and environment in target triple 'aarch64-unknown-tantraos-eabi'; did you mean 'aarch64-none-elf'? [-Winvalid-command-line-argument]
warning: compiler_builtins@0.1.160: clang: warning: mismatch between architecture and environment in target triple 'aarch64-unknown-tantraos-eabi'; did you mean 'aarch64-none-elf'? [-Winvalid-command-line-argument]
warning: compiler_builtins@0.1.160: clang: warning: mismatch between architecture and environment in target triple 'aarch64-unknown-tantraos-eabi'; did you mean 'aarch64-none-elf'? [-Winvalid-command-line-argument]
warning: compiler_builtins@0.1.160: clang: warning: mismatch between architecture and environment in target triple 'aarch64-unknown-tantraos-eabi'; did you mean 'aarch64-none-elf'? [-Winvalid-command-line-argument]
warning: compiler_builtins@0.1.160: clang: warning: mismatch between architecture and environment in target triple 'aarch64-unknown-tantraos-eabi'; did you mean 'aarch64-none-elf'? [-Winvalid-command-line-argument]
warning: compiler_builtins@0.1.160: clang: warning: mismatch between architecture and environment in target triple 'aarch64-unknown-tantraos-eabi'; did you mean 'aarch64-none-elf'? [-Winvalid-command-line-argument]
warning: compiler_builtins@0.1.160: clang: warning: mismatch between architecture and environment in target triple 'aarch64-unknown-tantraos-eabi'; did you mean 'aarch64-none-elf'? [-Winvalid-command-line-argument]
warning: compiler_builtins@0.1.160: clang: warning: mismatch between architecture and environment in target triple 'aarch64-unknown-tantraos-eabi'; did you mean 'aarch64-none-elf'? [-Winvalid-command-line-argument]
warning: compiler_builtins@0.1.160: clang: warning: mismatch between architecture and environment in target triple 'aarch64-unknown-tantraos-eabi'; did you mean 'aarch64-none-elf'? [-Winvalid-command-line-argument]
warning: compiler_builtins@0.1.160: clang: warning: mismatch between architecture and environment in target triple 'aarch64-unknown-tantraos-eabi'; did you mean 'aarch64-none-elf'? [-Winvalid-command-line-argument]
warning: compiler_builtins@0.1.160: clang: warning: mismatch between architecture and environment in target triple 'aarch64-unknown-tantraos-eabi'; did you mean 'aarch64-none-elf'? [-Winvalid-command-line-argument]
warning: compiler_builtins@0.1.160: clang: warning: mismatch between architecture and environment in target triple 'aarch64-unknown-tantraos-eabi'; did you mean 'aarch64-none-elf'? [-Winvalid-command-line-argument]
warning: compiler_builtins@0.1.160: clang: warning: mismatch between architecture and environment in target triple 'aarch64-unknown-tantraos-eabi'; did you mean 'aarch64-none-elf'? [-Winvalid-command-line-argument]
warning: compiler_builtins@0.1.160: clang: warning: mismatch between architecture and environment in target triple 'aarch64-unknown-tantraos-eabi'; did you mean 'aarch64-none-elf'? [-Winvalid-command-line-argument]
warning: compiler_builtins@0.1.160: clang: warning: mismatch between architecture and environment in target triple 'aarch64-unknown-tantraos-eabi'; did you mean 'aarch64-none-elf'? [-Winvalid-command-line-argument]
warning: compiler_builtins@0.1.160: clang: warning: mismatch between architecture and environment in target triple 'aarch64-unknown-tantraos-eabi'; did you mean 'aarch64-none-elf'? [-Winvalid-command-line-argument]
warning: compiler_builtins@0.1.160: clang: warning: mismatch between architecture and environment in target triple 'aarch64-unknown-tantraos-eabi'; did you mean 'aarch64-none-elf'? [-Winvalid-command-line-argument]
warning: compiler_builtins@0.1.160: clang: warning: mismatch between architecture and environment in target triple 'aarch64-unknown-tantraos-eabi'; did you mean 'aarch64-none-elf'? [-Winvalid-command-line-argument]
warning: compiler_builtins@0.1.160: clang: warning: mismatch between architecture and environment in target triple 'aarch64-unknown-tantraos-eabi'; did you mean 'aarch64-none-elf'? [-Winvalid-command-line-argument]
warning: compiler_builtins@0.1.160: clang: warning: mismatch between architecture and environment in target triple 'aarch64-unknown-tantraos-eabi'; did you mean 'aarch64-none-elf'? [-Winvalid-command-line-argument]
warning: compiler_builtins@0.1.160: clang: warning: mismatch between architecture and environment in target triple 'aarch64-unknown-tantraos-eabi'; did you mean 'aarch64-none-elf'? [-Winvalid-command-line-argument]
warning: compiler_builtins@0.1.160: clang: warning: mismatch between architecture and environment in target triple 'aarch64-unknown-tantraos-eabi'; did you mean 'aarch64-none-elf'? [-Winvalid-command-line-argument]
warning: compiler_builtins@0.1.160: clang: warning: mismatch between architecture and environment in target triple 'aarch64-unknown-tantraos-eabi'; did you mean 'aarch64-none-elf'? [-Winvalid-command-line-argument]
warning: compiler_builtins@0.1.160: clang: warning: mismatch between architecture and environment in target triple 'aarch64-unknown-tantraos-eabi'; did you mean 'aarch64-none-elf'? [-Winvalid-command-line-argument]
warning: compiler_builtins@0.1.160: clang: warning: mismatch between architecture and environment in target triple 'aarch64-unknown-tantraos-eabi'; did you mean 'aarch64-none-elf'? [-Winvalid-command-line-argument]
warning: compiler_builtins@0.1.160: clang: warning: mismatch between architecture and environment in target triple 'aarch64-unknown-tantraos-eabi'; did you mean 'aarch64-none-elf'? [-Winvalid-command-line-argument]
warning: compiler_builtins@0.1.160: clang: warning: mismatch between architecture and environment in target triple 'aarch64-unknown-tantraos-eabi'; did you mean 'aarch64-none-elf'? [-Winvalid-command-line-argument]
warning: compiler_builtins@0.1.160: clang: warning: mismatch between architecture and environment in target triple 'aarch64-unknown-tantraos-eabi'; did you mean 'aarch64-none-elf'? [-Winvalid-command-line-argument]
warning: compiler_builtins@0.1.160: clang: warning: mismatch between architecture and environment in target triple 'aarch64-unknown-tantraos-eabi'; did you mean 'aarch64-none-elf'? [-Winvalid-command-line-argument]
warning: compiler_builtins@0.1.160: clang: warning: mismatch between architecture and environment in target triple 'aarch64-unknown-tantraos-eabi'; did you mean 'aarch64-none-elf'? [-Winvalid-command-line-argument]
warning: compiler_builtins@0.1.160: clang: warning: mismatch between architecture and environment in target triple 'aarch64-unknown-tantraos-eabi'; did you mean 'aarch64-none-elf'? [-Winvalid-command-line-argument]
warning: compiler_builtins@0.1.160: clang: warning: mismatch between architecture and environment in target triple 'aarch64-unknown-tantraos-eabi'; did you mean 'aarch64-none-elf'? [-Winvalid-command-line-argument]
warning: compiler_builtins@0.1.160: clang: warning: mismatch between architecture and environment in target triple 'aarch64-unknown-tantraos-eabi'; did you mean 'aarch64-none-elf'? [-Winvalid-command-line-argument]
warning: compiler_builtins@0.1.160: clang: warning: mismatch between architecture and environment in target triple 'aarch64-unknown-tantraos-eabi'; did you mean 'aarch64-none-elf'? [-Winvalid-command-line-argument]
warning: compiler_builtins@0.1.160: clang: warning: mismatch between architecture and environment in target triple 'aarch64-unknown-tantraos-eabi'; did you mean 'aarch64-none-elf'? [-Winvalid-command-line-argument]
warning: compiler_builtins@0.1.160: clang: warning: mismatch between architecture and environment in target triple 'aarch64-unknown-tantraos-eabi'; did you mean 'aarch64-none-elf'? [-Winvalid-command-line-argument]
warning: compiler_builtins@0.1.160: clang: warning: mismatch between architecture and environment in target triple 'aarch64-unknown-tantraos-eabi'; did you mean 'aarch64-none-elf'? [-Winvalid-command-line-argument]
warning: compiler_builtins@0.1.160: clang: warning: mismatch between architecture and environment in target triple 'aarch64-unknown-tantraos-eabi'; did you mean 'aarch64-none-elf'? [-Winvalid-command-line-argument]
warning: compiler_builtins@0.1.160: clang: warning: mismatch between architecture and environment in target triple 'aarch64-unknown-tantraos-eabi'; did you mean 'aarch64-none-elf'? [-Winvalid-command-line-argument]
warning: compiler_builtins@0.1.160: clang: warning: mismatch between architecture and environment in target triple 'aarch64-unknown-tantraos-eabi'; did you mean 'aarch64-none-elf'? [-Winvalid-command-line-argument]
warning: compiler_builtins@0.1.160: clang: warning: mismatch between architecture and environment in target triple 'aarch64-unknown-tantraos-eabi'; did you mean 'aarch64-none-elf'? [-Winvalid-command-line-argument]
warning: compiler_builtins@0.1.160: clang: warning: mismatch between architecture and environment in target triple 'aarch64-unknown-tantraos-eabi'; did you mean 'aarch64-none-elf'? [-Winvalid-command-line-argument]
warning: compiler_builtins@0.1.160: clang: warning: mismatch between architecture and environment in target triple 'aarch64-unknown-tantraos-eabi'; did you mean 'aarch64-none-elf'? [-Winvalid-command-line-argument]
warning: compiler_builtins@0.1.160: clang: warning: mismatch between architecture and environment in target triple 'aarch64-unknown-tantraos-eabi'; did you mean 'aarch64-none-elf'? [-Winvalid-command-line-argument]
warning: compiler_builtins@0.1.160: clang: warning: mismatch between architecture and environment in target triple 'aarch64-unknown-tantraos-eabi'; did you mean 'aarch64-none-elf'? [-Winvalid-command-line-argument]
warning: compiler_builtins@0.1.160: clang: warning: mismatch between architecture and environment in target triple 'aarch64-unknown-tantraos-eabi'; did you mean 'aarch64-none-elf'? [-Winvalid-command-line-argument]
warning: compiler_builtins@0.1.160: clang: warning: mismatch between architecture and environment in target triple 'aarch64-unknown-tantraos-eabi'; did you mean 'aarch64-none-elf'? [-Winvalid-command-line-argument]
warning: compiler_builtins@0.1.160: clang: warning: mismatch between architecture and environment in target triple 'aarch64-unknown-tantraos-eabi'; did you mean 'aarch64-none-elf'? [-Winvalid-command-line-argument]
warning: compiler_builtins@0.1.160: clang: warning: mismatch between architecture and environment in target triple 'aarch64-unknown-tantraos-eabi'; did you mean 'aarch64-none-elf'? [-Winvalid-command-line-argument]
warning: compiler_builtins@0.1.160: clang: warning: mismatch between architecture and environment in target triple 'aarch64-unknown-tantraos-eabi'; did you mean 'aarch64-none-elf'? [-Winvalid-command-line-argument]
warning: compiler_builtins@0.1.160: clang: warning: mismatch between architecture and environment in target triple 'aarch64-unknown-tantraos-eabi'; did you mean 'aarch64-none-elf'? [-Winvalid-command-line-argument]
warning: compiler_builtins@0.1.160: clang: warning: mismatch between architecture and environment in target triple 'aarch64-unknown-tantraos-eabi'; did you mean 'aarch64-none-elf'? [-Winvalid-command-line-argument]
warning: compiler_builtins@0.1.160: clang: warning: mismatch between architecture and environment in target triple 'aarch64-unknown-tantraos-eabi'; did you mean 'aarch64-none-elf'? [-Winvalid-command-line-argument]
warning: compiler_builtins@0.1.160: clang: warning: mismatch between architecture and environment in target triple 'aarch64-unknown-tantraos-eabi'; did you mean 'aarch64-none-elf'? [-Winvalid-command-line-argument]
warning: compiler_builtins@0.1.160: clang: warning: mismatch between architecture and environment in target triple 'aarch64-unknown-tantraos-eabi'; did you mean 'aarch64-none-elf'? [-Winvalid-command-line-argument]
warning: compiler_builtins@0.1.160: clang: warning: mismatch between architecture and environment in target triple 'aarch64-unknown-tantraos-eabi'; did you mean 'aarch64-none-elf'? [-Winvalid-command-line-argument]
warning: compiler_builtins@0.1.160: clang: warning: mismatch between architecture and environment in target triple 'aarch64-unknown-tantraos-eabi'; did you mean 'aarch64-none-elf'? [-Winvalid-command-line-argument]
warning: compiler_builtins@0.1.160: clang: warning: mismatch between architecture and environment in target triple 'aarch64-unknown-tantraos-eabi'; did you mean 'aarch64-none-elf'? [-Winvalid-command-line-argument]
warning: compiler_builtins@0.1.160: clang: warning: mismatch between architecture and environment in target triple 'aarch64-unknown-tantraos-eabi'; did you mean 'aarch64-none-elf'? [-Winvalid-command-line-argument]
warning: compiler_builtins@0.1.160: clang: warning: mismatch between architecture and environment in target triple 'aarch64-unknown-tantraos-eabi'; did you mean 'aarch64-none-elf'? [-Winvalid-command-line-argument]
warning: compiler_builtins@0.1.160: clang: warning: mismatch between architecture and environment in target triple 'aarch64-unknown-tantraos-eabi'; did you mean 'aarch64-none-elf'? [-Winvalid-command-line-argument]
warning: compiler_builtins@0.1.160: clang: warning: mismatch between architecture and environment in target triple 'aarch64-unknown-tantraos-eabi'; did you mean 'aarch64-none-elf'? [-Winvalid-command-line-argument]
warning: compiler_builtins@0.1.160: clang: warning: mismatch between architecture and environment in target triple 'aarch64-unknown-tantraos-eabi'; did you mean 'aarch64-none-elf'? [-Winvalid-command-line-argument]
warning: compiler_builtins@0.1.160: clang: warning: mismatch between architecture and environment in target triple 'aarch64-unknown-tantraos-eabi'; did you mean 'aarch64-none-elf'? [-Winvalid-command-line-argument]
warning: compiler_builtins@0.1.160: clang: warning: mismatch between architecture and environment in target triple 'aarch64-unknown-tantraos-eabi'; did you mean 'aarch64-none-elf'? [-Winvalid-command-line-argument]
warning: compiler_builtins@0.1.160: warning: /Applications/Xcode.app/Contents/Developer/Toolchains/XcodeDefault.xctoolchain/usr/bin/ranlib: archive library: /Users/girivs/src/rust-tantraos/build/aarch64-apple-darwin/stage1-std/aarch64-tantraos/debug/build/compiler_builtins-d931ed850ff3b322/out/libcompiler-rt.a the table of contents is empty (no object file members in the library define global symbols)
     Running `/Users/girivs/src/rust-tantraos/build/bootstrap/debug/rustc /Users/girivs/src/rust-tantraos/build/bootstrap/debug/rustc --crate-name compiler_builtins --edition=2024 library/compiler-builtins/compiler-builtins/src/lib.rs --error-format=json --json=diagnostic-rendered-ansi,artifacts,future-incompat --crate-type lib --emit=dep-info,metadata,link -C embed-bitcode=no -C codegen-units=16 -C debug-assertions=off --cfg 'feature="c"' --cfg 'feature="compiler-builtins"' --cfg 'feature="default"' --cfg 'feature="rustc-dep-of-std"' --check-cfg 'cfg(docsrs,test)' --check-cfg 'cfg(feature, values("c", "compiler-builtins", "default", "mangled-names", "mem", "no-asm", "no-f16-f128", "rustc-dep-of-std", "unstable-public-internals"))' -C metadata=8c533abcca71199d -C extra-filename=-fe7bb6a6db036198 --out-dir /Users/girivs/src/rust-tantraos/build/aarch64-apple-darwin/stage1-std/aarch64-tantraos/debug/deps --target aarch64-tantraos -C linker=rust-lld -L dependency=/Users/girivs/src/rust-tantraos/build/aarch64-apple-darwin/stage1-std/aarch64-tantraos/debug/deps -L dependency=/Users/girivs/src/rust-tantraos/build/aarch64-apple-darwin/stage1-std/debug/deps --extern core=/Users/girivs/src/rust-tantraos/build/aarch64-apple-darwin/stage1-std/aarch64-tantraos/debug/deps/libcore-c79bf7c8d33923f7.rmeta -Csymbol-mangling-version=legacy '--check-cfg=cfg(feature,values(any()))' -Zunstable-options -Zmacro-backtrace -Csplit-debuginfo=off -Cprefer-dynamic -Zinline-mir -Zinline-mir-preserve-debug -Zmir_strip_debuginfo=locals-in-tiny-functions -Clink-args=-Wl,-z,origin '-Clink-args=-Wl,-rpath,$ORIGIN/../lib' -Alinker-messages -Cembed-bitcode=yes -Clto=off -Zunstable-options -Cforce-frame-pointers=non-leaf '-Zcrate-attr=doc(html_root_url="https://doc.rust-lang.org/nightly/")' -Z binary-dep-depinfo -L native=/Users/girivs/src/rust-tantraos/build/aarch64-apple-darwin/stage1-std/aarch64-tantraos/debug/build/compiler_builtins-d931ed850ff3b322/out -l static=compiler-rt --cfg f16_enabled --cfg f128_enabled --cfg intrinsics_enabled --cfg arch_enabled --cfg 'feature="unstable-intrinsics"' --cfg 'feature="mem-unaligned"' --cfg '__aarch64_cas1_relax="optimized-c"' --cfg '__aarch64_cas1_acq="optimized-c"' --cfg '__aarch64_cas1_rel="optimized-c"' --cfg '__aarch64_cas1_acq_rel="optimized-c"' --cfg '__aarch64_cas2_relax="optimized-c"' --cfg '__aarch64_cas2_acq="optimized-c"' --cfg '__aarch64_cas2_rel="optimized-c"' --cfg '__aarch64_cas2_acq_rel="optimized-c"' --cfg '__aarch64_cas4_relax="optimized-c"' --cfg '__aarch64_cas4_acq="optimized-c"' --cfg '__aarch64_cas4_rel="optimized-c"' --cfg '__aarch64_cas4_acq_rel="optimized-c"' --cfg '__aarch64_cas8_relax="optimized-c"' --cfg '__aarch64_cas8_acq="optimized-c"' --cfg '__aarch64_cas8_rel="optimized-c"' --cfg '__aarch64_cas8_acq_rel="optimized-c"' --cfg '__aarch64_cas16_relax="optimized-c"' --cfg '__aarch64_cas16_acq="optimized-c"' --cfg '__aarch64_cas16_rel="optimized-c"' --cfg '__aarch64_cas16_acq_rel="optimized-c"' --cfg '__aarch64_swp1_relax="optimized-c"' --cfg '__aarch64_swp1_acq="optimized-c"' --cfg '__aarch64_swp1_rel="optimized-c"' --cfg '__aarch64_swp1_acq_rel="optimized-c"' --cfg '__aarch64_swp2_relax="optimized-c"' --cfg '__aarch64_swp2_acq="optimized-c"' --cfg '__aarch64_swp2_rel="optimized-c"' --cfg '__aarch64_swp2_acq_rel="optimized-c"' --cfg '__aarch64_swp4_relax="optimized-c"' --cfg '__aarch64_swp4_acq="optimized-c"' --cfg '__aarch64_swp4_rel="optimized-c"' --cfg '__aarch64_swp4_acq_rel="optimized-c"' --cfg '__aarch64_swp8_relax="optimized-c"' --cfg '__aarch64_swp8_acq="optimized-c"' --cfg '__aarch64_swp8_rel="optimized-c"' --cfg '__aarch64_swp8_acq_rel="optimized-c"' --cfg '__aarch64_ldadd1_relax="optimized-c"' --cfg '__aarch64_ldadd1_acq="optimized-c"' --cfg '__aarch64_ldadd1_rel="optimized-c"' --cfg '__aarch64_ldadd1_acq_rel="optimized-c"' --cfg '__aarch64_ldadd2_relax="optimized-c"' --cfg '__aarch64_ldadd2_acq="optimized-c"' --cfg '__aarch64_ldadd2_rel="optimized-c"' --cfg '__aarch64_ldadd2_acq_rel="optimized-c"' --cfg '__aarch64_ldadd4_relax="optimized-c"' --cfg '__aarch64_ldadd4_acq="optimized-c"' --cfg '__aarch64_ldadd4_rel="optimized-c"' --cfg '__aarch64_ldadd4_acq_rel="optimized-c"' --cfg '__aarch64_ldadd8_relax="optimized-c"' --cfg '__aarch64_ldadd8_acq="optimized-c"' --cfg '__aarch64_ldadd8_rel="optimized-c"' --cfg '__aarch64_ldadd8_acq_rel="optimized-c"' --cfg '__aarch64_ldclr1_relax="optimized-c"' --cfg '__aarch64_ldclr1_acq="optimized-c"' --cfg '__aarch64_ldclr1_rel="optimized-c"' --cfg '__aarch64_ldclr1_acq_rel="optimized-c"' --cfg '__aarch64_ldclr2_relax="optimized-c"' --cfg '__aarch64_ldclr2_acq="optimized-c"' --cfg '__aarch64_ldclr2_rel="optimized-c"' --cfg '__aarch64_ldclr2_acq_rel="optimized-c"' --cfg '__aarch64_ldclr4_relax="optimized-c"' --cfg '__aarch64_ldclr4_acq="optimized-c"' --cfg '__aarch64_ldclr4_rel="optimized-c"' --cfg '__aarch64_ldclr4_acq_rel="optimized-c"' --cfg '__aarch64_ldclr8_relax="optimized-c"' --cfg '__aarch64_ldclr8_acq="optimized-c"' --cfg '__aarch64_ldclr8_rel="optimized-c"' --cfg '__aarch64_ldclr8_acq_rel="optimized-c"' --cfg '__aarch64_ldeor1_relax="optimized-c"' --cfg '__aarch64_ldeor1_acq="optimized-c"' --cfg '__aarch64_ldeor1_rel="optimized-c"' --cfg '__aarch64_ldeor1_acq_rel="optimized-c"' --cfg '__aarch64_ldeor2_relax="optimized-c"' --cfg '__aarch64_ldeor2_acq="optimized-c"' --cfg '__aarch64_ldeor2_rel="optimized-c"' --cfg '__aarch64_ldeor2_acq_rel="optimized-c"' --cfg '__aarch64_ldeor4_relax="optimized-c"' --cfg '__aarch64_ldeor4_acq="optimized-c"' --cfg '__aarch64_ldeor4_rel="optimized-c"' --cfg '__aarch64_ldeor4_acq_rel="optimized-c"' --cfg '__aarch64_ldeor8_relax="optimized-c"' --cfg '__aarch64_ldeor8_acq="optimized-c"' --cfg '__aarch64_ldeor8_rel="optimized-c"' --cfg '__aarch64_ldeor8_acq_rel="optimized-c"' --cfg '__aarch64_ldset1_relax="optimized-c"' --cfg '__aarch64_ldset1_acq="optimized-c"' --cfg '__aarch64_ldset1_rel="optimized-c"' --cfg '__aarch64_ldset1_acq_rel="optimized-c"' --cfg '__aarch64_ldset2_relax="optimized-c"' --cfg '__aarch64_ldset2_acq="optimized-c"' --cfg '__aarch64_ldset2_rel="optimized-c"' --cfg '__aarch64_ldset2_acq_rel="optimized-c"' --cfg '__aarch64_ldset4_relax="optimized-c"' --cfg '__aarch64_ldset4_acq="optimized-c"' --cfg '__aarch64_ldset4_rel="optimized-c"' --cfg '__aarch64_ldset4_acq_rel="optimized-c"' --cfg '__aarch64_ldset8_relax="optimized-c"' --cfg '__aarch64_ldset8_acq="optimized-c"' --cfg '__aarch64_ldset8_rel="optimized-c"' --cfg '__aarch64_ldset8_acq_rel="optimized-c"' --cfg '__aarch64_have_lse_atomics="optimized-c"' --cfg '__absvdi2="optimized-c"' --cfg '__absvsi2="optimized-c"' --cfg '__absvti2="optimized-c"' --cfg '__addvdi3="optimized-c"' --cfg '__addvsi3="optimized-c"' --cfg '__addvti3="optimized-c"' --cfg '__cmpdi2="optimized-c"' --cfg '__cmpti2="optimized-c"' --cfg '__divdc3="optimized-c"' --cfg '__divsc3="optimized-c"' --cfg '__fe_getround="optimized-c"' --cfg '__fe_raise_inexact="optimized-c"' --cfg '__ffsti2="optimized-c"' --cfg '__int_util="optimized-c"' --cfg '__muldc3="optimized-c"' --cfg '__mulsc3="optimized-c"' --cfg '__multc3="optimized-c"' --cfg '__mulvdi3="optimized-c"' --cfg '__mulvsi3="optimized-c"' --cfg '__mulvti3="optimized-c"' --cfg '__negdf2="optimized-c"' --cfg '__negdi2="optimized-c"' --cfg '__negsf2="optimized-c"' --cfg '__negti2="optimized-c"' --cfg '__negvdi2="optimized-c"' --cfg '__negvsi2="optimized-c"' --cfg '__negvti2="optimized-c"' --cfg '__paritydi2="optimized-c"' --cfg '__paritysi2="optimized-c"' --cfg '__parityti2="optimized-c"' --cfg '__popcountdi2="optimized-c"' --cfg '__popcountsi2="optimized-c"' --cfg '__popcountti2="optimized-c"' --cfg '__subvdi3="optimized-c"' --cfg '__subvsi3="optimized-c"' --cfg '__subvti3="optimized-c"' --cfg '__ucmpdi2="optimized-c"' --cfg '__ucmpti2="optimized-c"' --check-cfg 'cfg(__ashldi3, values("optimized-c"))' --check-cfg 'cfg(__ashlsi3, values("optimized-c"))' --check-cfg 'cfg(__ashrdi3, values("optimized-c"))' --check-cfg 'cfg(__ashrsi3, values("optimized-c"))' --check-cfg 'cfg(__bswapsi2, values("optimized-c"))' --check-cfg 'cfg(__bswapdi2, values("optimized-c"))' --check-cfg 'cfg(__bswapti2, values("optimized-c"))' --check-cfg 'cfg(__divdi3, values("optimized-c"))' --check-cfg 'cfg(__divsi3, values("optimized-c"))' --check-cfg 'cfg(__divmoddi4, values("optimized-c"))' --check-cfg 'cfg(__divmodsi4, values("optimized-c"))' --check-cfg 'cfg(__divmodsi4, values("optimized-c"))' --check-cfg 'cfg(__divmodti4, values("optimized-c"))' --check-cfg 'cfg(__lshrdi3, values("optimized-c"))' --check-cfg 'cfg(__lshrsi3, values("optimized-c"))' --check-cfg 'cfg(__moddi3, values("optimized-c"))' --check-cfg 'cfg(__modsi3, values("optimized-c"))' --check-cfg 'cfg(__muldi3, values("optimized-c"))' --check-cfg 'cfg(__udivdi3, values("optimized-c"))' --check-cfg 'cfg(__udivmoddi4, values("optimized-c"))' --check-cfg 'cfg(__udivmodsi4, values("optimized-c"))' --check-cfg 'cfg(__udivsi3, values("optimized-c"))' --check-cfg 'cfg(__umoddi3, values("optimized-c"))' --check-cfg 'cfg(__umodsi3, values("optimized-c"))' --check-cfg 'cfg(__aarch64_cas1_relax, values("optimized-c"))' --check-cfg 'cfg(__aarch64_cas1_acq, values("optimized-c"))' --check-cfg 'cfg(__aarch64_cas1_rel, values("optimized-c"))' --check-cfg 'cfg(__aarch64_cas1_acq_rel, values("optimized-c"))' --check-cfg 'cfg(__aarch64_cas2_relax, values("optimized-c"))' --check-cfg 'cfg(__aarch64_cas2_acq, values("optimized-c"))' --check-cfg 'cfg(__aarch64_cas2_rel, values("optimized-c"))' --check-cfg 'cfg(__aarch64_cas2_acq_rel, values("optimized-c"))' --check-cfg 'cfg(__aarch64_cas4_relax, values("optimized-c"))' --check-cfg 'cfg(__aarch64_cas4_acq, values("optimized-c"))' --check-cfg 'cfg(__aarch64_cas4_rel, values("optimized-c"))' --check-cfg 'cfg(__aarch64_cas4_acq_rel, values("optimized-c"))' --check-cfg 'cfg(__aarch64_cas8_relax, values("optimized-c"))' --check-cfg 'cfg(__aarch64_cas8_acq, values("optimized-c"))' --check-cfg 'cfg(__aarch64_cas8_rel, values("optimized-c"))' --check-cfg 'cfg(__aarch64_cas8_acq_rel, values("optimized-c"))' --check-cfg 'cfg(__aarch64_cas16_relax, values("optimized-c"))' --check-cfg 'cfg(__aarch64_cas16_acq, values("optimized-c"))' --check-cfg 'cfg(__aarch64_cas16_rel, values("optimized-c"))' --check-cfg 'cfg(__aarch64_cas16_acq_rel, values("optimized-c"))' --check-cfg 'cfg(__aarch64_ldadd1_relax, values("optimized-c"))' --check-cfg 'cfg(__aarch64_ldadd1_acq, values("optimized-c"))' --check-cfg 'cfg(__aarch64_ldadd1_rel, values("optimized-c"))' --check-cfg 'cfg(__aarch64_ldadd1_acq_rel, values("optimized-c"))' --check-cfg 'cfg(__aarch64_ldadd2_relax, values("optimized-c"))' --check-cfg 'cfg(__aarch64_ldadd2_acq, values("optimized-c"))' --check-cfg 'cfg(__aarch64_ldadd2_rel, values("optimized-c"))' --check-cfg 'cfg(__aarch64_ldadd2_acq_rel, values("optimized-c"))' --check-cfg 'cfg(__aarch64_ldadd4_relax, values("optimized-c"))' --check-cfg 'cfg(__aarch64_ldadd4_acq, values("optimized-c"))' --check-cfg 'cfg(__aarch64_ldadd4_rel, values("optimized-c"))' --check-cfg 'cfg(__aarch64_ldadd4_acq_rel, values("optimized-c"))' --check-cfg 'cfg(__aarch64_ldadd8_relax, values("optimized-c"))' --check-cfg 'cfg(__aarch64_ldadd8_acq, values("optimized-c"))' --check-cfg 'cfg(__aarch64_ldadd8_rel, values("optimized-c"))' --check-cfg 'cfg(__aarch64_ldadd8_acq_rel, values("optimized-c"))' --check-cfg 'cfg(__aarch64_ldclr1_relax, values("optimized-c"))' --check-cfg 'cfg(__aarch64_ldclr1_acq, values("optimized-c"))' --check-cfg 'cfg(__aarch64_ldclr1_rel, values("optimized-c"))' --check-cfg 'cfg(__aarch64_ldclr1_acq_rel, values("optimized-c"))' --check-cfg 'cfg(__aarch64_ldclr2_relax, values("optimized-c"))' --check-cfg 'cfg(__aarch64_ldclr2_acq, values("optimized-c"))' --check-cfg 'cfg(__aarch64_ldclr2_rel, values("optimized-c"))' --check-cfg 'cfg(__aarch64_ldclr2_acq_rel, values("optimized-c"))' --check-cfg 'cfg(__aarch64_ldclr4_relax, values("optimized-c"))' --check-cfg 'cfg(__aarch64_ldclr4_acq, values("optimized-c"))' --check-cfg 'cfg(__aarch64_ldclr4_rel, values("optimized-c"))' --check-cfg 'cfg(__aarch64_ldclr4_acq_rel, values("optimized-c"))' --check-cfg 'cfg(__aarch64_ldclr8_relax, values("optimized-c"))' --check-cfg 'cfg(__aarch64_ldclr8_acq, values("optimized-c"))' --check-cfg 'cfg(__aarch64_ldclr8_rel, values("optimized-c"))' --check-cfg 'cfg(__aarch64_ldclr8_acq_rel, values("optimized-c"))' --check-cfg 'cfg(__aarch64_ldeor1_relax, values("optimized-c"))' --check-cfg 'cfg(__aarch64_ldeor1_acq, values("optimized-c"))' --check-cfg 'cfg(__aarch64_ldeor1_rel, values("optimized-c"))' --check-cfg 'cfg(__aarch64_ldeor1_acq_rel, values("optimized-c"))' --check-cfg 'cfg(__aarch64_ldeor2_relax, values("optimized-c"))' --check-cfg 'cfg(__aarch64_ldeor2_acq, values("optimized-c"))' --check-cfg 'cfg(__aarch64_ldeor2_rel, values("optimized-c"))' --check-cfg 'cfg(__aarch64_ldeor2_acq_rel, values("optimized-c"))' --check-cfg 'cfg(__aarch64_ldeor4_relax, values("optimized-c"))' --check-cfg 'cfg(__aarch64_ldeor4_acq, values("optimized-c"))' --check-cfg 'cfg(__aarch64_ldeor4_rel, values("optimized-c"))' --check-cfg 'cfg(__aarch64_ldeor4_acq_rel, values("optimized-c"))' --check-cfg 'cfg(__aarch64_ldeor8_relax, values("optimized-c"))' --check-cfg 'cfg(__aarch64_ldeor8_acq, values("optimized-c"))' --check-cfg 'cfg(__aarch64_ldeor8_rel, values("optimized-c"))' --check-cfg 'cfg(__aarch64_ldeor8_acq_rel, values("optimized-c"))' --check-cfg 'cfg(__aarch64_ldset1_relax, values("optimized-c"))' --check-cfg 'cfg(__aarch64_ldset1_acq, values("optimized-c"))' --check-cfg 'cfg(__aarch64_ldset1_rel, values("optimized-c"))' --check-cfg 'cfg(__aarch64_ldset1_acq_rel, values("optimized-c"))' --check-cfg 'cfg(__aarch64_ldset2_relax, values("optimized-c"))' --check-cfg 'cfg(__aarch64_ldset2_acq, values("optimized-c"))' --check-cfg 'cfg(__aarch64_ldset2_rel, values("optimized-c"))' --check-cfg 'cfg(__aarch64_ldset2_acq_rel, values("optimized-c"))' --check-cfg 'cfg(__aarch64_ldset4_relax, values("optimized-c"))' --check-cfg 'cfg(__aarch64_ldset4_acq, values("optimized-c"))' --check-cfg 'cfg(__aarch64_ldset4_rel, values("optimized-c"))' --check-cfg 'cfg(__aarch64_ldset4_acq_rel, values("optimized-c"))' --check-cfg 'cfg(__aarch64_ldset8_relax, values("optimized-c"))' --check-cfg 'cfg(__aarch64_ldset8_acq, values("optimized-c"))' --check-cfg 'cfg(__aarch64_ldset8_rel, values("optimized-c"))' --check-cfg 'cfg(__aarch64_ldset8_acq_rel, values("optimized-c"))' --check-cfg 'cfg(__aarch64_swp1_relax, values("optimized-c"))' --check-cfg 'cfg(__aarch64_swp1_acq, values("optimized-c"))' --check-cfg 'cfg(__aarch64_swp1_rel, values("optimized-c"))' --check-cfg 'cfg(__aarch64_swp1_acq_rel, values("optimized-c"))' --check-cfg 'cfg(__aarch64_swp2_relax, values("optimized-c"))' --check-cfg 'cfg(__aarch64_swp2_acq, values("optimized-c"))' --check-cfg 'cfg(__aarch64_swp2_rel, values("optimized-c"))' --check-cfg 'cfg(__aarch64_swp2_acq_rel, values("optimized-c"))' --check-cfg 'cfg(__aarch64_swp4_relax, values("optimized-c"))' --check-cfg 'cfg(__aarch64_swp4_acq, values("optimized-c"))' --check-cfg 'cfg(__aarch64_swp4_rel, values("optimized-c"))' --check-cfg 'cfg(__aarch64_swp4_acq_rel, values("optimized-c"))' --check-cfg 'cfg(__aarch64_swp8_relax, values("optimized-c"))' --check-cfg 'cfg(__aarch64_swp8_acq, values("optimized-c"))' --check-cfg 'cfg(__aarch64_swp8_rel, values("optimized-c"))' --check-cfg 'cfg(__aarch64_swp8_acq_rel, values("optimized-c"))' --check-cfg 'cfg(target_feature, values("vis3"))' --check-cfg 'cfg(feature, values("checked"))' --check-cfg 'cfg(assert_no_panic)' --check-cfg 'cfg(thumb)' --check-cfg 'cfg(thumb_1)' --check-cfg 'cfg(x86_no_sse)' --check-cfg 'cfg(f16_enabled)' --check-cfg 'cfg(f128_enabled)' --check-cfg 'cfg(intrinsics_enabled)' --check-cfg 'cfg(arch_enabled)' --check-cfg 'cfg(optimizations_enabled)' --check-cfg 'cfg(feature, values("unstable-public-internals"))' --check-cfg 'cfg(optimizations_enabled)' --check-cfg 'cfg(kernel_user_helpers)' --check-cfg 'cfg(feature, values("mem-unaligned"))'`
   Compiling rustc-std-workspace-core v1.99.0 (/Users/girivs/src/rust-tantraos/library/rustc-std-workspace-core)
   Compiling alloc v0.0.0 (/Users/girivs/src/rust-tantraos/library/alloc)
     Running `/Users/girivs/src/rust-tantraos/build/bootstrap/debug/rustc /Users/girivs/src/rust-tantraos/build/bootstrap/debug/rustc --crate-name rustc_std_workspace_core --edition=2024 library/rustc-std-workspace-core/lib.rs --error-format=json --json=diagnostic-rendered-ansi,artifacts,future-incompat --crate-type lib --emit=dep-info,metadata,link -C embed-bitcode=no -C codegen-units=16 -C debug-assertions=off --check-cfg 'cfg(docsrs,test)' --check-cfg 'cfg(feature, values())' -C metadata=f8147eca4c5497cf -C extra-filename=-9d5fe40ab18429fa --out-dir /Users/girivs/src/rust-tantraos/build/aarch64-apple-darwin/stage1-std/aarch64-tantraos/debug/deps --target aarch64-tantraos -C linker=rust-lld -L dependency=/Users/girivs/src/rust-tantraos/build/aarch64-apple-darwin/stage1-std/aarch64-tantraos/debug/deps -L dependency=/Users/girivs/src/rust-tantraos/build/aarch64-apple-darwin/stage1-std/debug/deps --extern 'priv:compiler_builtins=/Users/girivs/src/rust-tantraos/build/aarch64-apple-darwin/stage1-std/aarch64-tantraos/debug/deps/libcompiler_builtins-fe7bb6a6db036198.rmeta' --extern core=/Users/girivs/src/rust-tantraos/build/aarch64-apple-darwin/stage1-std/aarch64-tantraos/debug/deps/libcore-c79bf7c8d33923f7.rmeta -Z unstable-options -Csymbol-mangling-version=legacy '--check-cfg=cfg(feature,values(any()))' -Zunstable-options -Zmacro-backtrace -Csplit-debuginfo=off -Cprefer-dynamic -Zinline-mir -Zinline-mir-preserve-debug -Zmir_strip_debuginfo=locals-in-tiny-functions -Clink-args=-Wl,-z,origin '-Clink-args=-Wl,-rpath,$ORIGIN/../lib' -Alinker-messages -Cembed-bitcode=yes -Clto=off -Zunstable-options -Cforce-frame-pointers=non-leaf '-Zcrate-attr=doc(html_root_url="https://doc.rust-lang.org/nightly/")' -Z binary-dep-depinfo -L native=/Users/girivs/src/rust-tantraos/build/aarch64-apple-darwin/stage1-std/aarch64-tantraos/debug/build/compiler_builtins-d931ed850ff3b322/out`
     Running `/Users/girivs/src/rust-tantraos/build/bootstrap/debug/rustc /Users/girivs/src/rust-tantraos/build/bootstrap/debug/rustc --crate-name alloc --edition=2024 library/alloc/src/lib.rs --error-format=json --json=diagnostic-rendered-ansi,artifacts,future-incompat --crate-type lib --emit=dep-info,metadata,link -C embed-bitcode=no -C codegen-units=16 --warn=unexpected_cfgs --check-cfg 'cfg(no_global_oom_handling)' --check-cfg 'cfg(no_rc)' --check-cfg 'cfg(no_sync)' -C debug-assertions=off --cfg 'feature="compiler-builtins-c"' --check-cfg 'cfg(docsrs,test)' --check-cfg 'cfg(feature, values("compiler-builtins-c", "compiler-builtins-mem", "compiler-builtins-no-f16-f128", "optimize_for_size", "panic_immediate_abort"))' -C metadata=dda94609f2040c48 -C extra-filename=-8fb762d18e16146c --out-dir /Users/girivs/src/rust-tantraos/build/aarch64-apple-darwin/stage1-std/aarch64-tantraos/debug/deps --target aarch64-tantraos -C linker=rust-lld -L dependency=/Users/girivs/src/rust-tantraos/build/aarch64-apple-darwin/stage1-std/aarch64-tantraos/debug/deps -L dependency=/Users/girivs/src/rust-tantraos/build/aarch64-apple-darwin/stage1-std/debug/deps --extern 'priv:compiler_builtins=/Users/girivs/src/rust-tantraos/build/aarch64-apple-darwin/stage1-std/aarch64-tantraos/debug/deps/libcompiler_builtins-fe7bb6a6db036198.rmeta' --extern core=/Users/girivs/src/rust-tantraos/build/aarch64-apple-darwin/stage1-std/aarch64-tantraos/debug/deps/libcore-c79bf7c8d33923f7.rmeta -Z unstable-options -Csymbol-mangling-version=legacy '--check-cfg=cfg(feature,values(any()))' -Zunstable-options -Zmacro-backtrace -Csplit-debuginfo=off -Cprefer-dynamic -Zinline-mir -Zinline-mir-preserve-debug -Zmir_strip_debuginfo=locals-in-tiny-functions -Clink-args=-Wl,-z,origin '-Clink-args=-Wl,-rpath,$ORIGIN/../lib' -Alinker-messages -Cembed-bitcode=yes -Clto=off -Zunstable-options -Cforce-frame-pointers=non-leaf '-Zcrate-attr=doc(html_root_url="https://doc.rust-lang.org/nightly/")' -Z binary-dep-depinfo -L native=/Users/girivs/src/rust-tantraos/build/aarch64-apple-darwin/stage1-std/aarch64-tantraos/debug/build/compiler_builtins-d931ed850ff3b322/out`
   Compiling adler2 v2.0.1
   Compiling cfg-if v1.0.1
   Compiling rustc-demangle v0.1.26
   Compiling panic_abort v0.0.0 (/Users/girivs/src/rust-tantraos/library/panic_abort)
     Running `/Users/girivs/src/rust-tantraos/build/bootstrap/debug/rustc /Users/girivs/src/rust-tantraos/build/bootstrap/debug/rustc --crate-name adler2 --edition=2021 /Users/girivs/.cargo/registry/src/index.crates.io-1949cf8c6b5b557f/adler2-2.0.1/src/lib.rs --error-format=json --json=diagnostic-rendered-ansi,artifacts,future-incompat --crate-type lib --emit=dep-info,metadata,link -C embed-bitcode=no -C codegen-units=16 -C debug-assertions=off --cfg 'feature="core"' --cfg 'feature="rustc-dep-of-std"' --check-cfg 'cfg(docsrs,test)' --check-cfg 'cfg(feature, values("core", "default", "rustc-dep-of-std", "std"))' -C metadata=3ed755ad8644bb21 -C extra-filename=-0ab0deeec7ca570f --out-dir /Users/girivs/src/rust-tantraos/build/aarch64-apple-darwin/stage1-std/aarch64-tantraos/debug/deps --target aarch64-tantraos -C linker=rust-lld -L dependency=/Users/girivs/src/rust-tantraos/build/aarch64-apple-darwin/stage1-std/aarch64-tantraos/debug/deps -L dependency=/Users/girivs/src/rust-tantraos/build/aarch64-apple-darwin/stage1-std/debug/deps --extern core=/Users/girivs/src/rust-tantraos/build/aarch64-apple-darwin/stage1-std/aarch64-tantraos/debug/deps/librustc_std_workspace_core-9d5fe40ab18429fa.rmeta --cap-lints allow -Csymbol-mangling-version=legacy '--check-cfg=cfg(feature,values(any()))' -Zunstable-options -Zmacro-backtrace -Csplit-debuginfo=off -Cprefer-dynamic -Zinline-mir -Zinline-mir-preserve-debug -Zmir_strip_debuginfo=locals-in-tiny-functions -Clink-args=-Wl,-z,origin '-Clink-args=-Wl,-rpath,$ORIGIN/../lib' -Alinker-messages -Cembed-bitcode=yes -Clto=off -Zunstable-options -Cforce-frame-pointers=non-leaf '-Zcrate-attr=doc(html_root_url="https://doc.rust-lang.org/nightly/")' -Z binary-dep-depinfo -L native=/Users/girivs/src/rust-tantraos/build/aarch64-apple-darwin/stage1-std/aarch64-tantraos/debug/build/compiler_builtins-d931ed850ff3b322/out`
     Running `/Users/girivs/src/rust-tantraos/build/bootstrap/debug/rustc /Users/girivs/src/rust-tantraos/build/bootstrap/debug/rustc --crate-name libc --edition=2021 /Users/girivs/.cargo/registry/src/index.crates.io-1949cf8c6b5b557f/libc-0.2.175/src/lib.rs --error-format=json --json=diagnostic-rendered-ansi,artifacts,future-incompat --crate-type lib --emit=dep-info,metadata,link -C embed-bitcode=no -C codegen-units=16 '--allow=clippy::used_underscore_binding' --allow=unused_qualifications '--warn=clippy::unnecessary_semicolon' '--allow=clippy::unnecessary_cast' '--allow=clippy::uninlined_format_args' '--warn=clippy::ptr_as_ptr' '--allow=clippy::non_minimal_cfg' '--allow=clippy::missing_safety_doc' '--warn=clippy::map_unwrap_or' '--warn=clippy::manual_assert' '--allow=clippy::identity_op' '--warn=clippy::explicit_iter_loop' '--allow=clippy::expl_impl_clone_on_copy' -C debug-assertions=off --cfg 'feature="align"' --cfg 'feature="rustc-dep-of-std"' --cfg 'feature="rustc-std-workspace-core"' --check-cfg 'cfg(docsrs,test)' --check-cfg 'cfg(feature, values("align", "const-extern-fn", "default", "extra_traits", "rustc-dep-of-std", "rustc-std-workspace-core", "std", "use_std"))' -C metadata=eaf905f0f81b1de7 -C extra-filename=-1222b4726416f144 --out-dir /Users/girivs/src/rust-tantraos/build/aarch64-apple-darwin/stage1-std/aarch64-tantraos/debug/deps --target aarch64-tantraos -C linker=rust-lld -L dependency=/Users/girivs/src/rust-tantraos/build/aarch64-apple-darwin/stage1-std/aarch64-tantraos/debug/deps -L dependency=/Users/girivs/src/rust-tantraos/build/aarch64-apple-darwin/stage1-std/debug/deps --extern rustc_std_workspace_core=/Users/girivs/src/rust-tantraos/build/aarch64-apple-darwin/stage1-std/aarch64-tantraos/debug/deps/librustc_std_workspace_core-9d5fe40ab18429fa.rmeta --cap-lints allow -Csymbol-mangling-version=legacy '--check-cfg=cfg(feature,values(any()))' -Zunstable-options -Zmacro-backtrace -Csplit-debuginfo=off -Cprefer-dynamic -Zinline-mir -Zinline-mir-preserve-debug -Zmir_strip_debuginfo=locals-in-tiny-functions -Clink-args=-Wl,-z,origin '-Clink-args=-Wl,-rpath,$ORIGIN/../lib' -Alinker-messages -Cembed-bitcode=yes -Clto=off -Zunstable-options -Cforce-frame-pointers=non-leaf '-Zcrate-attr=doc(html_root_url="https://doc.rust-lang.org/nightly/")' -Z binary-dep-depinfo -L native=/Users/girivs/src/rust-tantraos/build/aarch64-apple-darwin/stage1-std/aarch64-tantraos/debug/build/compiler_builtins-d931ed850ff3b322/out --cfg freebsd12 --cfg libc_thread_local --cfg libc_const_extern_fn --check-cfg 'cfg(emscripten_old_stat_abi)' --check-cfg 'cfg(espidf_time32)' --check-cfg 'cfg(freebsd10)' --check-cfg 'cfg(freebsd11)' --check-cfg 'cfg(freebsd12)' --check-cfg 'cfg(freebsd13)' --check-cfg 'cfg(freebsd14)' --check-cfg 'cfg(freebsd15)' --check-cfg 'cfg(gnu_file_offset_bits64)' --check-cfg 'cfg(gnu_time_bits64)' --check-cfg 'cfg(libc_const_extern_fn)' --check-cfg 'cfg(libc_deny_warnings)' --check-cfg 'cfg(libc_thread_local)' --check-cfg 'cfg(libc_ctest)' --check-cfg 'cfg(linux_time_bits64)' --check-cfg 'cfg(musl_v1_2_3)' --check-cfg 'cfg(target_os,values("switch","aix","ohos","hurd","rtems","visionos","nuttx","cygwin"))' --check-cfg 'cfg(target_env,values("illumos","wasi","aix","ohos","nto71_iosock","nto80"))' --check-cfg 'cfg(target_arch,values("loongarch64","mips32r6","mips64r6","csky"))'`
     Running `/Users/girivs/src/rust-tantraos/build/bootstrap/debug/rustc /Users/girivs/src/rust-tantraos/build/bootstrap/debug/rustc --crate-name cfg_if --edition=2018 /Users/girivs/.cargo/registry/src/index.crates.io-1949cf8c6b5b557f/cfg-if-1.0.1/src/lib.rs --error-format=json --json=diagnostic-rendered-ansi,artifacts,future-incompat --crate-type lib --emit=dep-info,metadata,link -C embed-bitcode=no -C codegen-units=16 -C debug-assertions=off --cfg 'feature="core"' --cfg 'feature="rustc-dep-of-std"' --check-cfg 'cfg(docsrs,test)' --check-cfg 'cfg(feature, values("core", "rustc-dep-of-std"))' -C metadata=627378c0311a7c81 -C extra-filename=-784a8e5f691e46f6 --out-dir /Users/girivs/src/rust-tantraos/build/aarch64-apple-darwin/stage1-std/aarch64-tantraos/debug/deps --target aarch64-tantraos -C linker=rust-lld -L dependency=/Users/girivs/src/rust-tantraos/build/aarch64-apple-darwin/stage1-std/aarch64-tantraos/debug/deps -L dependency=/Users/girivs/src/rust-tantraos/build/aarch64-apple-darwin/stage1-std/debug/deps --extern core=/Users/girivs/src/rust-tantraos/build/aarch64-apple-darwin/stage1-std/aarch64-tantraos/debug/deps/librustc_std_workspace_core-9d5fe40ab18429fa.rmeta --cap-lints allow -Csymbol-mangling-version=legacy '--check-cfg=cfg(feature,values(any()))' -Zunstable-options -Zmacro-backtrace -Csplit-debuginfo=off -Cprefer-dynamic -Zinline-mir -Zinline-mir-preserve-debug -Zmir_strip_debuginfo=locals-in-tiny-functions -Clink-args=-Wl,-z,origin '-Clink-args=-Wl,-rpath,$ORIGIN/../lib' -Alinker-messages -Cembed-bitcode=yes -Clto=off -Zunstable-options -Cforce-frame-pointers=non-leaf '-Zcrate-attr=doc(html_root_url="https://doc.rust-lang.org/nightly/")' -Z binary-dep-depinfo -L native=/Users/girivs/src/rust-tantraos/build/aarch64-apple-darwin/stage1-std/aarch64-tantraos/debug/build/compiler_builtins-d931ed850ff3b322/out`
     Running `/Users/girivs/src/rust-tantraos/build/bootstrap/debug/rustc /Users/girivs/src/rust-tantraos/build/bootstrap/debug/rustc --crate-name rustc_demangle --edition=2015 /Users/girivs/.cargo/registry/src/index.crates.io-1949cf8c6b5b557f/rustc-demangle-0.1.26/src/lib.rs --error-format=json --json=diagnostic-rendered-ansi,artifacts,future-incompat --crate-type lib --emit=dep-info,metadata,link -C embed-bitcode=no -C codegen-units=16 -C debug-assertions=off --cfg 'feature="core"' --cfg 'feature="rustc-dep-of-std"' --check-cfg 'cfg(docsrs,test)' --check-cfg 'cfg(feature, values("compiler_builtins", "core", "rustc-dep-of-std", "std"))' -C metadata=e6fe8f9e2a6148c7 -C extra-filename=-3a44432d4fbc1700 --out-dir /Users/girivs/src/rust-tantraos/build/aarch64-apple-darwin/stage1-std/aarch64-tantraos/debug/deps --target aarch64-tantraos -C linker=rust-lld -L dependency=/Users/girivs/src/rust-tantraos/build/aarch64-apple-darwin/stage1-std/aarch64-tantraos/debug/deps -L dependency=/Users/girivs/src/rust-tantraos/build/aarch64-apple-darwin/stage1-std/debug/deps --extern core=/Users/girivs/src/rust-tantraos/build/aarch64-apple-darwin/stage1-std/aarch64-tantraos/debug/deps/librustc_std_workspace_core-9d5fe40ab18429fa.rmeta --cap-lints allow -Csymbol-mangling-version=legacy '--check-cfg=cfg(feature,values(any()))' -Zunstable-options -Zmacro-backtrace -Csplit-debuginfo=off -Cprefer-dynamic -Zinline-mir -Zinline-mir-preserve-debug -Zmir_strip_debuginfo=locals-in-tiny-functions -Clink-args=-Wl,-z,origin '-Clink-args=-Wl,-rpath,$ORIGIN/../lib' -Alinker-messages -Cembed-bitcode=yes -Clto=off -Zunstable-options -Cforce-frame-pointers=non-leaf '-Zcrate-attr=doc(html_root_url="https://doc.rust-lang.org/nightly/")' -Z binary-dep-depinfo -L native=/Users/girivs/src/rust-tantraos/build/aarch64-apple-darwin/stage1-std/aarch64-tantraos/debug/build/compiler_builtins-d931ed850ff3b322/out`
     Running `/Users/girivs/src/rust-tantraos/build/bootstrap/debug/rustc /Users/girivs/src/rust-tantraos/build/bootstrap/debug/rustc --crate-name panic_abort --edition=2024 library/panic_abort/src/lib.rs --error-format=json --json=diagnostic-rendered-ansi,artifacts,future-incompat --crate-type lib --emit=dep-info,metadata,link -C embed-bitcode=no -C codegen-units=16 -Cpanic=abort -C debug-assertions=off --check-cfg 'cfg(docsrs,test)' --check-cfg 'cfg(feature, values())' -C metadata=a4858c37665560ce -C extra-filename=-c072dd8ddcfb0bca --out-dir /Users/girivs/src/rust-tantraos/build/aarch64-apple-darwin/stage1-std/aarch64-tantraos/debug/deps --target aarch64-tantraos -C linker=rust-lld -C strip=debuginfo -L dependency=/Users/girivs/src/rust-tantraos/build/aarch64-apple-darwin/stage1-std/aarch64-tantraos/debug/deps -L dependency=/Users/girivs/src/rust-tantraos/build/aarch64-apple-darwin/stage1-std/debug/deps --extern core=/Users/girivs/src/rust-tantraos/build/aarch64-apple-darwin/stage1-std/aarch64-tantraos/debug/deps/librustc_std_workspace_core-9d5fe40ab18429fa.rmeta -Csymbol-mangling-version=legacy '--check-cfg=cfg(feature,values(any()))' -Zunstable-options -Zmacro-backtrace -Csplit-debuginfo=off -Cprefer-dynamic -Zinline-mir -Zinline-mir-preserve-debug -Zmir_strip_debuginfo=locals-in-tiny-functions -Clink-args=-Wl,-z,origin '-Clink-args=-Wl,-rpath,$ORIGIN/../lib' -Alinker-messages -Cembed-bitcode=yes -Clto=off -Zunstable-options -Cforce-frame-pointers=non-leaf '-Zcrate-attr=doc(html_root_url="https://doc.rust-lang.org/nightly/")' -Z binary-dep-depinfo -L native=/Users/girivs/src/rust-tantraos/build/aarch64-apple-darwin/stage1-std/aarch64-tantraos/debug/build/compiler_builtins-d931ed850ff3b322/out`
   Compiling unwind v0.0.0 (/Users/girivs/src/rust-tantraos/library/unwind)
     Running `/Users/girivs/src/rust-tantraos/build/bootstrap/debug/rustc /Users/girivs/src/rust-tantraos/build/bootstrap/debug/rustc --crate-name unwind --edition=2024 library/unwind/src/lib.rs --error-format=json --json=diagnostic-rendered-ansi,artifacts,future-incompat --crate-type lib --emit=dep-info,metadata,link -C embed-bitcode=no -C codegen-units=16 --warn=unexpected_cfgs --check-cfg 'cfg(emscripten_wasm_eh)' --check-cfg 'cfg(target_arch, values("loongarch32"))' -C debug-assertions=off --check-cfg 'cfg(docsrs,test)' --check-cfg 'cfg(feature, values("llvm-libunwind", "system-llvm-libunwind"))' -C metadata=56c45621158a099b -C extra-filename=-d7e29ab6eb738d82 --out-dir /Users/girivs/src/rust-tantraos/build/aarch64-apple-darwin/stage1-std/aarch64-tantraos/debug/deps --target aarch64-tantraos -C linker=rust-lld -L dependency=/Users/girivs/src/rust-tantraos/build/aarch64-apple-darwin/stage1-std/aarch64-tantraos/debug/deps -L dependency=/Users/girivs/src/rust-tantraos/build/aarch64-apple-darwin/stage1-std/debug/deps --extern libc=/Users/girivs/src/rust-tantraos/build/aarch64-apple-darwin/stage1-std/aarch64-tantraos/debug/deps/liblibc-1222b4726416f144.rmeta --extern core=/Users/girivs/src/rust-tantraos/build/aarch64-apple-darwin/stage1-std/aarch64-tantraos/debug/deps/librustc_std_workspace_core-9d5fe40ab18429fa.rmeta -Csymbol-mangling-version=legacy '--check-cfg=cfg(feature,values(any()))' -Zunstable-options -Zmacro-backtrace -Csplit-debuginfo=off -Cprefer-dynamic -Zinline-mir -Zinline-mir-preserve-debug -Zmir_strip_debuginfo=locals-in-tiny-functions -Clink-args=-Wl,-z,origin '-Clink-args=-Wl,-rpath,$ORIGIN/../lib' -Alinker-messages -Cembed-bitcode=yes -Clto=off -Zunstable-options -Cforce-frame-pointers=non-leaf '-Zcrate-attr=doc(html_root_url="https://doc.rust-lang.org/nightly/")' -Z binary-dep-depinfo -L native=/Users/girivs/src/rust-tantraos/build/aarch64-apple-darwin/stage1-std/aarch64-tantraos/debug/build/compiler_builtins-d931ed850ff3b322/out`
   Compiling rustc-std-workspace-alloc v1.99.0 (/Users/girivs/src/rust-tantraos/library/rustc-std-workspace-alloc)
   Compiling panic_unwind v0.0.0 (/Users/girivs/src/rust-tantraos/library/panic_unwind)
     Running `/Users/girivs/src/rust-tantraos/build/bootstrap/debug/rustc /Users/girivs/src/rust-tantraos/build/bootstrap/debug/rustc --crate-name rustc_std_workspace_alloc --edition=2024 library/rustc-std-workspace-alloc/lib.rs --error-format=json --json=diagnostic-rendered-ansi,artifacts,future-incompat --crate-type lib --emit=dep-info,metadata,link -C embed-bitcode=no -C codegen-units=16 -C debug-assertions=off --check-cfg 'cfg(docsrs,test)' --check-cfg 'cfg(feature, values())' -C metadata=f325101387e128e7 -C extra-filename=-aa1d672ecf267ec8 --out-dir /Users/girivs/src/rust-tantraos/build/aarch64-apple-darwin/stage1-std/aarch64-tantraos/debug/deps --target aarch64-tantraos -C linker=rust-lld -L dependency=/Users/girivs/src/rust-tantraos/build/aarch64-apple-darwin/stage1-std/aarch64-tantraos/debug/deps -L dependency=/Users/girivs/src/rust-tantraos/build/aarch64-apple-darwin/stage1-std/debug/deps --extern alloc=/Users/girivs/src/rust-tantraos/build/aarch64-apple-darwin/stage1-std/aarch64-tantraos/debug/deps/liballoc-8fb762d18e16146c.rmeta -Csymbol-mangling-version=legacy '--check-cfg=cfg(feature,values(any()))' -Zunstable-options -Zmacro-backtrace -Csplit-debuginfo=off -Cprefer-dynamic -Zinline-mir -Zinline-mir-preserve-debug -Zmir_strip_debuginfo=locals-in-tiny-functions -Clink-args=-Wl,-z,origin '-Clink-args=-Wl,-rpath,$ORIGIN/../lib' -Alinker-messages -Cembed-bitcode=yes -Clto=off -Zunstable-options -Cforce-frame-pointers=non-leaf '-Zcrate-attr=doc(html_root_url="https://doc.rust-lang.org/nightly/")' -Z binary-dep-depinfo -L native=/Users/girivs/src/rust-tantraos/build/aarch64-apple-darwin/stage1-std/aarch64-tantraos/debug/build/compiler_builtins-d931ed850ff3b322/out`
     Running `/Users/girivs/src/rust-tantraos/build/bootstrap/debug/rustc /Users/girivs/src/rust-tantraos/build/bootstrap/debug/rustc --crate-name panic_unwind --edition=2024 library/panic_unwind/src/lib.rs --error-format=json --json=diagnostic-rendered-ansi,artifacts,future-incompat --crate-type lib --emit=dep-info,metadata,link -C embed-bitcode=no -C codegen-units=16 --warn=unexpected_cfgs --check-cfg 'cfg(emscripten_wasm_eh)' -C debug-assertions=off --check-cfg 'cfg(docsrs,test)' --check-cfg 'cfg(feature, values())' -C metadata=1db143a80da61328 -C extra-filename=-5c09c4aaa7816b40 --out-dir /Users/girivs/src/rust-tantraos/build/aarch64-apple-darwin/stage1-std/aarch64-tantraos/debug/deps --target aarch64-tantraos -C linker=rust-lld -L dependency=/Users/girivs/src/rust-tantraos/build/aarch64-apple-darwin/stage1-std/aarch64-tantraos/debug/deps -L dependency=/Users/girivs/src/rust-tantraos/build/aarch64-apple-darwin/stage1-std/debug/deps --extern alloc=/Users/girivs/src/rust-tantraos/build/aarch64-apple-darwin/stage1-std/aarch64-tantraos/debug/deps/liballoc-8fb762d18e16146c.rmeta --extern libc=/Users/girivs/src/rust-tantraos/build/aarch64-apple-darwin/stage1-std/aarch64-tantraos/debug/deps/liblibc-1222b4726416f144.rmeta --extern core=/Users/girivs/src/rust-tantraos/build/aarch64-apple-darwin/stage1-std/aarch64-tantraos/debug/deps/librustc_std_workspace_core-9d5fe40ab18429fa.rmeta --extern unwind=/Users/girivs/src/rust-tantraos/build/aarch64-apple-darwin/stage1-std/aarch64-tantraos/debug/deps/libunwind-d7e29ab6eb738d82.rmeta -Csymbol-mangling-version=legacy '--check-cfg=cfg(feature,values(any()))' -Zunstable-options -Zmacro-backtrace -Csplit-debuginfo=off -Cprefer-dynamic -Zinline-mir -Zinline-mir-preserve-debug -Zmir_strip_debuginfo=locals-in-tiny-functions -Clink-args=-Wl,-z,origin '-Clink-args=-Wl,-rpath,$ORIGIN/../lib' -Alinker-messages -Cembed-bitcode=yes -Clto=off -Zunstable-options -Cforce-frame-pointers=non-leaf '-Zcrate-attr=doc(html_root_url="https://doc.rust-lang.org/nightly/")' -Z binary-dep-depinfo -L native=/Users/girivs/src/rust-tantraos/build/aarch64-apple-darwin/stage1-std/aarch64-tantraos/debug/build/compiler_builtins-d931ed850ff3b322/out`
   Compiling gimli v0.32.0
   Compiling miniz_oxide v0.8.9
   Compiling hashbrown v0.15.5
   Compiling std_detect v0.1.5 (/Users/girivs/src/rust-tantraos/library/std_detect)
     Running `/Users/girivs/src/rust-tantraos/build/bootstrap/debug/rustc /Users/girivs/src/rust-tantraos/build/bootstrap/debug/rustc --crate-name gimli --edition=2018 /Users/girivs/.cargo/registry/src/index.crates.io-1949cf8c6b5b557f/gimli-0.32.0/src/lib.rs --error-format=json --json=diagnostic-rendered-ansi,artifacts,future-incompat --crate-type lib --emit=dep-info,metadata,link -C embed-bitcode=no -C codegen-units=16 -C debug-assertions=off --cfg 'feature="read"' --cfg 'feature="read-core"' --cfg 'feature="rustc-dep-of-std"' --check-cfg 'cfg(docsrs,test)' --check-cfg 'cfg(feature, values("default", "endian-reader", "fallible-iterator", "read", "read-all", "read-core", "rustc-dep-of-std", "std", "write"))' -C metadata=77f124e534911916 -C extra-filename=-5a268729eb9f3884 --out-dir /Users/girivs/src/rust-tantraos/build/aarch64-apple-darwin/stage1-std/aarch64-tantraos/debug/deps --target aarch64-tantraos -C linker=rust-lld -L dependency=/Users/girivs/src/rust-tantraos/build/aarch64-apple-darwin/stage1-std/aarch64-tantraos/debug/deps -L dependency=/Users/girivs/src/rust-tantraos/build/aarch64-apple-darwin/stage1-std/debug/deps --extern alloc=/Users/girivs/src/rust-tantraos/build/aarch64-apple-darwin/stage1-std/aarch64-tantraos/debug/deps/librustc_std_workspace_alloc-aa1d672ecf267ec8.rmeta --extern core=/Users/girivs/src/rust-tantraos/build/aarch64-apple-darwin/stage1-std/aarch64-tantraos/debug/deps/librustc_std_workspace_core-9d5fe40ab18429fa.rmeta --cap-lints allow -Csymbol-mangling-version=legacy '--check-cfg=cfg(feature,values(any()))' -Zunstable-options -Zmacro-backtrace -Csplit-debuginfo=off -Cprefer-dynamic -Zinline-mir -Zinline-mir-preserve-debug -Zmir_strip_debuginfo=locals-in-tiny-functions -Clink-args=-Wl,-z,origin '-Clink-args=-Wl,-rpath,$ORIGIN/../lib' -Alinker-messages -Cembed-bitcode=yes -Clto=off -Zunstable-options -Cforce-frame-pointers=non-leaf '-Zcrate-attr=doc(html_root_url="https://doc.rust-lang.org/nightly/")' -Z binary-dep-depinfo -L native=/Users/girivs/src/rust-tantraos/build/aarch64-apple-darwin/stage1-std/aarch64-tantraos/debug/build/compiler_builtins-d931ed850ff3b322/out`
     Running `/Users/girivs/src/rust-tantraos/build/bootstrap/debug/rustc /Users/girivs/src/rust-tantraos/build/bootstrap/debug/rustc --crate-name miniz_oxide --edition=2021 /Users/girivs/.cargo/registry/src/index.crates.io-1949cf8c6b5b557f/miniz_oxide-0.8.9/src/lib.rs --error-format=json --json=diagnostic-rendered-ansi,artifacts,future-incompat --crate-type lib --emit=dep-info,metadata,link -C embed-bitcode=no -C codegen-units=16 --warn=unexpected_cfgs --check-cfg 'cfg(fuzzing)' -C debug-assertions=off --cfg 'feature="alloc"' --cfg 'feature="core"' --cfg 'feature="rustc-dep-of-std"' --check-cfg 'cfg(docsrs,test)' --check-cfg 'cfg(feature, values("alloc", "block-boundary", "core", "default", "rustc-dep-of-std", "serde", "simd", "simd-adler32", "std", "with-alloc"))' -C metadata=4b014971044c9c2c -C extra-filename=-cab8d4bb0752dd80 --out-dir /Users/girivs/src/rust-tantraos/build/aarch64-apple-darwin/stage1-std/aarch64-tantraos/debug/deps --target aarch64-tantraos -C linker=rust-lld -L dependency=/Users/girivs/src/rust-tantraos/build/aarch64-apple-darwin/stage1-std/aarch64-tantraos/debug/deps -L dependency=/Users/girivs/src/rust-tantraos/build/aarch64-apple-darwin/stage1-std/debug/deps --extern adler2=/Users/girivs/src/rust-tantraos/build/aarch64-apple-darwin/stage1-std/aarch64-tantraos/debug/deps/libadler2-0ab0deeec7ca570f.rmeta --extern alloc=/Users/girivs/src/rust-tantraos/build/aarch64-apple-darwin/stage1-std/aarch64-tantraos/debug/deps/librustc_std_workspace_alloc-aa1d672ecf267ec8.rmeta --extern core=/Users/girivs/src/rust-tantraos/build/aarch64-apple-darwin/stage1-std/aarch64-tantraos/debug/deps/librustc_std_workspace_core-9d5fe40ab18429fa.rmeta --cap-lints allow -Csymbol-mangling-version=legacy '--check-cfg=cfg(feature,values(any()))' -Zunstable-options -Zmacro-backtrace -Csplit-debuginfo=off -Cprefer-dynamic -Zinline-mir -Zinline-mir-preserve-debug -Zmir_strip_debuginfo=locals-in-tiny-functions -Clink-args=-Wl,-z,origin '-Clink-args=-Wl,-rpath,$ORIGIN/../lib' -Alinker-messages -Cembed-bitcode=yes -Clto=off -Zunstable-options -Cforce-frame-pointers=non-leaf '-Zcrate-attr=doc(html_root_url="https://doc.rust-lang.org/nightly/")' -Z binary-dep-depinfo -L native=/Users/girivs/src/rust-tantraos/build/aarch64-apple-darwin/stage1-std/aarch64-tantraos/debug/build/compiler_builtins-d931ed850ff3b322/out`
     Running `/Users/girivs/src/rust-tantraos/build/bootstrap/debug/rustc /Users/girivs/src/rust-tantraos/build/bootstrap/debug/rustc --crate-name hashbrown --edition=2021 /Users/girivs/.cargo/registry/src/index.crates.io-1949cf8c6b5b557f/hashbrown-0.15.5/src/lib.rs --error-format=json --json=diagnostic-rendered-ansi,artifacts,future-incompat --crate-type lib --emit=dep-info,metadata,link -C embed-bitcode=no -C codegen-units=16 -C debug-assertions=off --cfg 'feature="alloc"' --cfg 'feature="core"' --cfg 'feature="nightly"' --cfg 'feature="rustc-dep-of-std"' --cfg 'feature="rustc-internal-api"' --check-cfg 'cfg(docsrs,test)' --check-cfg 'cfg(feature, values("alloc", "allocator-api2", "core", "default", "default-hasher", "equivalent", "inline-more", "nightly", "raw-entry", "rayon", "rustc-dep-of-std", "rustc-internal-api", "serde"))' -C metadata=b06c90232932769d -C extra-filename=-5e9b3aafb8de9793 --out-dir /Users/girivs/src/rust-tantraos/build/aarch64-apple-darwin/stage1-std/aarch64-tantraos/debug/deps --target aarch64-tantraos -C linker=rust-lld -L dependency=/Users/girivs/src/rust-tantraos/build/aarch64-apple-darwin/stage1-std/aarch64-tantraos/debug/deps -L dependency=/Users/girivs/src/rust-tantraos/build/aarch64-apple-darwin/stage1-std/debug/deps --extern alloc=/Users/girivs/src/rust-tantraos/build/aarch64-apple-darwin/stage1-std/aarch64-tantraos/debug/deps/librustc_std_workspace_alloc-aa1d672ecf267ec8.rmeta --extern core=/Users/girivs/src/rust-tantraos/build/aarch64-apple-darwin/stage1-std/aarch64-tantraos/debug/deps/librustc_std_workspace_core-9d5fe40ab18429fa.rmeta --cap-lints allow -Csymbol-mangling-version=legacy '--check-cfg=cfg(feature,values(any()))' -Zunstable-options -Zmacro-backtrace -Csplit-debuginfo=off -Cprefer-dynamic -Zinline-mir -Zinline-mir-preserve-debug -Zmir_strip_debuginfo=locals-in-tiny-functions -Clink-args=-Wl,-z,origin '-Clink-args=-Wl,-rpath,$ORIGIN/../lib' -Alinker-messages -Cembed-bitcode=yes -Clto=off -Zunstable-options -Cforce-frame-pointers=non-leaf '-Zcrate-attr=doc(html_root_url="https://doc.rust-lang.org/nightly/")' -Z binary-dep-depinfo -L native=/Users/girivs/src/rust-tantraos/build/aarch64-apple-darwin/stage1-std/aarch64-tantraos/debug/build/compiler_builtins-d931ed850ff3b322/out`
     Running `/Users/girivs/src/rust-tantraos/build/bootstrap/debug/rustc /Users/girivs/src/rust-tantraos/build/bootstrap/debug/rustc --crate-name std_detect --edition=2024 library/std_detect/src/lib.rs --error-format=json --json=diagnostic-rendered-ansi,artifacts,future-incompat --crate-type lib --emit=dep-info,metadata,link -C embed-bitcode=no -C codegen-units=16 -C debug-assertions=off --cfg 'feature="default"' --cfg 'feature="libc"' --cfg 'feature="std_detect_dlsym_getauxval"' --cfg 'feature="std_detect_file_io"' --check-cfg 'cfg(docsrs,test)' --check-cfg 'cfg(feature, values("default", "libc", "std_detect_dlsym_getauxval", "std_detect_env_override", "std_detect_file_io"))' -C metadata=0604f766f37bf116 -C extra-filename=-a89b208fc07751e7 --out-dir /Users/girivs/src/rust-tantraos/build/aarch64-apple-darwin/stage1-std/aarch64-tantraos/debug/deps --target aarch64-tantraos -C linker=rust-lld -L dependency=/Users/girivs/src/rust-tantraos/build/aarch64-apple-darwin/stage1-std/aarch64-tantraos/debug/deps -L dependency=/Users/girivs/src/rust-tantraos/build/aarch64-apple-darwin/stage1-std/debug/deps --extern libc=/Users/girivs/src/rust-tantraos/build/aarch64-apple-darwin/stage1-std/aarch64-tantraos/debug/deps/liblibc-1222b4726416f144.rmeta --extern alloc=/Users/girivs/src/rust-tantraos/build/aarch64-apple-darwin/stage1-std/aarch64-tantraos/debug/deps/librustc_std_workspace_alloc-aa1d672ecf267ec8.rmeta --extern core=/Users/girivs/src/rust-tantraos/build/aarch64-apple-darwin/stage1-std/aarch64-tantraos/debug/deps/librustc_std_workspace_core-9d5fe40ab18429fa.rmeta -Csymbol-mangling-version=legacy '--check-cfg=cfg(feature,values(any()))' -Zunstable-options -Zmacro-backtrace -Csplit-debuginfo=off -Cprefer-dynamic -Zinline-mir -Zinline-mir-preserve-debug -Zmir_strip_debuginfo=locals-in-tiny-functions -Clink-args=-Wl,-z,origin '-Clink-args=-Wl,-rpath,$ORIGIN/../lib' -Alinker-messages -Cembed-bitcode=yes -Clto=off -Zunstable-options -Cforce-frame-pointers=non-leaf '-Zcrate-attr=doc(html_root_url="https://doc.rust-lang.org/nightly/")' -Z binary-dep-depinfo -L native=/Users/girivs/src/rust-tantraos/build/aarch64-apple-darwin/stage1-std/aarch64-tantraos/debug/build/compiler_builtins-d931ed850ff3b322/out`
   Compiling addr2line v0.25.0
     Running `/Users/girivs/src/rust-tantraos/build/bootstrap/debug/rustc /Users/girivs/src/rust-tantraos/build/bootstrap/debug/rustc --crate-name addr2line --edition=2018 /Users/girivs/.cargo/registry/src/index.crates.io-1949cf8c6b5b557f/addr2line-0.25.0/src/lib.rs --error-format=json --json=diagnostic-rendered-ansi,artifacts,future-incompat --crate-type lib --emit=dep-info,metadata,link -C embed-bitcode=no -C codegen-units=16 -C debug-assertions=off --cfg 'feature="alloc"' --cfg 'feature="core"' --cfg 'feature="rustc-dep-of-std"' --check-cfg 'cfg(docsrs,test)' --check-cfg 'cfg(feature, values("all", "alloc", "bin", "cargo-all", "core", "cpp_demangle", "default", "fallible-iterator", "loader", "rustc-demangle", "rustc-dep-of-std", "smallvec", "std", "wasm"))' -C metadata=f37e37ca69576aef -C extra-filename=-bbf4fedd132a9d5e --out-dir /Users/girivs/src/rust-tantraos/build/aarch64-apple-darwin/stage1-std/aarch64-tantraos/debug/deps --target aarch64-tantraos -C linker=rust-lld -L dependency=/Users/girivs/src/rust-tantraos/build/aarch64-apple-darwin/stage1-std/aarch64-tantraos/debug/deps -L dependency=/Users/girivs/src/rust-tantraos/build/aarch64-apple-darwin/stage1-std/debug/deps --extern gimli=/Users/girivs/src/rust-tantraos/build/aarch64-apple-darwin/stage1-std/aarch64-tantraos/debug/deps/libgimli-5a268729eb9f3884.rmeta --extern alloc=/Users/girivs/src/rust-tantraos/build/aarch64-apple-darwin/stage1-std/aarch64-tantraos/debug/deps/librustc_std_workspace_alloc-aa1d672ecf267ec8.rmeta --extern core=/Users/girivs/src/rust-tantraos/build/aarch64-apple-darwin/stage1-std/aarch64-tantraos/debug/deps/librustc_std_workspace_core-9d5fe40ab18429fa.rmeta --cap-lints allow -Csymbol-mangling-version=legacy '--check-cfg=cfg(feature,values(any()))' -Zunstable-options -Zmacro-backtrace -Csplit-debuginfo=off -Cprefer-dynamic -Zinline-mir -Zinline-mir-preserve-debug -Zmir_strip_debuginfo=locals-in-tiny-functions -Clink-args=-Wl,-z,origin '-Clink-args=-Wl,-rpath,$ORIGIN/../lib' -Alinker-messages -Cembed-bitcode=yes -Clto=off -Zunstable-options -Cforce-frame-pointers=non-leaf '-Zcrate-attr=doc(html_root_url="https://doc.rust-lang.org/nightly/")' -Z binary-dep-depinfo -L native=/Users/girivs/src/rust-tantraos/build/aarch64-apple-darwin/stage1-std/aarch64-tantraos/debug/build/compiler_builtins-d931ed850ff3b322/out`
     Running `/Users/girivs/src/rust-tantraos/build/bootstrap/debug/rustc /Users/girivs/src/rust-tantraos/build/bootstrap/debug/rustc --crate-name std --edition=2024 library/std/src/lib.rs --error-format=json --json=diagnostic-rendered-ansi,artifacts,future-incompat --crate-type dylib --crate-type rlib --emit=dep-info,link -C embed-bitcode=no -C codegen-units=16 --warn=unexpected_cfgs --check-cfg 'cfg(feature, values(any()))' --check-cfg 'cfg(target_has_reliable_f16)' --check-cfg 'cfg(target_has_reliable_f16_math)' --check-cfg 'cfg(target_has_reliable_f128)' --check-cfg 'cfg(target_has_reliable_f128_math)' -C debug-assertions=off --cfg 'feature="addr2line"' --cfg 'feature="backtrace"' --cfg 'feature="compiler-builtins-c"' --cfg 'feature="miniz_oxide"' --cfg 'feature="object"' --cfg 'feature="panic-unwind"' --cfg 'feature="std_detect_dlsym_getauxval"' --cfg 'feature="std_detect_file_io"' --check-cfg 'cfg(docsrs,test)' --check-cfg 'cfg(feature, values("addr2line", "backtrace", "backtrace-trace-only", "compiler-builtins-c", "compiler-builtins-mem", "compiler-builtins-no-f16-f128", "debug_refcell", "llvm-libunwind", "miniz_oxide", "object", "optimize_for_size", "panic-unwind", "panic_immediate_abort", "std_detect_dlsym_getauxval", "std_detect_file_io", "system-llvm-libunwind", "windows_raw_dylib"))' -C metadata=6dd0270340f90505 -C extra-filename=-7e5bfba75491c467 --out-dir /Users/girivs/src/rust-tantraos/build/aarch64-apple-darwin/stage1-std/aarch64-tantraos/debug/deps --target aarch64-tantraos -C linker=rust-lld -L dependency=/Users/girivs/src/rust-tantraos/build/aarch64-apple-darwin/stage1-std/aarch64-tantraos/debug/deps -L dependency=/Users/girivs/src/rust-tantraos/build/aarch64-apple-darwin/stage1-std/debug/deps --extern 'priv:addr2line=/Users/girivs/src/rust-tantraos/build/aarch64-apple-darwin/stage1-std/aarch64-tantraos/debug/deps/libaddr2line-bbf4fedd132a9d5e.rlib' --extern alloc=/Users/girivs/src/rust-tantraos/build/aarch64-apple-darwin/stage1-std/aarch64-tantraos/debug/deps/liballoc-8fb762d18e16146c.rlib --extern 'priv:cfg_if=/Users/girivs/src/rust-tantraos/build/aarch64-apple-darwin/stage1-std/aarch64-tantraos/debug/deps/libcfg_if-784a8e5f691e46f6.rlib' --extern core=/Users/girivs/src/rust-tantraos/build/aarch64-apple-darwin/stage1-std/aarch64-tantraos/debug/deps/libcore-c79bf7c8d33923f7.rlib --extern 'priv:hashbrown=/Users/girivs/src/rust-tantraos/build/aarch64-apple-darwin/stage1-std/aarch64-tantraos/debug/deps/libhashbrown-5e9b3aafb8de9793.rlib' --extern 'priv:miniz_oxide=/Users/girivs/src/rust-tantraos/build/aarch64-apple-darwin/stage1-std/aarch64-tantraos/debug/deps/libminiz_oxide-cab8d4bb0752dd80.rlib' --extern 'priv:panic_abort=/Users/girivs/src/rust-tantraos/build/aarch64-apple-darwin/stage1-std/aarch64-tantraos/debug/deps/libpanic_abort-c072dd8ddcfb0bca.rlib' --extern 'priv:panic_unwind=/Users/girivs/src/rust-tantraos/build/aarch64-apple-darwin/stage1-std/aarch64-tantraos/debug/deps/libpanic_unwind-5c09c4aaa7816b40.rlib' --extern 'priv:rustc_demangle=/Users/girivs/src/rust-tantraos/build/aarch64-apple-darwin/stage1-std/aarch64-tantraos/debug/deps/librustc_demangle-3a44432d4fbc1700.rlib' --extern std_detect=/Users/girivs/src/rust-tantraos/build/aarch64-apple-darwin/stage1-std/aarch64-tantraos/debug/deps/libstd_detect-a89b208fc07751e7.rlib --extern 'priv:unwind=/Users/girivs/src/rust-tantraos/build/aarch64-apple-darwin/stage1-std/aarch64-tantraos/debug/deps/libunwind-d7e29ab6eb738d82.rlib' -Z unstable-options -Csymbol-mangling-version=legacy '--check-cfg=cfg(feature,values(any()))' -Zunstable-options -Zmacro-backtrace -Csplit-debuginfo=off -Cprefer-dynamic -Zinline-mir -Zinline-mir-preserve-debug -Zmir_strip_debuginfo=locals-in-tiny-functions -Clink-args=-Wl,-z,origin '-Clink-args=-Wl,-rpath,$ORIGIN/../lib' -Alinker-messages -Cembed-bitcode=yes -Clto=off -Zunstable-options -Cforce-frame-pointers=non-leaf '-Zcrate-attr=doc(html_root_url="https://doc.rust-lang.org/nightly/")' -Z binary-dep-depinfo -L native=/Users/girivs/src/rust-tantraos/build/aarch64-apple-darwin/stage1-std/aarch64-tantraos/debug/build/compiler_builtins-d931ed850ff3b322/out --cfg backtrace_in_libstd --check-cfg 'cfg(netbsd10)' --check-cfg 'cfg(restricted_std)' --check-cfg 'cfg(backtrace_in_libstd)'`
warning: dropping unsupported crate type `dylib` for target `aarch64-tantraos`

warning: `std` (lib) generated 1 warning
   Compiling rustc-std-workspace-std v1.99.0 (/Users/girivs/src/rust-tantraos/library/rustc-std-workspace-std)
     Running `/Users/girivs/src/rust-tantraos/build/bootstrap/debug/rustc /Users/girivs/src/rust-tantraos/build/bootstrap/debug/rustc --crate-name rustc_std_workspace_std --edition=2024 library/rustc-std-workspace-std/lib.rs --error-format=json --json=diagnostic-rendered-ansi,artifacts,future-incompat --crate-type lib --emit=dep-info,metadata,link -C embed-bitcode=no -C codegen-units=16 -C debug-assertions=off --check-cfg 'cfg(docsrs,test)' --check-cfg 'cfg(feature, values())' -C metadata=b149b049b8a28f56 -C extra-filename=-e4b48791563dd996 --out-dir /Users/girivs/src/rust-tantraos/build/aarch64-apple-darwin/stage1-std/aarch64-tantraos/debug/deps --target aarch64-tantraos -C linker=rust-lld -L dependency=/Users/girivs/src/rust-tantraos/build/aarch64-apple-darwin/stage1-std/aarch64-tantraos/debug/deps -L dependency=/Users/girivs/src/rust-tantraos/build/aarch64-apple-darwin/stage1-std/debug/deps --extern std=/Users/girivs/src/rust-tantraos/build/aarch64-apple-darwin/stage1-std/aarch64-tantraos/debug/deps/libstd-7e5bfba75491c467.rlib -Csymbol-mangling-version=legacy '--check-cfg=cfg(feature,values(any()))' -Zunstable-options -Zmacro-backtrace -Csplit-debuginfo=off -Cprefer-dynamic -Zinline-mir -Zinline-mir-preserve-debug -Zmir_strip_debuginfo=locals-in-tiny-functions -Clink-args=-Wl,-z,origin '-Clink-args=-Wl,-rpath,$ORIGIN/../lib' -Alinker-messages -Cembed-bitcode=yes -Clto=off -Zunstable-options -Cforce-frame-pointers=non-leaf '-Zcrate-attr=doc(html_root_url="https://doc.rust-lang.org/nightly/")' -Z binary-dep-depinfo -L native=/Users/girivs/src/rust-tantraos/build/aarch64-apple-darwin/stage1-std/aarch64-tantraos/debug/build/compiler_builtins-d931ed850ff3b322/out`
   Compiling rustc-literal-escaper v0.0.5
   Compiling getopts v0.2.24
     Running `/Users/girivs/src/rust-tantraos/build/bootstrap/debug/rustc /Users/girivs/src/rust-tantraos/build/bootstrap/debug/rustc --crate-name rustc_literal_escaper --edition=2021 /Users/girivs/.cargo/registry/src/index.crates.io-1949cf8c6b5b557f/rustc-literal-escaper-0.0.5/src/lib.rs --error-format=json --json=diagnostic-rendered-ansi,artifacts,future-incompat --crate-type lib --emit=dep-info,metadata,link -C embed-bitcode=no -C codegen-units=16 -C debug-assertions=off --cfg 'feature="rustc-dep-of-std"' --check-cfg 'cfg(docsrs,test)' --check-cfg 'cfg(feature, values("rustc-dep-of-std"))' -C metadata=4acaaaf6fbfa8c0c -C extra-filename=-19a243086b7d5243 --out-dir /Users/girivs/src/rust-tantraos/build/aarch64-apple-darwin/stage1-std/aarch64-tantraos/debug/deps --target aarch64-tantraos -C linker=rust-lld -L dependency=/Users/girivs/src/rust-tantraos/build/aarch64-apple-darwin/stage1-std/aarch64-tantraos/debug/deps -L dependency=/Users/girivs/src/rust-tantraos/build/aarch64-apple-darwin/stage1-std/debug/deps --extern core=/Users/girivs/src/rust-tantraos/build/aarch64-apple-darwin/stage1-std/aarch64-tantraos/debug/deps/librustc_std_workspace_core-9d5fe40ab18429fa.rmeta --extern std=/Users/girivs/src/rust-tantraos/build/aarch64-apple-darwin/stage1-std/aarch64-tantraos/debug/deps/librustc_std_workspace_std-e4b48791563dd996.rmeta --cap-lints allow -Csymbol-mangling-version=legacy '--check-cfg=cfg(feature,values(any()))' -Zunstable-options -Zmacro-backtrace -Csplit-debuginfo=off -Cprefer-dynamic -Zinline-mir -Zinline-mir-preserve-debug -Zmir_strip_debuginfo=locals-in-tiny-functions -Clink-args=-Wl,-z,origin '-Clink-args=-Wl,-rpath,$ORIGIN/../lib' -Alinker-messages -Cembed-bitcode=yes -Clto=off -Zunstable-options -Cforce-frame-pointers=non-leaf '-Zcrate-attr=doc(html_root_url="https://doc.rust-lang.org/nightly/")' -Z binary-dep-depinfo -L native=/Users/girivs/src/rust-tantraos/build/aarch64-apple-darwin/stage1-std/aarch64-tantraos/debug/build/compiler_builtins-d931ed850ff3b322/out`
     Running `/Users/girivs/src/rust-tantraos/build/bootstrap/debug/rustc /Users/girivs/src/rust-tantraos/build/bootstrap/debug/rustc --crate-name getopts --edition=2021 /Users/girivs/.cargo/registry/src/index.crates.io-1949cf8c6b5b557f/getopts-0.2.24/src/lib.rs --error-format=json --json=diagnostic-rendered-ansi,artifacts,future-incompat --crate-type lib --emit=dep-info,metadata,link -C embed-bitcode=no -C codegen-units=16 -C debug-assertions=off --cfg 'feature="core"' --cfg 'feature="rustc-dep-of-std"' --cfg 'feature="std"' --check-cfg 'cfg(docsrs,test)' --check-cfg 'cfg(feature, values("core", "default", "rustc-dep-of-std", "std", "unicode"))' -C metadata=e97bac8fd1a9a0f8 -C extra-filename=-e6e3d533a6c4b7c5 --out-dir /Users/girivs/src/rust-tantraos/build/aarch64-apple-darwin/stage1-std/aarch64-tantraos/debug/deps --target aarch64-tantraos -C linker=rust-lld -L dependency=/Users/girivs/src/rust-tantraos/build/aarch64-apple-darwin/stage1-std/aarch64-tantraos/debug/deps -L dependency=/Users/girivs/src/rust-tantraos/build/aarch64-apple-darwin/stage1-std/debug/deps --extern core=/Users/girivs/src/rust-tantraos/build/aarch64-apple-darwin/stage1-std/aarch64-tantraos/debug/deps/librustc_std_workspace_core-9d5fe40ab18429fa.rmeta --extern std=/Users/girivs/src/rust-tantraos/build/aarch64-apple-darwin/stage1-std/aarch64-tantraos/debug/deps/librustc_std_workspace_std-e4b48791563dd996.rmeta --cap-lints allow -Csymbol-mangling-version=legacy '--check-cfg=cfg(feature,values(any()))' -Zunstable-options -Zmacro-backtrace -Csplit-debuginfo=off -Cprefer-dynamic -Zinline-mir -Zinline-mir-preserve-debug -Zmir_strip_debuginfo=locals-in-tiny-functions -Clink-args=-Wl,-z,origin '-Clink-args=-Wl,-rpath,$ORIGIN/../lib' -Alinker-messages -Cembed-bitcode=yes -Clto=off -Zunstable-options -Cforce-frame-pointers=non-leaf '-Zcrate-attr=doc(html_root_url="https://doc.rust-lang.org/nightly/")' -Z binary-dep-depinfo -L native=/Users/girivs/src/rust-tantraos/build/aarch64-apple-darwin/stage1-std/aarch64-tantraos/debug/build/compiler_builtins-d931ed850ff3b322/out`
   Compiling proc_macro v0.0.0 (/Users/girivs/src/rust-tantraos/library/proc_macro)
     Running `/Users/girivs/src/rust-tantraos/build/bootstrap/debug/rustc /Users/girivs/src/rust-tantraos/build/bootstrap/debug/rustc --crate-name proc_macro --edition=2024 library/proc_macro/src/lib.rs --error-format=json --json=diagnostic-rendered-ansi,artifacts,future-incompat --crate-type lib --emit=dep-info,metadata,link -C embed-bitcode=no -C codegen-units=16 -C debug-assertions=off --cfg 'feature="default"' --cfg 'feature="rustc-dep-of-std"' --check-cfg 'cfg(docsrs,test)' --check-cfg 'cfg(feature, values("default", "rustc-dep-of-std"))' -C metadata=76d742504f6a0974 -C extra-filename=-cff993ed86a2d2c4 --out-dir /Users/girivs/src/rust-tantraos/build/aarch64-apple-darwin/stage1-std/aarch64-tantraos/debug/deps --target aarch64-tantraos -C linker=rust-lld -L dependency=/Users/girivs/src/rust-tantraos/build/aarch64-apple-darwin/stage1-std/aarch64-tantraos/debug/deps -L dependency=/Users/girivs/src/rust-tantraos/build/aarch64-apple-darwin/stage1-std/debug/deps --extern core=/Users/girivs/src/rust-tantraos/build/aarch64-apple-darwin/stage1-std/aarch64-tantraos/debug/deps/libcore-c79bf7c8d33923f7.rmeta --extern rustc_literal_escaper=/Users/girivs/src/rust-tantraos/build/aarch64-apple-darwin/stage1-std/aarch64-tantraos/debug/deps/librustc_literal_escaper-19a243086b7d5243.rmeta --extern std=/Users/girivs/src/rust-tantraos/build/aarch64-apple-darwin/stage1-std/aarch64-tantraos/debug/deps/libstd-7e5bfba75491c467.rlib -Csymbol-mangling-version=legacy '--check-cfg=cfg(feature,values(any()))' -Zunstable-options -Zmacro-backtrace -Csplit-debuginfo=off -Cprefer-dynamic -Zinline-mir -Zinline-mir-preserve-debug -Zmir_strip_debuginfo=locals-in-tiny-functions -Clink-args=-Wl,-z,origin '-Clink-args=-Wl,-rpath,$ORIGIN/../lib' -Alinker-messages -Cembed-bitcode=yes -Clto=off -Zunstable-options -Cforce-frame-pointers=non-leaf '-Zcrate-attr=doc(html_root_url="https://doc.rust-lang.org/nightly/")' -Z binary-dep-depinfo -L native=/Users/girivs/src/rust-tantraos/build/aarch64-apple-darwin/stage1-std/aarch64-tantraos/debug/build/compiler_builtins-d931ed850ff3b322/out`
   Compiling test v0.0.0 (/Users/girivs/src/rust-tantraos/library/test)
     Running `/Users/girivs/src/rust-tantraos/build/bootstrap/debug/rustc /Users/girivs/src/rust-tantraos/build/bootstrap/debug/rustc --crate-name test --edition=2024 library/test/src/lib.rs --error-format=json --json=diagnostic-rendered-ansi,artifacts,future-incompat --crate-type lib --emit=dep-info,metadata,link -C embed-bitcode=no -C codegen-units=16 -C debug-assertions=off --check-cfg 'cfg(docsrs,test)' --check-cfg 'cfg(feature, values())' -C metadata=2a65078fa655cbb6 -C extra-filename=-9e0e4bdb0c35a4f5 --out-dir /Users/girivs/src/rust-tantraos/build/aarch64-apple-darwin/stage1-std/aarch64-tantraos/debug/deps --target aarch64-tantraos -C linker=rust-lld -L dependency=/Users/girivs/src/rust-tantraos/build/aarch64-apple-darwin/stage1-std/aarch64-tantraos/debug/deps -L dependency=/Users/girivs/src/rust-tantraos/build/aarch64-apple-darwin/stage1-std/debug/deps --extern core=/Users/girivs/src/rust-tantraos/build/aarch64-apple-darwin/stage1-std/aarch64-tantraos/debug/deps/libcore-c79bf7c8d33923f7.rmeta --extern 'priv:getopts=/Users/girivs/src/rust-tantraos/build/aarch64-apple-darwin/stage1-std/aarch64-tantraos/debug/deps/libgetopts-e6e3d533a6c4b7c5.rmeta' --extern 'priv:libc=/Users/girivs/src/rust-tantraos/build/aarch64-apple-darwin/stage1-std/aarch64-tantraos/debug/deps/liblibc-1222b4726416f144.rmeta' --extern std=/Users/girivs/src/rust-tantraos/build/aarch64-apple-darwin/stage1-std/aarch64-tantraos/debug/deps/libstd-7e5bfba75491c467.rlib -Z unstable-options -Csymbol-mangling-version=legacy '--check-cfg=cfg(feature,values(any()))' -Zunstable-options -Zmacro-backtrace -Csplit-debuginfo=off -Cprefer-dynamic -Zinline-mir -Zinline-mir-preserve-debug -Zmir_strip_debuginfo=locals-in-tiny-functions -Clink-args=-Wl,-z,origin '-Clink-args=-Wl,-rpath,$ORIGIN/../lib' -Alinker-messages -Cembed-bitcode=yes -Clto=off -Zunstable-options -Cforce-frame-pointers=non-leaf '-Zcrate-attr=doc(html_root_url="https://doc.rust-lang.org/nightly/")' -Z binary-dep-depinfo -L native=/Users/girivs/src/rust-tantraos/build/aarch64-apple-darwin/stage1-std/aarch64-tantraos/debug/build/compiler_builtins-d931ed850ff3b322/out`
   Compiling sysroot v0.0.0 (/Users/girivs/src/rust-tantraos/library/sysroot)
     Running `/Users/girivs/src/rust-tantraos/build/bootstrap/debug/rustc /Users/girivs/src/rust-tantraos/build/bootstrap/debug/rustc --crate-name sysroot --edition=2024 library/sysroot/src/lib.rs --error-format=json --json=diagnostic-rendered-ansi,artifacts,future-incompat --crate-type lib --emit=dep-info,metadata,link -C embed-bitcode=no -C codegen-units=16 -C debug-assertions=off --cfg 'feature="backtrace"' --cfg 'feature="compiler-builtins-c"' --cfg 'feature="default"' --cfg 'feature="panic-unwind"' --cfg 'feature="std_detect_dlsym_getauxval"' --cfg 'feature="std_detect_file_io"' --check-cfg 'cfg(docsrs,test)' --check-cfg 'cfg(feature, values("backtrace", "backtrace-trace-only", "compiler-builtins-c", "compiler-builtins-mem", "compiler-builtins-no-f16-f128", "debug_refcell", "default", "llvm-libunwind", "optimize_for_size", "panic-unwind", "panic_immediate_abort", "profiler", "std_detect_dlsym_getauxval", "std_detect_file_io", "system-llvm-libunwind", "windows_raw_dylib"))' -C metadata=2ac405c38259670b -C extra-filename=-015f15a7e35150d5 --out-dir /Users/girivs/src/rust-tantraos/build/aarch64-apple-darwin/stage1-std/aarch64-tantraos/debug/deps --target aarch64-tantraos -C linker=rust-lld -L dependency=/Users/girivs/src/rust-tantraos/build/aarch64-apple-darwin/stage1-std/aarch64-tantraos/debug/deps -L dependency=/Users/girivs/src/rust-tantraos/build/aarch64-apple-darwin/stage1-std/debug/deps --extern proc_macro=/Users/girivs/src/rust-tantraos/build/aarch64-apple-darwin/stage1-std/aarch64-tantraos/debug/deps/libproc_macro-cff993ed86a2d2c4.rmeta --extern std=/Users/girivs/src/rust-tantraos/build/aarch64-apple-darwin/stage1-std/aarch64-tantraos/debug/deps/libstd-7e5bfba75491c467.rlib --extern test=/Users/girivs/src/rust-tantraos/build/aarch64-apple-darwin/stage1-std/aarch64-tantraos/debug/deps/libtest-9e0e4bdb0c35a4f5.rmeta -Csymbol-mangling-version=legacy '--check-cfg=cfg(feature,values(any()))' -Zunstable-options -Zmacro-backtrace -Csplit-debuginfo=off -Cprefer-dynamic -Zinline-mir -Zinline-mir-preserve-debug -Zmir_strip_debuginfo=locals-in-tiny-functions -Clink-args=-Wl,-z,origin '-Clink-args=-Wl,-rpath,$ORIGIN/../lib' -Alinker-messages -Cembed-bitcode=yes -Clto=off -Zunstable-options -Cforce-frame-pointers=non-leaf '-Zcrate-attr=doc(html_root_url="https://doc.rust-lang.org/nightly/")' -Z binary-dep-depinfo -L native=/Users/girivs/src/rust-tantraos/build/aarch64-apple-darwin/stage1-std/aarch64-tantraos/debug/build/compiler_builtins-d931ed850ff3b322/out`
    Finished `dev` profile [unoptimized] target(s) in 1m 12s
using sysroot /Users/girivs/src/rust-tantraos/build/aarch64-apple-darwin/stage0-sysroot
running: "/Users/girivs/src/rust-tantraos/build/aarch64-apple-darwin/ci-llvm/bin/llvm-config" "--libdir" (failure_mode=Exit) (created at src/bootstrap/src/core/build_steps/tool.rs:191:21, executed at src/bootstrap/src/core/build_steps/tool.rs:191:21)
Building stage1 rustdoc_tool_binary (stage0 -> stage1, aarch64-apple-darwin)
running: cd "/Users/girivs/src/rust-tantraos" && env -u MAKEFLAGS -u MFLAGS AR_aarch64_apple_darwin="ar" CARGO_BUILD_BUILD_DIR="/Users/girivs/src/rust-tantraos/build/aarch64-apple-darwin/stage1-tools" CARGO_INCREMENTAL="0" CARGO_LOG="cargo::core::compiler::fingerprint=info" CARGO_PROFILE_DEV_CODEGEN_UNITS="16" CARGO_PROFILE_DEV_DEBUG="0" CARGO_PROFILE_DEV_DEBUG_ASSERTIONS="false" CARGO_PROFILE_DEV_OVERFLOW_CHECKS="false" CARGO_PROFILE_DEV_STRIP="false" CARGO_TARGET_DIR="/Users/girivs/src/rust-tantraos/build/aarch64-apple-darwin/stage1-tools" CC_aarch64_apple_darwin="cc" CFG_COMPILER_BUILD_TRIPLE="aarch64-apple-darwin" CFG_COMPILER_HOST_TRIPLE="aarch64-apple-darwin" CFG_RELEASE="1.92.0-nightly" CFG_RELEASE_CHANNEL="nightly" CFG_RELEASE_NUM="1.92.0" CFG_VERSION="1.92.0-nightly (36e56c065 2025-09-17)" CFG_VER_DATE="2025-09-17" CFG_VER_HASH="36e56c0655bf99db6a4a41eaa15cdd8ef0f43810" CFLAGS_aarch64_apple_darwin="" CXXFLAGS_aarch64_apple_darwin="-stdlib=libc++" CXX_aarch64_apple_darwin="c++" DOC_RUST_LANG_ORG_CHANNEL="https://doc.rust-lang.org/nightly" FORCE_ON_BROKEN_PIPE_KILL="-Zon-broken-pipe=kill" JEMALLOC_SYS_WITH_LG_PAGE="16" LIBC_CHECK_CFG="1" LZMA_API_STATIC="1" RANLIB_aarch64_apple_darwin="ar s" REAL_LIBRARY_PATH_VAR="DYLD_LIBRARY_PATH" RUSTBUILD_NATIVE_DIR="/Users/girivs/src/rust-tantraos/build/aarch64-apple-darwin/native" RUSTC="/Users/girivs/src/rust-tantraos/build/bootstrap/debug/rustc" RUSTC_BOOTSTRAP="1" RUSTC_BREAK_ON_ICE="1" RUSTC_ERROR_METADATA_DST="/Users/girivs/src/rust-tantraos/build/tmp/extended-error-metadata" RUSTC_HOST_FLAGS="--check-cfg=cfg(bootstrap) --cfg=bootstrap" RUSTC_INSTALL_BINDIR="bin" RUSTC_LIBDIR="/Users/girivs/src/rust-tantraos/build/aarch64-apple-darwin/stage0/lib" RUSTC_LINK_STD_INTO_RUSTC_DRIVER="1" RUSTC_LINT_FLAGS="-Wrust_2018_idioms -Wunused_lifetimes -Dwarnings" RUSTC_REAL="/Users/girivs/src/rust-tantraos/build/aarch64-apple-darwin/stage0/bin/rustc" RUSTC_SNAPSHOT="/Users/girivs/src/rust-tantraos/build/aarch64-apple-darwin/stage0/bin/rustc" RUSTC_SNAPSHOT_LIBDIR="/Users/girivs/src/rust-tantraos/build/aarch64-apple-darwin/stage0/lib" RUSTC_STAGE="0" RUSTC_SYSROOT="/Users/girivs/src/rust-tantraos/build/aarch64-apple-darwin/stage0-sysroot" RUSTC_TLS_MODEL_INITIAL_EXEC="1" RUSTC_VERBOSE="1" RUSTC_WRAPPER="/Users/girivs/src/rust-tantraos/build/bootstrap/debug/rustc" RUSTDOC="/Users/girivs/src/rust-tantraos/build/bootstrap/debug/rustdoc" RUSTDOCFLAGS="--cfg=bootstrap --cfg=windows_raw_dylib -Csymbol-mangling-version=v0 -Zunstable-options --check-cfg=cfg(bootstrap) --check-cfg=cfg(llvm_enzyme) --check-cfg=cfg(rust_analyzer) -Dwarnings -Wrustdoc::invalid_codeblock_attributes --crate-version 1.92.0-nightly\t(36e56c065\t2025-09-17)" RUSTDOC_REAL="/path/to/nowhere/rustdoc/not/required" RUSTFLAGS="--cfg=bootstrap --cfg=windows_raw_dylib -Csymbol-mangling-version=v0 -Zunstable-options --check-cfg=cfg(bootstrap) --check-cfg=cfg(llvm_enzyme) --check-cfg=cfg(rust_analyzer) -Zmacro-backtrace -Csplit-debuginfo=unpacked -Clink-arg=-L/Users/girivs/src/rust-tantraos/build/aarch64-apple-darwin/ci-llvm/lib\n -Zosx-rpath-install-name -Clink-args=-Wl,-rpath,@loader_path/../lib -Alinker-messages -Zunstable-options" RUST_TEST_THREADS="10" SYSROOT="/Users/girivs/src/rust-tantraos/build/aarch64-apple-darwin/stage0-sysroot" __CARGO_DEFAULT_LIB_METADATA="bootstraptool-rustc1.92.0" "/Users/girivs/src/rust-tantraos/build/aarch64-apple-darwin/stage0/bin/cargo" "build" "--target" "aarch64-apple-darwin" "-Zbinary-dep-depinfo" "-j" "10" "-Zroot-dir=/Users/girivs/src/rust-tantraos" "-v" "--manifest-path" "/Users/girivs/src/rust-tantraos/src/tools/rustdoc/Cargo.toml" "--message-format" "json-render-diagnostics" (failure_mode=Exit)
   0.127037375s  INFO prepare_target{force=false package_id=rustdoc-tool v0.0.0 (/Users/girivs/src/rust-tantraos/src/tools/rustdoc) target="rustdoc_tool_binary"}: cargo::core::compiler::fingerprint: stale: changed "/Users/girivs/src/rust-tantraos/build/aarch64-apple-darwin/stage0-sysroot/lib/rustlib/aarch64-apple-darwin/lib/librustc_privacy-50e1ffb75a78c5c5.rmeta"
   0.127051542s  INFO prepare_target{force=false package_id=rustdoc-tool v0.0.0 (/Users/girivs/src/rust-tantraos/src/tools/rustdoc) target="rustdoc_tool_binary"}: cargo::core::compiler::fingerprint:           (vs) "/Users/girivs/src/rust-tantraos/build/aarch64-apple-darwin/stage1-tools/aarch64-apple-darwin/debug/.fingerprint/rustdoc-20e454f9d2fda002/dep-lib-rustdoc"
   0.127053708s  INFO prepare_target{force=false package_id=rustdoc-tool v0.0.0 (/Users/girivs/src/rust-tantraos/src/tools/rustdoc) target="rustdoc_tool_binary"}: cargo::core::compiler::fingerprint:                FileTime { seconds: 1758073200, nanos: 624558255 } < FileTime { seconds: 1758073496, nanos: 861725928 }
   0.127384208s  INFO prepare_target{force=false package_id=rustdoc-tool v0.0.0 (/Users/girivs/src/rust-tantraos/src/tools/rustdoc) target="rustdoc_tool_binary"}: cargo::core::compiler::fingerprint: fingerprint dirty for rustdoc-tool v0.0.0 (/Users/girivs/src/rust-tantraos/src/tools/rustdoc)/Build/TargetInner { name: "rustdoc_tool_binary", doc: true, ..: with_path("/Users/girivs/src/rust-tantraos/src/tools/rustdoc/main.rs", Edition2024) }
   0.127390750s  INFO prepare_target{force=false package_id=rustdoc-tool v0.0.0 (/Users/girivs/src/rust-tantraos/src/tools/rustdoc) target="rustdoc_tool_binary"}: cargo::core::compiler::fingerprint:     dirty: FsStatusOutdated(StaleDepFingerprint { name: "rustdoc" })
   0.127818292s  INFO prepare_target{force=false package_id=rustdoc v0.0.0 (/Users/girivs/src/rust-tantraos/src/librustdoc) target="rustdoc"}: cargo::core::compiler::fingerprint: fingerprint dirty for rustdoc v0.0.0 (/Users/girivs/src/rust-tantraos/src/librustdoc)/Build/TargetInner { name_inferred: true, ..: lib_target("rustdoc", ["lib"], "/Users/girivs/src/rust-tantraos/src/librustdoc/lib.rs", Edition2024) }
   0.127826583s  INFO prepare_target{force=false package_id=rustdoc v0.0.0 (/Users/girivs/src/rust-tantraos/src/librustdoc) target="rustdoc"}: cargo::core::compiler::fingerprint:     dirty: FsStatusOutdated(StaleItem(ChangedFile { reference: "/Users/girivs/src/rust-tantraos/build/aarch64-apple-darwin/stage1-tools/aarch64-apple-darwin/debug/.fingerprint/rustdoc-20e454f9d2fda002/dep-lib-rustdoc", reference_mtime: FileTime { seconds: 1758073200, nanos: 624558255 }, stale: "/Users/girivs/src/rust-tantraos/build/aarch64-apple-darwin/stage0-sysroot/lib/rustlib/aarch64-apple-darwin/lib/librustc_privacy-50e1ffb75a78c5c5.rmeta", stale_mtime: FileTime { seconds: 1758073496, nanos: 861725928 } }))
       Fresh unicode-ident v1.0.18
       Fresh version_check v0.9.5
       Fresh shlex v1.3.0
       Fresh once_cell v1.21.3
       Fresh proc-macro2 v1.0.101
       Fresh cc v1.2.16
       Fresh autocfg v1.5.0
       Fresh quote v1.0.40
       Fresh typenum v1.18.0
       Fresh libc v0.2.174
       Fresh aho-corasick v1.1.3
       Fresh syn v2.0.106
       Fresh generic-array v0.14.7
       Fresh tracing-core v0.1.34
       Fresh scopeguard v1.2.0
       Fresh regex-syntax v0.8.5
       Fresh regex-syntax v0.6.29
       Fresh smallvec v1.15.1
       Fresh cpufeatures v0.2.17
       Fresh serde_derive v1.0.219
       Fresh block-buffer v0.10.4
       Fresh crypto-common v0.1.6
       Fresh regex-automata v0.4.9
       Fresh lock_api v0.4.13
       Fresh parking_lot_core v0.9.11
       Fresh tracing-attributes v0.1.30
       Fresh regex-automata v0.1.10
       Fresh digest v0.10.7
       Fresh memchr v2.7.5
       Fresh lazy_static v1.5.0
       Fresh overload v0.1.1
       Fresh pin-project-lite v0.2.16
       Fresh winnow v0.7.12
       Fresh cfg-if v1.0.1
       Fresh sha2 v0.10.9
       Fresh tracing v0.1.41
       Fresh askama_parser v0.14.0
       Fresh sharded-slab v0.1.7
       Fresh nu-ansi-term v0.46.0
       Fresh regex v1.11.1
       Fresh matchers v0.1.0
       Fresh serde v1.0.219
       Fresh parking_lot v0.12.4
       Fresh psm v0.1.26
       Fresh errno v0.3.13
       Fresh basic-toml v0.1.10
       Fresh thread_local v1.1.9
       Fresh itoa v1.0.15
       Fresh bitflags v2.9.3
       Fresh log v0.4.27
       Fresh rustix v1.0.8
       Fresh tracing-log v0.2.0
       Fresh tracing-subscriber v0.3.18
       Fresh stacker v0.1.21
       Fresh getrandom v0.3.3
       Fresh num_cpus v1.17.0
       Fresh equivalent v1.0.2
       Fresh askama_derive v0.14.0
       Fresh ryu v1.0.20
       Fresh rustc-hash v2.1.1
       Fresh nu-ansi-term v0.50.1
       Fresh fastrand v2.3.0
       Fresh either v1.15.0
       Fresh hashbrown v0.15.5
       Fresh stringdex v0.0.1-alpha9
       Fresh threadpool v1.8.1
       Fresh tempfile v3.20.0
       Fresh itertools v0.12.1
       Fresh tracing-tree v0.3.1
       Fresh indexmap v2.10.0
       Fresh rustdoc-json-types v0.1.0 (/Users/girivs/src/rust-tantraos/src/rustdoc-json-types)
       Fresh askama v0.14.0
       Fresh serde_json v1.0.142
       Fresh unicode-segmentation v1.12.0
       Fresh pulldown-cmark-escape v0.11.0
       Fresh base64 v0.21.7
       Fresh arrayvec v0.7.6
       Fresh minifier v0.3.6
       Dirty rustdoc v0.0.0 (/Users/girivs/src/rust-tantraos/src/librustdoc): the file `build/aarch64-apple-darwin/stage0-sysroot/lib/rustlib/aarch64-apple-darwin/lib/librustc_privacy-50e1ffb75a78c5c5.rmeta` has changed (1758073496.861725928s, 4m 56s after last build at 1758073200.624558255s)
   Compiling rustdoc v0.0.0 (/Users/girivs/src/rust-tantraos/src/librustdoc)
     Running `/Users/girivs/src/rust-tantraos/build/bootstrap/debug/rustc /Users/girivs/src/rust-tantraos/build/bootstrap/debug/rustc --crate-name rustdoc --edition=2024 src/librustdoc/lib.rs --error-format=json --json=diagnostic-rendered-ansi,artifacts,future-incompat --crate-type lib --emit=dep-info,metadata,link -C embed-bitcode=no -C codegen-units=16 -C debug-assertions=off --check-cfg 'cfg(docsrs,test)' --check-cfg 'cfg(feature, values("jemalloc"))' -C metadata=a34bcd28d6370c38 -C extra-filename=-20e454f9d2fda002 --out-dir /Users/girivs/src/rust-tantraos/build/aarch64-apple-darwin/stage1-tools/aarch64-apple-darwin/debug/deps --target aarch64-apple-darwin -L dependency=/Users/girivs/src/rust-tantraos/build/aarch64-apple-darwin/stage1-tools/aarch64-apple-darwin/debug/deps -L dependency=/Users/girivs/src/rust-tantraos/build/aarch64-apple-darwin/stage1-tools/debug/deps --extern arrayvec=/Users/girivs/src/rust-tantraos/build/aarch64-apple-darwin/stage1-tools/aarch64-apple-darwin/debug/deps/libarrayvec-92dde616ac382829.rmeta --extern askama=/Users/girivs/src/rust-tantraos/build/aarch64-apple-darwin/stage1-tools/aarch64-apple-darwin/debug/deps/libaskama-2e819a157847ddc7.rmeta --extern base64=/Users/girivs/src/rust-tantraos/build/aarch64-apple-darwin/stage1-tools/aarch64-apple-darwin/debug/deps/libbase64-920f6475de56c080.rmeta --extern indexmap=/Users/girivs/src/rust-tantraos/build/aarch64-apple-darwin/stage1-tools/aarch64-apple-darwin/debug/deps/libindexmap-864421db7e9a3034.rmeta --extern itertools=/Users/girivs/src/rust-tantraos/build/aarch64-apple-darwin/stage1-tools/aarch64-apple-darwin/debug/deps/libitertools-2ab56e112a2596f3.rmeta --extern minifier=/Users/girivs/src/rust-tantraos/build/aarch64-apple-darwin/stage1-tools/aarch64-apple-darwin/debug/deps/libminifier-cdc6e4ef793fe467.rmeta --extern pulldown_cmark_escape=/Users/girivs/src/rust-tantraos/build/aarch64-apple-darwin/stage1-tools/aarch64-apple-darwin/debug/deps/libpulldown_cmark_escape-85154d8c3205ecd1.rmeta --extern regex=/Users/girivs/src/rust-tantraos/build/aarch64-apple-darwin/stage1-tools/aarch64-apple-darwin/debug/deps/libregex-ed94ba2f20244d7d.rmeta --extern rustdoc_json_types=/Users/girivs/src/rust-tantraos/build/aarch64-apple-darwin/stage1-tools/aarch64-apple-darwin/debug/deps/librustdoc_json_types-5ab2d6c1a189d9be.rmeta --extern serde=/Users/girivs/src/rust-tantraos/build/aarch64-apple-darwin/stage1-tools/aarch64-apple-darwin/debug/deps/libserde-e7a2ece25428f0a0.rmeta --extern serde_json=/Users/girivs/src/rust-tantraos/build/aarch64-apple-darwin/stage1-tools/aarch64-apple-darwin/debug/deps/libserde_json-963d3053fc989912.rmeta --extern smallvec=/Users/girivs/src/rust-tantraos/build/aarch64-apple-darwin/stage1-tools/aarch64-apple-darwin/debug/deps/libsmallvec-efbeeec28e6ecf26.rmeta --extern stringdex=/Users/girivs/src/rust-tantraos/build/aarch64-apple-darwin/stage1-tools/aarch64-apple-darwin/debug/deps/libstringdex-bd487ac5fb7df933.rmeta --extern tempfile=/Users/girivs/src/rust-tantraos/build/aarch64-apple-darwin/stage1-tools/aarch64-apple-darwin/debug/deps/libtempfile-dfba1391e88ddc1a.rmeta --extern threadpool=/Users/girivs/src/rust-tantraos/build/aarch64-apple-darwin/stage1-tools/aarch64-apple-darwin/debug/deps/libthreadpool-cbc5c806613d261b.rmeta --extern tracing=/Users/girivs/src/rust-tantraos/build/aarch64-apple-darwin/stage1-tools/aarch64-apple-darwin/debug/deps/libtracing-8492326ec9eeb047.rmeta --extern tracing_subscriber=/Users/girivs/src/rust-tantraos/build/aarch64-apple-darwin/stage1-tools/aarch64-apple-darwin/debug/deps/libtracing_subscriber-21d9b9580bd57b10.rmeta --extern tracing_tree=/Users/girivs/src/rust-tantraos/build/aarch64-apple-darwin/stage1-tools/aarch64-apple-darwin/debug/deps/libtracing_tree-68e833d8bf8053c4.rmeta --extern unicode_segmentation=/Users/girivs/src/rust-tantraos/build/aarch64-apple-darwin/stage1-tools/aarch64-apple-darwin/debug/deps/libunicode_segmentation-19082fba912dfbbe.rmeta --cfg=bootstrap --cfg=windows_raw_dylib -Csymbol-mangling-version=v0 -Zunstable-options '--check-cfg=cfg(bootstrap)' '--check-cfg=cfg(llvm_enzyme)' '--check-cfg=cfg(rust_analyzer)' -Zmacro-backtrace -Csplit-debuginfo=unpacked -Clink-arg=-L/Users/girivs/src/rust-tantraos/build/aarch64-apple-darwin/ci-llvm/lib -Zosx-rpath-install-name '-Clink-args=-Wl,-rpath,@loader_path/../lib' -Alinker-messages -Zunstable-options -Z binary-dep-depinfo -L native=/Users/girivs/src/rust-tantraos/build/aarch64-apple-darwin/stage1-tools/aarch64-apple-darwin/debug/build/psm-a3585408c0eb6a88/out`
       Dirty rustdoc-tool v0.0.0 (/Users/girivs/src/rust-tantraos/src/tools/rustdoc): the dependency rustdoc was rebuilt
   Compiling rustdoc-tool v0.0.0 (/Users/girivs/src/rust-tantraos/src/tools/rustdoc)
     Running `/Users/girivs/src/rust-tantraos/build/bootstrap/debug/rustc /Users/girivs/src/rust-tantraos/build/bootstrap/debug/rustc --crate-name rustdoc_tool_binary --edition=2024 src/tools/rustdoc/main.rs --error-format=json --json=diagnostic-rendered-ansi,artifacts,future-incompat --crate-type bin --emit=dep-info,link -C embed-bitcode=no -C codegen-units=16 -C debug-assertions=off --check-cfg 'cfg(docsrs,test)' --check-cfg 'cfg(feature, values("jemalloc"))' -C metadata=a74f0141e304fe1d -C extra-filename=-72c87eb5d05912b6 --out-dir /Users/girivs/src/rust-tantraos/build/aarch64-apple-darwin/stage1-tools/aarch64-apple-darwin/debug/deps --target aarch64-apple-darwin -L dependency=/Users/girivs/src/rust-tantraos/build/aarch64-apple-darwin/stage1-tools/aarch64-apple-darwin/debug/deps -L dependency=/Users/girivs/src/rust-tantraos/build/aarch64-apple-darwin/stage1-tools/debug/deps --extern rustdoc=/Users/girivs/src/rust-tantraos/build/aarch64-apple-darwin/stage1-tools/aarch64-apple-darwin/debug/deps/librustdoc-20e454f9d2fda002.rlib --cfg=bootstrap --cfg=windows_raw_dylib -Csymbol-mangling-version=v0 -Zunstable-options '--check-cfg=cfg(bootstrap)' '--check-cfg=cfg(llvm_enzyme)' '--check-cfg=cfg(rust_analyzer)' -Zmacro-backtrace -Csplit-debuginfo=unpacked -Clink-arg=-L/Users/girivs/src/rust-tantraos/build/aarch64-apple-darwin/ci-llvm/lib -Zosx-rpath-install-name '-Clink-args=-Wl,-rpath,@loader_path/../lib' -Alinker-messages -Zunstable-options -Z binary-dep-depinfo -L native=/Users/girivs/src/rust-tantraos/build/aarch64-apple-darwin/stage1-tools/aarch64-apple-darwin/debug/build/psm-a3585408c0eb6a88/out`
    Finished `dev` profile [unoptimized] target(s) in 5.04s
WARNING: The `change-id` is missing in the `bootstrap.toml`. This means that you will not be able to track the major changes made to the bootstrap configurations.
NOTE: to silence this warning, add `change-id = 146435` or `change-id = "ignore"` at the top of `bootstrap.toml`
NOTE: this message was printed twice to make it more likely to be seen
Build completed successfully in 0:02:50
